authored_selector	emitted_metric	source_family	source_type	source_labels	operator_owner	entity_identity	signal_role	observation_population	cross_family_relationship	unit_algebra	label_roles_and_optionality	availability_gate	evidence_and_uncertainty	disposition	destination	source_path
http_request_duration_highr_seconds_bucket	http_request_duration_highr_seconds_bucket	http_request_duration_highr_seconds	histogram	le	vLLM/HTTP Service	<global>	latency	Latency with many buckets but no API specific labels. Made for more accurate percentile calculations.	histogram bucket component; same observation population as the family bucket/quantile, count, and sum components	raw histogram -> incremental -> observations/s; counted/measured object: Latency with many buckets but no API specific labels. Made for more accurate percentile calculations.	identity=<global>; remaining=le retained as source metadata or intentionally aggregated by this chart; label availability follows exporter configuration; no optional label is used as instance identity unless the chart route requires it	HTTP server instrumentation	source-derived synthetic shape/routing proof; does not prove live enablement, values, cadence, or cardinality	chart	vLLM/HTTP Service / High-Resolution HTTP Request Duration [request_duration; observations/s; incremental]	vllm-project/vllm @ dc818c198d3ff50a16f38eba567da006478239c8; vllm/v1/metrics/{loggers,perf}.py
http_request_duration_highr_seconds_count	http_request_duration_highr_seconds_count	http_request_duration_highr_seconds	histogram	le	vLLM/HTTP Service	<global>	latency	Latency with many buckets but no API specific labels. Made for more accurate percentile calculations.	histogram count component; same observation population as the family bucket/quantile, count, and sum components	raw histogram -> incremental -> requests/s; counted/measured object: Latency with many buckets but no API specific labels. Made for more accurate percentile calculations.	identity=<global>; remaining=le retained as source metadata or intentionally aggregated by this chart; label availability follows exporter configuration; no optional label is used as instance identity unless the chart route requires it	HTTP server instrumentation	source-derived synthetic shape/routing proof; does not prove live enablement, values, cadence, or cardinality	chart	vLLM/HTTP Service / HTTP Request Measurements [request_measurements; requests/s; incremental]	vllm-project/vllm @ dc818c198d3ff50a16f38eba567da006478239c8; vllm/v1/metrics/{loggers,perf}.py
http_request_duration_highr_seconds_sum	http_request_duration_highr_seconds_sum	http_request_duration_highr_seconds	histogram	le	vLLM/HTTP Service	<global>	latency	Latency with many buckets but no API specific labels. Made for more accurate percentile calculations.	histogram sum component; same observation population as the family bucket/quantile, count, and sum components	raw histogram -> incremental -> in-flight; counted/measured object: Latency with many buckets but no API specific labels. Made for more accurate percentile calculations.	identity=<global>; remaining=le retained as source metadata or intentionally aggregated by this chart; label availability follows exporter configuration; no optional label is used as instance identity unless the chart route requires it	HTTP server instrumentation	source-derived synthetic shape/routing proof; does not prove live enablement, values, cadence, or cardinality	chart	vLLM/HTTP Service / HTTP Request Concurrency [request_concurrency; in-flight; incremental]	vllm-project/vllm @ dc818c198d3ff50a16f38eba567da006478239c8; vllm/v1/metrics/{loggers,perf}.py
http_request_duration_highr_seconds_created	http_request_duration_highr_seconds_created	http_request_duration_highr_seconds_created	gauge		<excluded>	<none>	latency	Latency with many buckets but no API specific labels. Made for more accurate percentile calculations.	generated registration-timestamp companion; excluded from operational charts	raw gauge; no rendered unit because job-excluded	source labels=<none>; no chart identity/dimension role	HTTP server instrumentation	source-derived synthetic shape/routing proof; exclusion reason is runtime-validated	job-excluded	recommended job exclusion; lost question documented in OPERATOR-MODEL.md	vllm-project/vllm @ dc818c198d3ff50a16f38eba567da006478239c8; vllm/v1/metrics/{loggers,perf}.py
http_request_duration_seconds_bucket	http_request_duration_seconds_bucket	http_request_duration_seconds	histogram	handler,le,method	vLLM/HTTP Endpoints	handler,method	latency	Latency with only few buckets by handler. Made to be only used if aggregation by handler is important.	histogram bucket component; same observation population as the family bucket/quantile, count, and sum components	raw histogram -> incremental -> observations/s; counted/measured object: Latency with only few buckets by handler. Made to be only used if aggregation by handler is important.	identity=handler,method; remaining=le retained as source metadata or intentionally aggregated by this chart; label availability follows exporter configuration; no optional label is used as instance identity unless the chart route requires it	HTTP server instrumentation	source-derived synthetic shape/routing proof; does not prove live enablement, values, cadence, or cardinality	chart	vLLM/HTTP Endpoints / HTTP Request Duration [request_duration; observations/s; incremental]	vllm-project/vllm @ dc818c198d3ff50a16f38eba567da006478239c8; vllm/v1/metrics/{loggers,perf}.py
http_request_duration_seconds_count	http_request_duration_seconds_count	http_request_duration_seconds	histogram	handler,le,method	vLLM/HTTP Endpoints	handler,method	latency	Latency with only few buckets by handler. Made to be only used if aggregation by handler is important.	histogram count component; same observation population as the family bucket/quantile, count, and sum components	raw histogram -> incremental -> requests/s; counted/measured object: Latency with only few buckets by handler. Made to be only used if aggregation by handler is important.	identity=handler,method; remaining=le retained as source metadata or intentionally aggregated by this chart; label availability follows exporter configuration; no optional label is used as instance identity unless the chart route requires it	HTTP server instrumentation	source-derived synthetic shape/routing proof; does not prove live enablement, values, cadence, or cardinality	chart	vLLM/HTTP Endpoints / HTTP Request Measurements [request_measurements; requests/s; incremental]	vllm-project/vllm @ dc818c198d3ff50a16f38eba567da006478239c8; vllm/v1/metrics/{loggers,perf}.py
http_request_duration_seconds_sum	http_request_duration_seconds_sum	http_request_duration_seconds	histogram	handler,le,method	vLLM/HTTP Endpoints	handler,method	latency	Latency with only few buckets by handler. Made to be only used if aggregation by handler is important.	histogram sum component; same observation population as the family bucket/quantile, count, and sum components	raw histogram -> incremental -> in-flight; counted/measured object: Latency with only few buckets by handler. Made to be only used if aggregation by handler is important.	identity=handler,method; remaining=le retained as source metadata or intentionally aggregated by this chart; label availability follows exporter configuration; no optional label is used as instance identity unless the chart route requires it	HTTP server instrumentation	source-derived synthetic shape/routing proof; does not prove live enablement, values, cadence, or cardinality	chart	vLLM/HTTP Endpoints / HTTP Request Concurrency [request_concurrency; in-flight; incremental]	vllm-project/vllm @ dc818c198d3ff50a16f38eba567da006478239c8; vllm/v1/metrics/{loggers,perf}.py
http_request_duration_seconds_created	http_request_duration_seconds_created	http_request_duration_seconds_created	gauge	handler,method	<excluded>	<none>	latency	Latency with only few buckets by handler. Made to be only used if aggregation by handler is important.	generated registration-timestamp companion; excluded from operational charts	raw gauge; no rendered unit because job-excluded	source labels=handler,method; no chart identity/dimension role	HTTP server instrumentation	source-derived synthetic shape/routing proof; exclusion reason is runtime-validated	job-excluded	recommended job exclusion; lost question documented in OPERATOR-MODEL.md	vllm-project/vllm @ dc818c198d3ff50a16f38eba567da006478239c8; vllm/v1/metrics/{loggers,perf}.py
http_request_size_bytes	http_request_size_bytes,http_request_size_bytes_count,http_request_size_bytes_sum	http_request_size_bytes	summary	handler	<excluded>	<none>	workload/outcome	Content length of incoming requests by handler. Only value of header is respected. Otherwise ignored. No percentile calculated.	summary quantile component; same observation population as the family bucket/quantile, count, and sum components	raw summary; no rendered unit because writer-ineligible	source labels=handler; no chart identity/dimension role	HTTP server instrumentation	source-derived synthetic shape/routing proof; exclusion reason is runtime-validated	writer-ineligible	collector writer exclusion; metadata-only or structurally unsupported source shape	vllm-project/vllm @ dc818c198d3ff50a16f38eba567da006478239c8; vllm/v1/metrics/{loggers,perf}.py
http_request_size_bytes_created	http_request_size_bytes_created	http_request_size_bytes_created	gauge	handler	<excluded>	<none>	workload/outcome	Content length of incoming requests by handler. Only value of header is respected. Otherwise ignored. No percentile calculated.	generated registration-timestamp companion; excluded from operational charts	raw gauge; no rendered unit because job-excluded	source labels=handler; no chart identity/dimension role	HTTP server instrumentation	source-derived synthetic shape/routing proof; exclusion reason is runtime-validated	job-excluded	recommended job exclusion; lost question documented in OPERATOR-MODEL.md	vllm-project/vllm @ dc818c198d3ff50a16f38eba567da006478239c8; vllm/v1/metrics/{loggers,perf}.py
http_requests_created	http_requests_created	http_requests_created	gauge	handler,method,status	<excluded>	<none>	state/configuration	Total number of requests by method, status and handler.	generated registration-timestamp companion; excluded from operational charts	raw gauge; no rendered unit because job-excluded	source labels=handler,method,status; no chart identity/dimension role	HTTP server instrumentation	source-derived synthetic shape/routing proof; exclusion reason is runtime-validated	job-excluded	recommended job exclusion; lost question documented in OPERATOR-MODEL.md	vllm-project/vllm @ dc818c198d3ff50a16f38eba567da006478239c8; vllm/v1/metrics/{loggers,perf}.py
http_requests_total	http_requests_total	http_requests_total	counter	handler,method,status	vLLM/HTTP Endpoints	handler,method	state/configuration	Total number of requests by method, status and handler.	independent source family unless a source-defined relationship is stated in OPERATOR-MODEL.md	raw counter -> incremental -> requests/s; counted/measured object: Total number of requests by method, status and handler.	identity=handler,method; dimension=status; label availability follows exporter configuration; no optional label is used as instance identity unless the chart route requires it	HTTP server instrumentation	source-derived synthetic shape/routing proof; does not prove live enablement, values, cadence, or cardinality	chart	vLLM/HTTP Endpoints / HTTP Request Outcomes [request_outcomes; requests/s; incremental]	vllm-project/vllm @ dc818c198d3ff50a16f38eba567da006478239c8; vllm/v1/metrics/{loggers,perf}.py
http_response_size_bytes	http_response_size_bytes,http_response_size_bytes_count,http_response_size_bytes_sum	http_response_size_bytes	summary	handler	<excluded>	<none>	workload/outcome	Content length of outgoing responses by handler. Only value of header is respected. Otherwise ignored. No percentile calculated.	summary quantile component; same observation population as the family bucket/quantile, count, and sum components	raw summary; no rendered unit because writer-ineligible	source labels=handler; no chart identity/dimension role	HTTP server instrumentation	source-derived synthetic shape/routing proof; exclusion reason is runtime-validated	writer-ineligible	collector writer exclusion; metadata-only or structurally unsupported source shape	vllm-project/vllm @ dc818c198d3ff50a16f38eba567da006478239c8; vllm/v1/metrics/{loggers,perf}.py
http_response_size_bytes_created	http_response_size_bytes_created	http_response_size_bytes_created	gauge	handler	<excluded>	<none>	workload/outcome	Content length of outgoing responses by handler. Only value of header is respected. Otherwise ignored. No percentile calculated.	generated registration-timestamp companion; excluded from operational charts	raw gauge; no rendered unit because job-excluded	source labels=handler; no chart identity/dimension role	HTTP server instrumentation	source-derived synthetic shape/routing proof; exclusion reason is runtime-validated	job-excluded	recommended job exclusion; lost question documented in OPERATOR-MODEL.md	vllm-project/vllm @ dc818c198d3ff50a16f38eba567da006478239c8; vllm/v1/metrics/{loggers,perf}.py
process_cpu_seconds_total	process_cpu_seconds_total	process_cpu_seconds_total	counter		vLLM/Runtime	<global>	latency	Total user and system CPU time spent in seconds.	independent source family unless a source-defined relationship is stated in OPERATOR-MODEL.md	raw counter -> incremental -> cores; counted/measured object: Total user and system CPU time spent in seconds.	identity=<global>; label availability follows exporter configuration; no optional label is used as instance identity unless the chart route requires it	single-process Python runtime registry	source-derived synthetic shape/routing proof; does not prove live enablement, values, cadence, or cardinality	chart	vLLM/Runtime / Process CPU Usage [process_cpu; cores; incremental]	prometheus/client_python default collectors (version provided by vLLM runtime)
process_max_fds	process_max_fds	process_max_fds	gauge		vLLM/Runtime	<global>	capacity/resource	Maximum number of open file descriptors.	independent source family unless a source-defined relationship is stated in OPERATOR-MODEL.md	raw gauge -> absolute -> fds; counted/measured object: Maximum number of open file descriptors.	identity=<global>; label availability follows exporter configuration; no optional label is used as instance identity unless the chart route requires it	single-process Python runtime registry	source-derived synthetic shape/routing proof; does not prove live enablement, values, cadence, or cardinality	chart	vLLM/Runtime / File Descriptor Limit [file_descriptor_limit; fds; absolute]	prometheus/client_python default collectors (version provided by vLLM runtime)
process_open_fds	process_open_fds	process_open_fds	gauge		vLLM/Runtime	<global>	utilization/resource	Number of open file descriptors.	independent source family unless a source-defined relationship is stated in OPERATOR-MODEL.md	raw gauge -> absolute -> fds; counted/measured object: Number of open file descriptors.	identity=<global>; label availability follows exporter configuration; no optional label is used as instance identity unless the chart route requires it	single-process Python runtime registry	source-derived synthetic shape/routing proof; does not prove live enablement, values, cadence, or cardinality	chart	vLLM/Runtime / Open File Descriptors [open_file_descriptors; fds; absolute]	prometheus/client_python default collectors (version provided by vLLM runtime)
process_resident_memory_bytes	process_resident_memory_bytes	process_resident_memory_bytes	gauge		vLLM/Runtime	<global>	utilization/resource	Resident memory size in bytes.	independent source family unless a source-defined relationship is stated in OPERATOR-MODEL.md	raw gauge -> absolute -> bytes; counted/measured object: Resident memory size in bytes.	identity=<global>; label availability follows exporter configuration; no optional label is used as instance identity unless the chart route requires it	single-process Python runtime registry	source-derived synthetic shape/routing proof; does not prove live enablement, values, cadence, or cardinality	chart	vLLM/Runtime / Process Resident Memory [process_resident_memory; bytes; absolute]	prometheus/client_python default collectors (version provided by vLLM runtime)
process_start_time_seconds	process_start_time_seconds	process_start_time_seconds	gauge		<excluded>	<none>	latency	Start time of the process since unix epoch in seconds.	independent source family unless a source-defined relationship is stated in OPERATOR-MODEL.md	raw gauge; no rendered unit because job-excluded	source labels=<none>; no chart identity/dimension role	single-process Python runtime registry	source-derived synthetic shape/routing proof; exclusion reason is runtime-validated	job-excluded	recommended job exclusion; lost question documented in OPERATOR-MODEL.md	prometheus/client_python default collectors (version provided by vLLM runtime)
process_virtual_memory_bytes	process_virtual_memory_bytes	process_virtual_memory_bytes	gauge		vLLM/Runtime	<global>	utilization/resource	Virtual memory size in bytes.	independent source family unless a source-defined relationship is stated in OPERATOR-MODEL.md	raw gauge -> absolute -> bytes; counted/measured object: Virtual memory size in bytes.	identity=<global>; label availability follows exporter configuration; no optional label is used as instance identity unless the chart route requires it	single-process Python runtime registry	source-derived synthetic shape/routing proof; does not prove live enablement, values, cadence, or cardinality	chart	vLLM/Runtime / Process Virtual Memory [process_virtual_memory; bytes; absolute]	prometheus/client_python default collectors (version provided by vLLM runtime)
python_gc_collections_total	python_gc_collections_total	python_gc_collections_total	counter	generation	vLLM/Runtime/Python GC	<global>	domain signal	Number of times this generation was collected	independent source family unless a source-defined relationship is stated in OPERATOR-MODEL.md	raw counter -> incremental -> collections/s; counted/measured object: Number of times this generation was collected	identity=<global>; dimension=generation; label availability follows exporter configuration; no optional label is used as instance identity unless the chart route requires it	single-process Python runtime registry	source-derived synthetic shape/routing proof; does not prove live enablement, values, cadence, or cardinality	chart	vLLM/Runtime/Python GC / Collections [collections; collections/s; incremental]	prometheus/client_python default collectors (version provided by vLLM runtime)
python_gc_objects_collected_total	python_gc_objects_collected_total	python_gc_objects_collected_total	counter	generation	vLLM/Runtime/Python GC	<global>	workload/outcome	Objects collected during gc	independent source family unless a source-defined relationship is stated in OPERATOR-MODEL.md	raw counter -> incremental -> objects/s; counted/measured object: Objects collected during gc	identity=<global>; dimension=generation; label availability follows exporter configuration; no optional label is used as instance identity unless the chart route requires it	single-process Python runtime registry	source-derived synthetic shape/routing proof; does not prove live enablement, values, cadence, or cardinality	chart	vLLM/Runtime/Python GC / Collected Objects [collected_objects; objects/s; incremental]	prometheus/client_python default collectors (version provided by vLLM runtime)
python_gc_objects_uncollectable_total	python_gc_objects_uncollectable_total	python_gc_objects_uncollectable_total	counter	generation	vLLM/Runtime/Python GC	<global>	error/outcome	Uncollectable objects found during GC	independent source family unless a source-defined relationship is stated in OPERATOR-MODEL.md	raw counter -> incremental -> objects/s; counted/measured object: Uncollectable objects found during GC	identity=<global>; dimension=generation; label availability follows exporter configuration; no optional label is used as instance identity unless the chart route requires it	single-process Python runtime registry	source-derived synthetic shape/routing proof; does not prove live enablement, values, cadence, or cardinality	chart	vLLM/Runtime/Python GC / Uncollectable Objects [uncollectable_objects; objects/s; incremental]	prometheus/client_python default collectors (version provided by vLLM runtime)
python_info	python_info	python_info	gauge	implementation,major,minor,patchlevel,version	<excluded>	<none>	state/configuration	Python platform information	metadata-only information family; writer contract does not retain this shape	raw gauge; no rendered unit because writer-ineligible	source labels=implementation,major,minor,patchlevel,version; no chart identity/dimension role	single-process Python runtime registry	source-derived synthetic shape/routing proof; exclusion reason is runtime-validated	writer-ineligible	collector writer exclusion; metadata-only or structurally unsupported source shape	prometheus/client_python default collectors (version provided by vLLM runtime)
vllm:cache_config_info	vllm:cache_config_info	vllm:cache_config_info	gauge	_block_size_resolved,block_size,cache_dtype,calculate_kv_scales,enable_prefix_caching,engine,gpu_memory_utilization,hash_block_size,is_attention_free,kv_cache_dtype_skip_layers,kv_cache_max_concurrency,kv_cache_memory_bytes,kv_cache_size_tokens,kv_offloading_backend,kv_offloading_size,kv_sharing_fast_prefill,mamba_block_size,mamba_cache_dtype,mamba_cache_mode,mamba_page_size_padded,mamba_ssm_cache_dtype,num_cpu_blocks,num_gpu_blocks,num_gpu_blocks_override,prefix_caching_hash_algo,skip_page_size_padded,sliding_window,user_specified_block_size,user_specified_mamba_block_size	<excluded>	<none>	state/configuration	Information of the LLMEngine CacheConfig	metadata-only information family; writer contract does not retain this shape	raw gauge; no rendered unit because writer-ineligible	source labels=_block_size_resolved,block_size,cache_dtype,calculate_kv_scales,enable_prefix_caching,engine,gpu_memory_utilization,hash_block_size,is_attention_free,kv_cache_dtype_skip_layers,kv_cache_max_concurrency,kv_cache_memory_bytes,kv_cache_size_tokens,kv_offloading_backend,kv_offloading_size,kv_sharing_fast_prefill,mamba_block_size,mamba_cache_dtype,mamba_cache_mode,mamba_page_size_padded,mamba_ssm_cache_dtype,num_cpu_blocks,num_gpu_blocks,num_gpu_blocks_override,prefix_caching_hash_algo,skip_page_size_padded,sliding_window,user_specified_block_size,user_specified_mamba_block_size; no chart identity/dimension role	vLLM engine/server; version and model-mode registration conditions apply	source-derived synthetic shape/routing proof; exclusion reason is runtime-validated	writer-ineligible	collector writer exclusion; metadata-only or structurally unsupported source shape	vllm-project/vllm @ dc818c198d3ff50a16f38eba567da006478239c8; vllm/v1/metrics/{loggers,perf}.py
vllm:corrupted_requests_created	vllm:corrupted_requests_created	vllm:corrupted_requests_created	gauge	engine,model_name	<excluded>	<none>	error/outcome	Corrupted requests, in terms of total number of requests with NaNs in logits.	generated registration-timestamp companion; excluded from operational charts	raw gauge; no rendered unit because job-excluded	source labels=engine,model_name; no chart identity/dimension role	vLLM engine/server; version and model-mode registration conditions apply	source-derived synthetic shape/routing proof; exclusion reason is runtime-validated	job-excluded	recommended job exclusion; lost question documented in OPERATOR-MODEL.md	vllm-project/vllm @ dc818c198d3ff50a16f38eba567da006478239c8; vllm/v1/metrics/{loggers,perf}.py
vllm:corrupted_requests_total	vllm:corrupted_requests_total	vllm:corrupted_requests_total	counter	engine,model_name	vLLM/Request Lifecycle	model_name,engine	error/outcome	Corrupted requests, in terms of total number of requests with NaNs in logits.	independent source family unless a source-defined relationship is stated in OPERATOR-MODEL.md	raw counter -> incremental -> requests/s; counted/measured object: Corrupted requests, in terms of total number of requests with NaNs in logits.	identity=model_name,engine; label availability follows exporter configuration; no optional label is used as instance identity unless the chart route requires it	vLLM engine/server; version and model-mode registration conditions apply	source-derived synthetic shape/routing proof; does not prove live enablement, values, cadence, or cardinality	chart	vLLM/Request Lifecycle / Corrupted Requests [corrupted_requests; requests/s; incremental]	vllm-project/vllm @ dc818c198d3ff50a16f38eba567da006478239c8; vllm/v1/metrics/{loggers,perf}.py
vllm:diffusion_num_canvas_positions_created	vllm:diffusion_num_canvas_positions_created	vllm:diffusion_num_canvas_positions_created	gauge	engine,model_name	<excluded>	<none>	domain signal	Number of canvas positions evaluated.	generated registration-timestamp companion; excluded from operational charts	raw gauge; no rendered unit because job-excluded	source labels=engine,model_name; no chart identity/dimension role	diffusion model mode	source-derived synthetic shape/routing proof; exclusion reason is runtime-validated	job-excluded	recommended job exclusion; lost question documented in OPERATOR-MODEL.md	vllm-project/vllm @ dc818c198d3ff50a16f38eba567da006478239c8; vllm/v1/metrics/{loggers,perf}.py
vllm:diffusion_num_canvas_positions_total	vllm:diffusion_num_canvas_positions_total	vllm:diffusion_num_canvas_positions_total	counter	engine,model_name	vLLM/Diffusion Decoding	model_name,engine	domain signal	Number of canvas positions evaluated.	independent source family unless a source-defined relationship is stated in OPERATOR-MODEL.md	raw counter -> incremental -> positions/s; counted/measured object: Number of canvas positions evaluated.	identity=model_name,engine; label availability follows exporter configuration; no optional label is used as instance identity unless the chart route requires it	diffusion model mode	source-derived synthetic shape/routing proof; does not prove live enablement, values, cadence, or cardinality	chart	vLLM/Diffusion Decoding / Diffusion Canvas Positions [canvas_positions; positions/s; incremental]	vllm-project/vllm @ dc818c198d3ff50a16f38eba567da006478239c8; vllm/v1/metrics/{loggers,perf}.py
vllm:diffusion_num_committed_tokens_created	vllm:diffusion_num_committed_tokens_created	vllm:diffusion_num_committed_tokens_created	gauge	engine,model_name	<excluded>	<none>	workload/outcome	Number of committed (finalized) tokens.	generated registration-timestamp companion; excluded from operational charts	raw gauge; no rendered unit because job-excluded	source labels=engine,model_name; no chart identity/dimension role	diffusion model mode	source-derived synthetic shape/routing proof; exclusion reason is runtime-validated	job-excluded	recommended job exclusion; lost question documented in OPERATOR-MODEL.md	vllm-project/vllm @ dc818c198d3ff50a16f38eba567da006478239c8; vllm/v1/metrics/{loggers,perf}.py
vllm:diffusion_num_committed_tokens_total	vllm:diffusion_num_committed_tokens_total	vllm:diffusion_num_committed_tokens_total	counter	engine,model_name	vLLM/Diffusion Decoding	model_name,engine	workload/outcome	Number of committed (finalized) tokens.	independent source family unless a source-defined relationship is stated in OPERATOR-MODEL.md	raw counter -> incremental -> tokens/s; counted/measured object: Number of committed (finalized) tokens.	identity=model_name,engine; label availability follows exporter configuration; no optional label is used as instance identity unless the chart route requires it	diffusion model mode	source-derived synthetic shape/routing proof; does not prove live enablement, values, cadence, or cardinality	chart	vLLM/Diffusion Decoding / Diffusion Committed Tokens [committed_tokens; tokens/s; incremental]	vllm-project/vllm @ dc818c198d3ff50a16f38eba567da006478239c8; vllm/v1/metrics/{loggers,perf}.py
vllm:diffusion_num_denoising_steps_created	vllm:diffusion_num_denoising_steps_created	vllm:diffusion_num_denoising_steps_created	gauge	engine,model_name	<excluded>	<none>	domain signal	Number of denoising steps.	generated registration-timestamp companion; excluded from operational charts	raw gauge; no rendered unit because job-excluded	source labels=engine,model_name; no chart identity/dimension role	diffusion model mode	source-derived synthetic shape/routing proof; exclusion reason is runtime-validated	job-excluded	recommended job exclusion; lost question documented in OPERATOR-MODEL.md	vllm-project/vllm @ dc818c198d3ff50a16f38eba567da006478239c8; vllm/v1/metrics/{loggers,perf}.py
vllm:diffusion_num_denoising_steps_total	vllm:diffusion_num_denoising_steps_total	vllm:diffusion_num_denoising_steps_total	counter	engine,model_name	vLLM/Diffusion Decoding	model_name,engine	domain signal	Number of denoising steps.	independent source family unless a source-defined relationship is stated in OPERATOR-MODEL.md	raw counter -> incremental -> steps/s; counted/measured object: Number of denoising steps.	identity=model_name,engine; label availability follows exporter configuration; no optional label is used as instance identity unless the chart route requires it	diffusion model mode	source-derived synthetic shape/routing proof; does not prove live enablement, values, cadence, or cardinality	chart	vLLM/Diffusion Decoding / Diffusion Denoising Steps [denoising_steps; steps/s; incremental]	vllm-project/vllm @ dc818c198d3ff50a16f38eba567da006478239c8; vllm/v1/metrics/{loggers,perf}.py
vllm:e2e_request_latency_seconds_bucket	vllm:e2e_request_latency_seconds_bucket	vllm:e2e_request_latency_seconds	histogram	engine,le,model_name	vLLM/Request Lifecycle	model_name,engine	latency	Histogram of e2e request latency in seconds.	histogram bucket component; same observation population as the family bucket/quantile, count, and sum components	raw histogram -> incremental -> observations/s; counted/measured object: Histogram of e2e request latency in seconds.	identity=model_name,engine; remaining=le retained as source metadata or intentionally aggregated by this chart; label availability follows exporter configuration; no optional label is used as instance identity unless the chart route requires it	vLLM engine/server; version and model-mode registration conditions apply	source-derived synthetic shape/routing proof; does not prove live enablement, values, cadence, or cardinality	chart	vLLM/Request Lifecycle / End-to-End Request Latency [end_to_end_latency; observations/s; incremental]	vllm-project/vllm @ dc818c198d3ff50a16f38eba567da006478239c8; vllm/v1/metrics/{loggers,perf}.py
vllm:e2e_request_latency_seconds_count	vllm:e2e_request_latency_seconds_count	vllm:e2e_request_latency_seconds	histogram	engine,le,model_name	vLLM/Request Lifecycle	model_name,engine	latency	Histogram of e2e request latency in seconds.	histogram count component; same observation population as the family bucket/quantile, count, and sum components	raw histogram -> incremental -> requests/s; counted/measured object: Histogram of e2e request latency in seconds.	identity=model_name,engine; remaining=le retained as source metadata or intentionally aggregated by this chart; label availability follows exporter configuration; no optional label is used as instance identity unless the chart route requires it	vLLM engine/server; version and model-mode registration conditions apply	source-derived synthetic shape/routing proof; does not prove live enablement, values, cadence, or cardinality	chart	vLLM/Request Lifecycle / Lifecycle Request Measurements [request_measurements; requests/s; incremental]	vllm-project/vllm @ dc818c198d3ff50a16f38eba567da006478239c8; vllm/v1/metrics/{loggers,perf}.py
vllm:e2e_request_latency_seconds_sum	vllm:e2e_request_latency_seconds_sum	vllm:e2e_request_latency_seconds	histogram	engine,le,model_name	vLLM/Request Lifecycle	model_name,engine	latency	Histogram of e2e request latency in seconds.	histogram sum component; same observation population as the family bucket/quantile, count, and sum components	raw histogram -> incremental -> in-flight; counted/measured object: Histogram of e2e request latency in seconds.	identity=model_name,engine; remaining=le retained as source metadata or intentionally aggregated by this chart; label availability follows exporter configuration; no optional label is used as instance identity unless the chart route requires it	vLLM engine/server; version and model-mode registration conditions apply	source-derived synthetic shape/routing proof; does not prove live enablement, values, cadence, or cardinality	chart	vLLM/Request Lifecycle / End-to-End Request Concurrency [end_to_end_concurrency; in-flight; incremental]	vllm-project/vllm @ dc818c198d3ff50a16f38eba567da006478239c8; vllm/v1/metrics/{loggers,perf}.py
vllm:e2e_request_latency_seconds_created	vllm:e2e_request_latency_seconds_created	vllm:e2e_request_latency_seconds_created	gauge	engine,model_name	<excluded>	<none>	latency	Histogram of e2e request latency in seconds.	generated registration-timestamp companion; excluded from operational charts	raw gauge; no rendered unit because job-excluded	source labels=engine,model_name; no chart identity/dimension role	vLLM engine/server; version and model-mode registration conditions apply	source-derived synthetic shape/routing proof; exclusion reason is runtime-validated	job-excluded	recommended job exclusion; lost question documented in OPERATOR-MODEL.md	vllm-project/vllm @ dc818c198d3ff50a16f38eba567da006478239c8; vllm/v1/metrics/{loggers,perf}.py
vllm:engine_sleep_state	vllm:engine_sleep_state	vllm:engine_sleep_state	gauge	engine,model_name,sleep_state	vLLM/Scheduler	model_name,engine	state/configuration	Engine sleep state; awake = 0 means engine is sleeping; awake = 1 means engine is awake; weights_offloaded = 1 means sleep level 1; discard_all = 1 means sleep level 2.	independent source family unless a source-defined relationship is stated in OPERATOR-MODEL.md	raw gauge -> absolute -> state; counted/measured object: Engine sleep state; awake = 0 means engine is sleeping; awake = 1 means engine is awake; weights_offloaded = 1 means sleep level 1; discard_all = 1 means sleep level 2.	identity=model_name,engine; dimension=sleep_state; label availability follows exporter configuration; no optional label is used as instance identity unless the chart route requires it	vLLM engine/server; version and model-mode registration conditions apply	source-derived synthetic shape/routing proof; does not prove live enablement, values, cadence, or cardinality	chart	vLLM/Scheduler / Engine Sleep State [sleep_state; state; absolute]	vllm-project/vllm @ dc818c198d3ff50a16f38eba567da006478239c8; vllm/v1/metrics/{loggers,perf}.py
vllm:estimated_flops_per_gpu_created	vllm:estimated_flops_per_gpu_created	vllm:estimated_flops_per_gpu_created	gauge	engine,model_name	<excluded>	<none>	utilization/resource	Estimated number of floating point operations per GPU (for Model Flops Utilization calculations).	generated registration-timestamp companion; excluded from operational charts	raw gauge; no rendered unit because job-excluded	source labels=engine,model_name; no chart identity/dimension role	vLLM engine/server; version and model-mode registration conditions apply	source-derived synthetic shape/routing proof; exclusion reason is runtime-validated	job-excluded	recommended job exclusion; lost question documented in OPERATOR-MODEL.md	vllm-project/vllm @ dc818c198d3ff50a16f38eba567da006478239c8; vllm/v1/metrics/{loggers,perf}.py
vllm:estimated_flops_per_gpu_total	vllm:estimated_flops_per_gpu_total	vllm:estimated_flops_per_gpu_total	counter	engine,model_name	vLLM/Engine Execution	model_name,engine	utilization/resource	Estimated number of floating point operations per GPU (for Model Flops Utilization calculations).	independent source family unless a source-defined relationship is stated in OPERATOR-MODEL.md	raw counter -> incremental -> GFLOP/s/GPU; counted/measured object: Estimated number of floating point operations per GPU (for Model Flops Utilization calculations).	identity=model_name,engine; label availability follows exporter configuration; no optional label is used as instance identity unless the chart route requires it	vLLM engine/server; version and model-mode registration conditions apply	source-derived synthetic shape/routing proof; does not prove live enablement, values, cadence, or cardinality	chart	vLLM/Engine Execution / Estimated Compute per GPU [estimated_compute; GFLOP/s/GPU; incremental]	vllm-project/vllm @ dc818c198d3ff50a16f38eba567da006478239c8; vllm/v1/metrics/{loggers,perf}.py
vllm:estimated_read_bytes_per_gpu_created	vllm:estimated_read_bytes_per_gpu_created	vllm:estimated_read_bytes_per_gpu_created	gauge	engine,model_name	<excluded>	<none>	utilization/resource	Estimated number of bytes read from memory per GPU (for Model Flops Utilization calculations).	generated registration-timestamp companion; excluded from operational charts	raw gauge; no rendered unit because job-excluded	source labels=engine,model_name; no chart identity/dimension role	vLLM engine/server; version and model-mode registration conditions apply	source-derived synthetic shape/routing proof; exclusion reason is runtime-validated	job-excluded	recommended job exclusion; lost question documented in OPERATOR-MODEL.md	vllm-project/vllm @ dc818c198d3ff50a16f38eba567da006478239c8; vllm/v1/metrics/{loggers,perf}.py
vllm:estimated_read_bytes_per_gpu_total	vllm:estimated_read_bytes_per_gpu_total	vllm:estimated_read_bytes_per_gpu_total	counter	engine,model_name	vLLM/Engine Execution	model_name,engine	utilization/resource	Estimated number of bytes read from memory per GPU (for Model Flops Utilization calculations).	independent source family unless a source-defined relationship is stated in OPERATOR-MODEL.md	raw counter -> incremental -> GB/s/GPU; counted/measured object: Estimated number of bytes read from memory per GPU (for Model Flops Utilization calculations).	identity=model_name,engine; label availability follows exporter configuration; no optional label is used as instance identity unless the chart route requires it	vLLM engine/server; version and model-mode registration conditions apply	source-derived synthetic shape/routing proof; does not prove live enablement, values, cadence, or cardinality	chart	vLLM/Engine Execution / Estimated Memory Bandwidth per GPU [estimated_memory_bandwidth; GB/s/GPU; incremental]	vllm-project/vllm @ dc818c198d3ff50a16f38eba567da006478239c8; vllm/v1/metrics/{loggers,perf}.py
vllm:estimated_write_bytes_per_gpu_created	vllm:estimated_write_bytes_per_gpu_created	vllm:estimated_write_bytes_per_gpu_created	gauge	engine,model_name	<excluded>	<none>	utilization/resource	Estimated number of bytes written to memory per GPU (for Model Flops Utilization calculations).	generated registration-timestamp companion; excluded from operational charts	raw gauge; no rendered unit because job-excluded	source labels=engine,model_name; no chart identity/dimension role	vLLM engine/server; version and model-mode registration conditions apply	source-derived synthetic shape/routing proof; exclusion reason is runtime-validated	job-excluded	recommended job exclusion; lost question documented in OPERATOR-MODEL.md	vllm-project/vllm @ dc818c198d3ff50a16f38eba567da006478239c8; vllm/v1/metrics/{loggers,perf}.py
vllm:estimated_write_bytes_per_gpu_total	vllm:estimated_write_bytes_per_gpu_total	vllm:estimated_write_bytes_per_gpu_total	counter	engine,model_name	vLLM/Engine Execution	model_name,engine	utilization/resource	Estimated number of bytes written to memory per GPU (for Model Flops Utilization calculations).	independent source family unless a source-defined relationship is stated in OPERATOR-MODEL.md	raw counter -> incremental -> GB/s/GPU; counted/measured object: Estimated number of bytes written to memory per GPU (for Model Flops Utilization calculations).	identity=model_name,engine; label availability follows exporter configuration; no optional label is used as instance identity unless the chart route requires it	vLLM engine/server; version and model-mode registration conditions apply	source-derived synthetic shape/routing proof; does not prove live enablement, values, cadence, or cardinality	chart	vLLM/Engine Execution / Estimated Memory Bandwidth per GPU [estimated_memory_bandwidth; GB/s/GPU; incremental]	vllm-project/vllm @ dc818c198d3ff50a16f38eba567da006478239c8; vllm/v1/metrics/{loggers,perf}.py
vllm:external_prefix_cache_hits_created	vllm:external_prefix_cache_hits_created	vllm:external_prefix_cache_hits_created	gauge	engine,model_name	<excluded>	<none>	workload/outcome	External prefix cache hits from KV connector cross-instance cache sharing, in terms of number of cached tokens.	generated registration-timestamp companion; excluded from operational charts	raw gauge; no rendered unit because job-excluded	source labels=engine,model_name; no chart identity/dimension role	vLLM engine/server; version and model-mode registration conditions apply	source-derived synthetic shape/routing proof; exclusion reason is runtime-validated	job-excluded	recommended job exclusion; lost question documented in OPERATOR-MODEL.md	vllm-project/vllm @ dc818c198d3ff50a16f38eba567da006478239c8; vllm/v1/metrics/{loggers,perf}.py
vllm:external_prefix_cache_hits_total	vllm:external_prefix_cache_hits_total	vllm:external_prefix_cache_hits_total	counter	engine,model_name	vLLM/KV Cache	model_name,engine	workload/outcome	External prefix cache hits from KV connector cross-instance cache sharing, in terms of number of cached tokens.	independent source family unless a source-defined relationship is stated in OPERATOR-MODEL.md	raw counter -> incremental -> tokens/s; counted/measured object: External prefix cache hits from KV connector cross-instance cache sharing, in terms of number of cached tokens.	identity=model_name,engine; label availability follows exporter configuration; no optional label is used as instance identity unless the chart route requires it	vLLM engine/server; version and model-mode registration conditions apply	source-derived synthetic shape/routing proof; does not prove live enablement, values, cadence, or cardinality	chart	vLLM/KV Cache / External Prefix Cache [external_prefix; tokens/s; incremental]	vllm-project/vllm @ dc818c198d3ff50a16f38eba567da006478239c8; vllm/v1/metrics/{loggers,perf}.py
vllm:external_prefix_cache_queries_created	vllm:external_prefix_cache_queries_created	vllm:external_prefix_cache_queries_created	gauge	engine,model_name	<excluded>	<none>	workload/outcome	External prefix cache queries from KV connector cross-instance cache sharing, in terms of number of queried tokens.	generated registration-timestamp companion; excluded from operational charts	raw gauge; no rendered unit because job-excluded	source labels=engine,model_name; no chart identity/dimension role	vLLM engine/server; version and model-mode registration conditions apply	source-derived synthetic shape/routing proof; exclusion reason is runtime-validated	job-excluded	recommended job exclusion; lost question documented in OPERATOR-MODEL.md	vllm-project/vllm @ dc818c198d3ff50a16f38eba567da006478239c8; vllm/v1/metrics/{loggers,perf}.py
vllm:external_prefix_cache_queries_total	vllm:external_prefix_cache_queries_total	vllm:external_prefix_cache_queries_total	counter	engine,model_name	vLLM/KV Cache	model_name,engine	workload/outcome	External prefix cache queries from KV connector cross-instance cache sharing, in terms of number of queried tokens.	independent source family unless a source-defined relationship is stated in OPERATOR-MODEL.md	raw counter -> incremental -> tokens/s; counted/measured object: External prefix cache queries from KV connector cross-instance cache sharing, in terms of number of queried tokens.	identity=model_name,engine; label availability follows exporter configuration; no optional label is used as instance identity unless the chart route requires it	vLLM engine/server; version and model-mode registration conditions apply	source-derived synthetic shape/routing proof; does not prove live enablement, values, cadence, or cardinality	chart	vLLM/KV Cache / External Prefix Cache [external_prefix; tokens/s; incremental]	vllm-project/vllm @ dc818c198d3ff50a16f38eba567da006478239c8; vllm/v1/metrics/{loggers,perf}.py
vllm:generation_tokens_created	vllm:generation_tokens_created	vllm:generation_tokens_created	gauge	engine,model_name	<excluded>	<none>	workload/outcome	Number of generation tokens processed.	generated registration-timestamp companion; excluded from operational charts	raw gauge; no rendered unit because job-excluded	source labels=engine,model_name; no chart identity/dimension role	vLLM engine/server; version and model-mode registration conditions apply	source-derived synthetic shape/routing proof; exclusion reason is runtime-validated	job-excluded	recommended job exclusion; lost question documented in OPERATOR-MODEL.md	vllm-project/vllm @ dc818c198d3ff50a16f38eba567da006478239c8; vllm/v1/metrics/{loggers,perf}.py
vllm:generation_tokens_total	vllm:generation_tokens_total	vllm:generation_tokens_total	counter	engine,model_name	vLLM/Decode	model_name,engine	workload/outcome	Number of generation tokens processed.	independent source family unless a source-defined relationship is stated in OPERATOR-MODEL.md	raw counter -> incremental -> tokens/s; counted/measured object: Number of generation tokens processed.	identity=model_name,engine; label availability follows exporter configuration; no optional label is used as instance identity unless the chart route requires it	vLLM engine/server; version and model-mode registration conditions apply	source-derived synthetic shape/routing proof; does not prove live enablement, values, cadence, or cardinality	chart	vLLM/Decode / Generated Tokens [generation_throughput; tokens/s; incremental]	vllm-project/vllm @ dc818c198d3ff50a16f38eba567da006478239c8; vllm/v1/metrics/{loggers,perf}.py
vllm:hf3fs_load_duration_seconds_bucket	vllm:hf3fs_load_duration_seconds_bucket	vllm:hf3fs_load_duration_seconds	histogram	engine,le,model_name	vLLM/HF3FS Connector	model_name,engine	latency	Histogram of load duration for HF3FSKVConnector.	histogram bucket component; same observation population as the family bucket/quantile, count, and sum components	raw histogram -> incremental -> observations/s; counted/measured object: Histogram of load duration for HF3FSKVConnector.	identity=model_name,engine; remaining=le retained as source metadata or intentionally aggregated by this chart; label availability follows exporter configuration; no optional label is used as instance identity unless the chart route requires it	HF3FS KV connector	source-derived synthetic shape/routing proof; does not prove live enablement, values, cadence, or cardinality	chart	vLLM/HF3FS Connector / HF3FS Load Duration [load_duration; observations/s; incremental]	vllm-project/vllm @ dc818c198d3ff50a16f38eba567da006478239c8; vllm/distributed/kv_transfer/kv_connector/v1/hf3fs/hf3fs_connector.py
vllm:hf3fs_load_duration_seconds_count	vllm:hf3fs_load_duration_seconds_count	vllm:hf3fs_load_duration_seconds	histogram	engine,le,model_name	vLLM/HF3FS Connector	model_name,engine	latency	Histogram of load duration for HF3FSKVConnector.	histogram count component; same observation population as the family bucket/quantile, count, and sum components	raw histogram -> incremental -> operations/s; counted/measured object: Histogram of load duration for HF3FSKVConnector.	identity=model_name,engine; remaining=le retained as source metadata or intentionally aggregated by this chart; label availability follows exporter configuration; no optional label is used as instance identity unless the chart route requires it	HF3FS KV connector	source-derived synthetic shape/routing proof; does not prove live enablement, values, cadence, or cardinality	chart	vLLM/HF3FS Connector / HF3FS Transfer Measurements [transfer_measurements; operations/s; incremental]	vllm-project/vllm @ dc818c198d3ff50a16f38eba567da006478239c8; vllm/distributed/kv_transfer/kv_connector/v1/hf3fs/hf3fs_connector.py
vllm:hf3fs_load_duration_seconds_sum	vllm:hf3fs_load_duration_seconds_sum	vllm:hf3fs_load_duration_seconds	histogram	engine,le,model_name	vLLM/HF3FS Connector	model_name,engine	latency	Histogram of load duration for HF3FSKVConnector.	histogram sum component; same observation population as the family bucket/quantile, count, and sum components	raw histogram -> incremental -> in-flight; counted/measured object: Histogram of load duration for HF3FSKVConnector.	identity=model_name,engine; remaining=le retained as source metadata or intentionally aggregated by this chart; label availability follows exporter configuration; no optional label is used as instance identity unless the chart route requires it	HF3FS KV connector	source-derived synthetic shape/routing proof; does not prove live enablement, values, cadence, or cardinality	chart	vLLM/HF3FS Connector / HF3FS Transfer Concurrency [transfer_concurrency; in-flight; incremental]	vllm-project/vllm @ dc818c198d3ff50a16f38eba567da006478239c8; vllm/distributed/kv_transfer/kv_connector/v1/hf3fs/hf3fs_connector.py
vllm:hf3fs_load_duration_seconds_created	vllm:hf3fs_load_duration_seconds_created	vllm:hf3fs_load_duration_seconds_created	gauge	engine,model_name	<excluded>	<none>	latency	Histogram of load duration for HF3FSKVConnector.	generated registration-timestamp companion; excluded from operational charts	raw gauge; no rendered unit because job-excluded	source labels=engine,model_name; no chart identity/dimension role	HF3FS KV connector	source-derived synthetic shape/routing proof; exclusion reason is runtime-validated	job-excluded	recommended job exclusion; lost question documented in OPERATOR-MODEL.md	vllm-project/vllm @ dc818c198d3ff50a16f38eba567da006478239c8; vllm/distributed/kv_transfer/kv_connector/v1/hf3fs/hf3fs_connector.py
vllm:hf3fs_num_failed_load_created	vllm:hf3fs_num_failed_load_created	vllm:hf3fs_num_failed_load_created	gauge	engine,model_name	<excluded>	<none>	error/outcome	Number of failed HF3FS KV load.	generated registration-timestamp companion; excluded from operational charts	raw gauge; no rendered unit because job-excluded	source labels=engine,model_name; no chart identity/dimension role	HF3FS KV connector	source-derived synthetic shape/routing proof; exclusion reason is runtime-validated	job-excluded	recommended job exclusion; lost question documented in OPERATOR-MODEL.md	vllm-project/vllm @ dc818c198d3ff50a16f38eba567da006478239c8; vllm/distributed/kv_transfer/kv_connector/v1/hf3fs/hf3fs_connector.py
vllm:hf3fs_num_failed_load_total	vllm:hf3fs_num_failed_load_total	vllm:hf3fs_num_failed_load_total	counter	engine,model_name	vLLM/HF3FS Connector	model_name,engine	error/outcome	Number of failed HF3FS KV load.	independent source family unless a source-defined relationship is stated in OPERATOR-MODEL.md	raw counter -> incremental -> failures/s; counted/measured object: Number of failed HF3FS KV load.	identity=model_name,engine; label availability follows exporter configuration; no optional label is used as instance identity unless the chart route requires it	HF3FS KV connector	source-derived synthetic shape/routing proof; does not prove live enablement, values, cadence, or cardinality	chart	vLLM/HF3FS Connector / HF3FS Transfer Failures [failures; failures/s; incremental]	vllm-project/vllm @ dc818c198d3ff50a16f38eba567da006478239c8; vllm/distributed/kv_transfer/kv_connector/v1/hf3fs/hf3fs_connector.py
vllm:hf3fs_num_failed_save_created	vllm:hf3fs_num_failed_save_created	vllm:hf3fs_num_failed_save_created	gauge	engine,model_name	<excluded>	<none>	error/outcome	Number of failed HF3FS KV save.	generated registration-timestamp companion; excluded from operational charts	raw gauge; no rendered unit because job-excluded	source labels=engine,model_name; no chart identity/dimension role	HF3FS KV connector	source-derived synthetic shape/routing proof; exclusion reason is runtime-validated	job-excluded	recommended job exclusion; lost question documented in OPERATOR-MODEL.md	vllm-project/vllm @ dc818c198d3ff50a16f38eba567da006478239c8; vllm/distributed/kv_transfer/kv_connector/v1/hf3fs/hf3fs_connector.py
vllm:hf3fs_num_failed_save_total	vllm:hf3fs_num_failed_save_total	vllm:hf3fs_num_failed_save_total	counter	engine,model_name	vLLM/HF3FS Connector	model_name,engine	error/outcome	Number of failed HF3FS KV save.	independent source family unless a source-defined relationship is stated in OPERATOR-MODEL.md	raw counter -> incremental -> failures/s; counted/measured object: Number of failed HF3FS KV save.	identity=model_name,engine; label availability follows exporter configuration; no optional label is used as instance identity unless the chart route requires it	HF3FS KV connector	source-derived synthetic shape/routing proof; does not prove live enablement, values, cadence, or cardinality	chart	vLLM/HF3FS Connector / HF3FS Transfer Failures [failures; failures/s; incremental]	vllm-project/vllm @ dc818c198d3ff50a16f38eba567da006478239c8; vllm/distributed/kv_transfer/kv_connector/v1/hf3fs/hf3fs_connector.py
vllm:hf3fs_save_duration_seconds_bucket	vllm:hf3fs_save_duration_seconds_bucket	vllm:hf3fs_save_duration_seconds	histogram	engine,le,model_name	vLLM/HF3FS Connector	model_name,engine	latency	Histogram of save duration for HF3FSKVConnector.	histogram bucket component; same observation population as the family bucket/quantile, count, and sum components	raw histogram -> incremental -> observations/s; counted/measured object: Histogram of save duration for HF3FSKVConnector.	identity=model_name,engine; remaining=le retained as source metadata or intentionally aggregated by this chart; label availability follows exporter configuration; no optional label is used as instance identity unless the chart route requires it	HF3FS KV connector	source-derived synthetic shape/routing proof; does not prove live enablement, values, cadence, or cardinality	chart	vLLM/HF3FS Connector / HF3FS Save Duration [save_duration; observations/s; incremental]	vllm-project/vllm @ dc818c198d3ff50a16f38eba567da006478239c8; vllm/distributed/kv_transfer/kv_connector/v1/hf3fs/hf3fs_connector.py
vllm:hf3fs_save_duration_seconds_count	vllm:hf3fs_save_duration_seconds_count	vllm:hf3fs_save_duration_seconds	histogram	engine,le,model_name	vLLM/HF3FS Connector	model_name,engine	latency	Histogram of save duration for HF3FSKVConnector.	histogram count component; same observation population as the family bucket/quantile, count, and sum components	raw histogram -> incremental -> operations/s; counted/measured object: Histogram of save duration for HF3FSKVConnector.	identity=model_name,engine; remaining=le retained as source metadata or intentionally aggregated by this chart; label availability follows exporter configuration; no optional label is used as instance identity unless the chart route requires it	HF3FS KV connector	source-derived synthetic shape/routing proof; does not prove live enablement, values, cadence, or cardinality	chart	vLLM/HF3FS Connector / HF3FS Transfer Measurements [transfer_measurements; operations/s; incremental]	vllm-project/vllm @ dc818c198d3ff50a16f38eba567da006478239c8; vllm/distributed/kv_transfer/kv_connector/v1/hf3fs/hf3fs_connector.py
vllm:hf3fs_save_duration_seconds_sum	vllm:hf3fs_save_duration_seconds_sum	vllm:hf3fs_save_duration_seconds	histogram	engine,le,model_name	vLLM/HF3FS Connector	model_name,engine	latency	Histogram of save duration for HF3FSKVConnector.	histogram sum component; same observation population as the family bucket/quantile, count, and sum components	raw histogram -> incremental -> in-flight; counted/measured object: Histogram of save duration for HF3FSKVConnector.	identity=model_name,engine; remaining=le retained as source metadata or intentionally aggregated by this chart; label availability follows exporter configuration; no optional label is used as instance identity unless the chart route requires it	HF3FS KV connector	source-derived synthetic shape/routing proof; does not prove live enablement, values, cadence, or cardinality	chart	vLLM/HF3FS Connector / HF3FS Transfer Concurrency [transfer_concurrency; in-flight; incremental]	vllm-project/vllm @ dc818c198d3ff50a16f38eba567da006478239c8; vllm/distributed/kv_transfer/kv_connector/v1/hf3fs/hf3fs_connector.py
vllm:hf3fs_save_duration_seconds_created	vllm:hf3fs_save_duration_seconds_created	vllm:hf3fs_save_duration_seconds_created	gauge	engine,model_name	<excluded>	<none>	latency	Histogram of save duration for HF3FSKVConnector.	generated registration-timestamp companion; excluded from operational charts	raw gauge; no rendered unit because job-excluded	source labels=engine,model_name; no chart identity/dimension role	HF3FS KV connector	source-derived synthetic shape/routing proof; exclusion reason is runtime-validated	job-excluded	recommended job exclusion; lost question documented in OPERATOR-MODEL.md	vllm-project/vllm @ dc818c198d3ff50a16f38eba567da006478239c8; vllm/distributed/kv_transfer/kv_connector/v1/hf3fs/hf3fs_connector.py
vllm:inter_token_latency_seconds_bucket	vllm:inter_token_latency_seconds_bucket	vllm:inter_token_latency_seconds	histogram	engine,le,model_name	vLLM/Decode	model_name,engine	latency	Histogram of inter-token latency in seconds.	histogram bucket component; same observation population as the family bucket/quantile, count, and sum components	raw histogram -> incremental -> observations/s; counted/measured object: Histogram of inter-token latency in seconds.	identity=model_name,engine; remaining=le retained as source metadata or intentionally aggregated by this chart; label availability follows exporter configuration; no optional label is used as instance identity unless the chart route requires it	vLLM engine/server; version and model-mode registration conditions apply	source-derived synthetic shape/routing proof; does not prove live enablement, values, cadence, or cardinality	chart	vLLM/Decode / Inter-Token Latency [inter_token_latency; observations/s; incremental]	vllm-project/vllm @ dc818c198d3ff50a16f38eba567da006478239c8; vllm/v1/metrics/{loggers,perf}.py
vllm:inter_token_latency_seconds_count	vllm:inter_token_latency_seconds_count	vllm:inter_token_latency_seconds	histogram	engine,le,model_name	vLLM/Decode	model_name,engine	latency	Histogram of inter-token latency in seconds.	histogram count component; same observation population as the family bucket/quantile, count, and sum components	raw histogram -> incremental -> intervals/s; counted/measured object: Histogram of inter-token latency in seconds.	identity=model_name,engine; remaining=le retained as source metadata or intentionally aggregated by this chart; label availability follows exporter configuration; no optional label is used as instance identity unless the chart route requires it	vLLM engine/server; version and model-mode registration conditions apply	source-derived synthetic shape/routing proof; does not prove live enablement, values, cadence, or cardinality	chart	vLLM/Decode / Inter-Token Intervals [inter_token_intervals; intervals/s; incremental]	vllm-project/vllm @ dc818c198d3ff50a16f38eba567da006478239c8; vllm/v1/metrics/{loggers,perf}.py
vllm:inter_token_latency_seconds_sum	vllm:inter_token_latency_seconds_sum	vllm:inter_token_latency_seconds	histogram	engine,le,model_name	vLLM/Decode	model_name,engine	latency	Histogram of inter-token latency in seconds.	histogram sum component; same observation population as the family bucket/quantile, count, and sum components	raw histogram -> incremental -> seconds/s; counted/measured object: Histogram of inter-token latency in seconds.	identity=model_name,engine; remaining=le retained as source metadata or intentionally aggregated by this chart; label availability follows exporter configuration; no optional label is used as instance identity unless the chart route requires it	vLLM engine/server; version and model-mode registration conditions apply	source-derived synthetic shape/routing proof; does not prove live enablement, values, cadence, or cardinality	chart	vLLM/Decode / Inter-Token Interval Time [inter_token_interval_time; seconds/s; incremental]	vllm-project/vllm @ dc818c198d3ff50a16f38eba567da006478239c8; vllm/v1/metrics/{loggers,perf}.py
vllm:inter_token_latency_seconds_created	vllm:inter_token_latency_seconds_created	vllm:inter_token_latency_seconds_created	gauge	engine,model_name	<excluded>	<none>	latency	Histogram of inter-token latency in seconds.	generated registration-timestamp companion; excluded from operational charts	raw gauge; no rendered unit because job-excluded	source labels=engine,model_name; no chart identity/dimension role	vLLM engine/server; version and model-mode registration conditions apply	source-derived synthetic shape/routing proof; exclusion reason is runtime-validated	job-excluded	recommended job exclusion; lost question documented in OPERATOR-MODEL.md	vllm-project/vllm @ dc818c198d3ff50a16f38eba567da006478239c8; vllm/v1/metrics/{loggers,perf}.py
vllm:iteration_tokens_total_bucket	vllm:iteration_tokens_total_bucket	vllm:iteration_tokens_total	histogram	engine,le,model_name	vLLM/Engine Execution	model_name,engine	workload/outcome	Histogram of number of tokens per engine_step.	histogram bucket component; same observation population as the family bucket/quantile, count, and sum components	raw histogram -> incremental -> observations/s; counted/measured object: Histogram of number of tokens per engine_step.	identity=model_name,engine; remaining=le retained as source metadata or intentionally aggregated by this chart; label availability follows exporter configuration; no optional label is used as instance identity unless the chart route requires it	vLLM engine/server; version and model-mode registration conditions apply	source-derived synthetic shape/routing proof; does not prove live enablement, values, cadence, or cardinality	chart	vLLM/Engine Execution / Tokens per Engine Step [tokens_per_step; observations/s; incremental]	vllm-project/vllm @ dc818c198d3ff50a16f38eba567da006478239c8; vllm/v1/metrics/{loggers,perf}.py
vllm:iteration_tokens_total_count	vllm:iteration_tokens_total_count	vllm:iteration_tokens_total	histogram	engine,le,model_name	vLLM/Engine Execution	model_name,engine	workload/outcome	Histogram of number of tokens per engine_step.	histogram count component; same observation population as the family bucket/quantile, count, and sum components	raw histogram -> incremental -> steps/s; counted/measured object: Histogram of number of tokens per engine_step.	identity=model_name,engine; remaining=le retained as source metadata or intentionally aggregated by this chart; label availability follows exporter configuration; no optional label is used as instance identity unless the chart route requires it	vLLM engine/server; version and model-mode registration conditions apply	source-derived synthetic shape/routing proof; does not prove live enablement, values, cadence, or cardinality	chart	vLLM/Engine Execution / Engine Steps [engine_steps; steps/s; incremental]	vllm-project/vllm @ dc818c198d3ff50a16f38eba567da006478239c8; vllm/v1/metrics/{loggers,perf}.py
vllm:iteration_tokens_total_sum	vllm:iteration_tokens_total_sum	vllm:iteration_tokens_total	histogram	engine,le,model_name	vLLM/Engine Execution	model_name,engine	workload/outcome	Histogram of number of tokens per engine_step.	histogram sum component; same observation population as the family bucket/quantile, count, and sum components	raw histogram -> incremental -> tokens/s; counted/measured object: Histogram of number of tokens per engine_step.	identity=model_name,engine; remaining=le retained as source metadata or intentionally aggregated by this chart; label availability follows exporter configuration; no optional label is used as instance identity unless the chart route requires it	vLLM engine/server; version and model-mode registration conditions apply	source-derived synthetic shape/routing proof; does not prove live enablement, values, cadence, or cardinality	chart	vLLM/Engine Execution / Engine Step Token Volume [step_token_volume; tokens/s; incremental]	vllm-project/vllm @ dc818c198d3ff50a16f38eba567da006478239c8; vllm/v1/metrics/{loggers,perf}.py
vllm:iteration_tokens_total_created	vllm:iteration_tokens_total_created	vllm:iteration_tokens_total_created	gauge	engine,model_name	<excluded>	<none>	workload/outcome	Histogram of number of tokens per engine_step.	generated registration-timestamp companion; excluded from operational charts	raw gauge; no rendered unit because job-excluded	source labels=engine,model_name; no chart identity/dimension role	vLLM engine/server; version and model-mode registration conditions apply	source-derived synthetic shape/routing proof; exclusion reason is runtime-validated	job-excluded	recommended job exclusion; lost question documented in OPERATOR-MODEL.md	vllm-project/vllm @ dc818c198d3ff50a16f38eba567da006478239c8; vllm/v1/metrics/{loggers,perf}.py
vllm:kv_block_idle_before_evict_seconds_bucket	vllm:kv_block_idle_before_evict_seconds_bucket	vllm:kv_block_idle_before_evict_seconds	histogram	engine,le,model_name	vLLM/KV Cache Residency	model_name,engine	latency	Histogram of idle time before KV cache block eviction. Sampled metrics (controlled by --kv-cache-metrics-sample).	histogram bucket component; same observation population as the family bucket/quantile, count, and sum components	raw histogram -> incremental -> observations/s; counted/measured object: Histogram of idle time before KV cache block eviction. Sampled metrics (controlled by --kv-cache-metrics-sample).	identity=model_name,engine; remaining=le retained as source metadata or intentionally aggregated by this chart; label availability follows exporter configuration; no optional label is used as instance identity unless the chart route requires it	KV-cache metrics sampling	source-derived synthetic shape/routing proof; does not prove live enablement, values, cadence, or cardinality	chart	vLLM/KV Cache Residency / KV Block Idle Time Before Eviction [idle_before_eviction; observations/s; incremental]	vllm-project/vllm @ dc818c198d3ff50a16f38eba567da006478239c8; vllm/v1/metrics/{loggers,perf}.py
vllm:kv_block_idle_before_evict_seconds_count	vllm:kv_block_idle_before_evict_seconds_count	vllm:kv_block_idle_before_evict_seconds	histogram	engine,le,model_name	vLLM/KV Cache Residency	model_name,engine	latency	Histogram of idle time before KV cache block eviction. Sampled metrics (controlled by --kv-cache-metrics-sample).	histogram count component; same observation population as the family bucket/quantile, count, and sum components	raw histogram -> incremental -> observations/s; counted/measured object: Histogram of idle time before KV cache block eviction. Sampled metrics (controlled by --kv-cache-metrics-sample).	identity=model_name,engine; remaining=le retained as source metadata or intentionally aggregated by this chart; label availability follows exporter configuration; no optional label is used as instance identity unless the chart route requires it	KV-cache metrics sampling	source-derived synthetic shape/routing proof; does not prove live enablement, values, cadence, or cardinality	chart	vLLM/KV Cache Residency / KV Residency Measurements [measurements; observations/s; incremental]	vllm-project/vllm @ dc818c198d3ff50a16f38eba567da006478239c8; vllm/v1/metrics/{loggers,perf}.py
vllm:kv_block_idle_before_evict_seconds_sum	vllm:kv_block_idle_before_evict_seconds_sum	vllm:kv_block_idle_before_evict_seconds	histogram	engine,le,model_name	vLLM/KV Cache Residency	model_name,engine	latency	Histogram of idle time before KV cache block eviction. Sampled metrics (controlled by --kv-cache-metrics-sample).	histogram sum component; same observation population as the family bucket/quantile, count, and sum components	raw histogram -> incremental -> seconds/s; counted/measured object: Histogram of idle time before KV cache block eviction. Sampled metrics (controlled by --kv-cache-metrics-sample).	identity=model_name,engine; remaining=le retained as source metadata or intentionally aggregated by this chart; label availability follows exporter configuration; no optional label is used as instance identity unless the chart route requires it	KV-cache metrics sampling	source-derived synthetic shape/routing proof; does not prove live enablement, values, cadence, or cardinality	chart	vLLM/KV Cache Residency / Accumulated KV Residency Time [accumulated_time; seconds/s; incremental]	vllm-project/vllm @ dc818c198d3ff50a16f38eba567da006478239c8; vllm/v1/metrics/{loggers,perf}.py
vllm:kv_block_idle_before_evict_seconds_created	vllm:kv_block_idle_before_evict_seconds_created	vllm:kv_block_idle_before_evict_seconds_created	gauge	engine,model_name	<excluded>	<none>	latency	Histogram of idle time before KV cache block eviction. Sampled metrics (controlled by --kv-cache-metrics-sample).	generated registration-timestamp companion; excluded from operational charts	raw gauge; no rendered unit because job-excluded	source labels=engine,model_name; no chart identity/dimension role	KV-cache metrics sampling	source-derived synthetic shape/routing proof; exclusion reason is runtime-validated	job-excluded	recommended job exclusion; lost question documented in OPERATOR-MODEL.md	vllm-project/vllm @ dc818c198d3ff50a16f38eba567da006478239c8; vllm/v1/metrics/{loggers,perf}.py
vllm:kv_block_lifetime_seconds_bucket	vllm:kv_block_lifetime_seconds_bucket	vllm:kv_block_lifetime_seconds	histogram	engine,le,model_name	vLLM/KV Cache Residency	model_name,engine	latency	Histogram of KV cache block lifetime from allocation to eviction. Sampled metrics (controlled by --kv-cache-metrics-sample).	histogram bucket component; same observation population as the family bucket/quantile, count, and sum components	raw histogram -> incremental -> observations/s; counted/measured object: Histogram of KV cache block lifetime from allocation to eviction. Sampled metrics (controlled by --kv-cache-metrics-sample).	identity=model_name,engine; remaining=le retained as source metadata or intentionally aggregated by this chart; label availability follows exporter configuration; no optional label is used as instance identity unless the chart route requires it	KV-cache metrics sampling	source-derived synthetic shape/routing proof; does not prove live enablement, values, cadence, or cardinality	chart	vLLM/KV Cache Residency / KV Block Lifetime [block_lifetime; observations/s; incremental]	vllm-project/vllm @ dc818c198d3ff50a16f38eba567da006478239c8; vllm/v1/metrics/{loggers,perf}.py
vllm:kv_block_lifetime_seconds_count	vllm:kv_block_lifetime_seconds_count	vllm:kv_block_lifetime_seconds	histogram	engine,le,model_name	vLLM/KV Cache Residency	model_name,engine	latency	Histogram of KV cache block lifetime from allocation to eviction. Sampled metrics (controlled by --kv-cache-metrics-sample).	histogram count component; same observation population as the family bucket/quantile, count, and sum components	raw histogram -> incremental -> observations/s; counted/measured object: Histogram of KV cache block lifetime from allocation to eviction. Sampled metrics (controlled by --kv-cache-metrics-sample).	identity=model_name,engine; remaining=le retained as source metadata or intentionally aggregated by this chart; label availability follows exporter configuration; no optional label is used as instance identity unless the chart route requires it	KV-cache metrics sampling	source-derived synthetic shape/routing proof; does not prove live enablement, values, cadence, or cardinality	chart	vLLM/KV Cache Residency / KV Residency Measurements [measurements; observations/s; incremental]	vllm-project/vllm @ dc818c198d3ff50a16f38eba567da006478239c8; vllm/v1/metrics/{loggers,perf}.py
vllm:kv_block_lifetime_seconds_sum	vllm:kv_block_lifetime_seconds_sum	vllm:kv_block_lifetime_seconds	histogram	engine,le,model_name	vLLM/KV Cache Residency	model_name,engine	latency	Histogram of KV cache block lifetime from allocation to eviction. Sampled metrics (controlled by --kv-cache-metrics-sample).	histogram sum component; same observation population as the family bucket/quantile, count, and sum components	raw histogram -> incremental -> seconds/s; counted/measured object: Histogram of KV cache block lifetime from allocation to eviction. Sampled metrics (controlled by --kv-cache-metrics-sample).	identity=model_name,engine; remaining=le retained as source metadata or intentionally aggregated by this chart; label availability follows exporter configuration; no optional label is used as instance identity unless the chart route requires it	KV-cache metrics sampling	source-derived synthetic shape/routing proof; does not prove live enablement, values, cadence, or cardinality	chart	vLLM/KV Cache Residency / Accumulated KV Residency Time [accumulated_time; seconds/s; incremental]	vllm-project/vllm @ dc818c198d3ff50a16f38eba567da006478239c8; vllm/v1/metrics/{loggers,perf}.py
vllm:kv_block_lifetime_seconds_created	vllm:kv_block_lifetime_seconds_created	vllm:kv_block_lifetime_seconds_created	gauge	engine,model_name	<excluded>	<none>	latency	Histogram of KV cache block lifetime from allocation to eviction. Sampled metrics (controlled by --kv-cache-metrics-sample).	generated registration-timestamp companion; excluded from operational charts	raw gauge; no rendered unit because job-excluded	source labels=engine,model_name; no chart identity/dimension role	KV-cache metrics sampling	source-derived synthetic shape/routing proof; exclusion reason is runtime-validated	job-excluded	recommended job exclusion; lost question documented in OPERATOR-MODEL.md	vllm-project/vllm @ dc818c198d3ff50a16f38eba567da006478239c8; vllm/v1/metrics/{loggers,perf}.py
vllm:kv_block_reuse_gap_seconds_bucket	vllm:kv_block_reuse_gap_seconds_bucket	vllm:kv_block_reuse_gap_seconds	histogram	engine,le,model_name	vLLM/KV Cache Residency	model_name,engine	latency	Histogram of time gaps between consecutive KV cache block accesses. Only the most recent accesses are recorded (ring buffer). Sampled metrics (controlled by --kv-cache-metrics-sample).	histogram bucket component; same observation population as the family bucket/quantile, count, and sum components	raw histogram -> incremental -> observations/s; counted/measured object: Histogram of time gaps between consecutive KV cache block accesses. Only the most recent accesses are recorded (ring buffer). Sampled metrics (controlled by --kv-cache-metrics-sample).	identity=model_name,engine; remaining=le retained as source metadata or intentionally aggregated by this chart; label availability follows exporter configuration; no optional label is used as instance identity unless the chart route requires it	KV-cache metrics sampling	source-derived synthetic shape/routing proof; does not prove live enablement, values, cadence, or cardinality	chart	vLLM/KV Cache Residency / KV Block Reuse Gap [reuse_gap; observations/s; incremental]	vllm-project/vllm @ dc818c198d3ff50a16f38eba567da006478239c8; vllm/v1/metrics/{loggers,perf}.py
vllm:kv_block_reuse_gap_seconds_count	vllm:kv_block_reuse_gap_seconds_count	vllm:kv_block_reuse_gap_seconds	histogram	engine,le,model_name	vLLM/KV Cache Residency	model_name,engine	latency	Histogram of time gaps between consecutive KV cache block accesses. Only the most recent accesses are recorded (ring buffer). Sampled metrics (controlled by --kv-cache-metrics-sample).	histogram count component; same observation population as the family bucket/quantile, count, and sum components	raw histogram -> incremental -> observations/s; counted/measured object: Histogram of time gaps between consecutive KV cache block accesses. Only the most recent accesses are recorded (ring buffer). Sampled metrics (controlled by --kv-cache-metrics-sample).	identity=model_name,engine; remaining=le retained as source metadata or intentionally aggregated by this chart; label availability follows exporter configuration; no optional label is used as instance identity unless the chart route requires it	KV-cache metrics sampling	source-derived synthetic shape/routing proof; does not prove live enablement, values, cadence, or cardinality	chart	vLLM/KV Cache Residency / KV Residency Measurements [measurements; observations/s; incremental]	vllm-project/vllm @ dc818c198d3ff50a16f38eba567da006478239c8; vllm/v1/metrics/{loggers,perf}.py
vllm:kv_block_reuse_gap_seconds_sum	vllm:kv_block_reuse_gap_seconds_sum	vllm:kv_block_reuse_gap_seconds	histogram	engine,le,model_name	vLLM/KV Cache Residency	model_name,engine	latency	Histogram of time gaps between consecutive KV cache block accesses. Only the most recent accesses are recorded (ring buffer). Sampled metrics (controlled by --kv-cache-metrics-sample).	histogram sum component; same observation population as the family bucket/quantile, count, and sum components	raw histogram -> incremental -> seconds/s; counted/measured object: Histogram of time gaps between consecutive KV cache block accesses. Only the most recent accesses are recorded (ring buffer). Sampled metrics (controlled by --kv-cache-metrics-sample).	identity=model_name,engine; remaining=le retained as source metadata or intentionally aggregated by this chart; label availability follows exporter configuration; no optional label is used as instance identity unless the chart route requires it	KV-cache metrics sampling	source-derived synthetic shape/routing proof; does not prove live enablement, values, cadence, or cardinality	chart	vLLM/KV Cache Residency / Accumulated KV Residency Time [accumulated_time; seconds/s; incremental]	vllm-project/vllm @ dc818c198d3ff50a16f38eba567da006478239c8; vllm/v1/metrics/{loggers,perf}.py
vllm:kv_block_reuse_gap_seconds_created	vllm:kv_block_reuse_gap_seconds_created	vllm:kv_block_reuse_gap_seconds_created	gauge	engine,model_name	<excluded>	<none>	latency	Histogram of time gaps between consecutive KV cache block accesses. Only the most recent accesses are recorded (ring buffer). Sampled metrics (controlled by --kv-cache-metrics-sample).	generated registration-timestamp companion; excluded from operational charts	raw gauge; no rendered unit because job-excluded	source labels=engine,model_name; no chart identity/dimension role	KV-cache metrics sampling	source-derived synthetic shape/routing proof; exclusion reason is runtime-validated	job-excluded	recommended job exclusion; lost question documented in OPERATOR-MODEL.md	vllm-project/vllm @ dc818c198d3ff50a16f38eba567da006478239c8; vllm/v1/metrics/{loggers,perf}.py
vllm:kv_cache_usage_perc	vllm:kv_cache_usage_perc	vllm:kv_cache_usage_perc	gauge	engine,model_name	vLLM/KV Cache	model_name,engine	utilization/resource	KV-cache usage. 1 means 100 percent usage.	independent source family unless a source-defined relationship is stated in OPERATOR-MODEL.md	raw gauge -> absolute -> percentage; counted/measured object: KV-cache usage. 1 means 100 percent usage.	identity=model_name,engine; label availability follows exporter configuration; no optional label is used as instance identity unless the chart route requires it	vLLM engine/server; version and model-mode registration conditions apply	source-derived synthetic shape/routing proof; does not prove live enablement, values, cadence, or cardinality	chart	vLLM/KV Cache / KV Cache Usage [usage; percentage; absolute]	vllm-project/vllm @ dc818c198d3ff50a16f38eba567da006478239c8; vllm/v1/metrics/{loggers,perf}.py
vllm:kv_offload_allocation_failure_created	vllm:kv_offload_allocation_failure_created	vllm:kv_offload_allocation_failure_created	gauge	engine,model_name	<excluded>	<none>	error/outcome	Number of KV offload store allocation attempts that failed.	generated registration-timestamp companion; excluded from operational charts	raw gauge; no rendered unit because job-excluded	source labels=engine,model_name; no chart identity/dimension role	KV offloading/tiering configuration	source-derived synthetic shape/routing proof; exclusion reason is runtime-validated	job-excluded	recommended job exclusion; lost question documented in OPERATOR-MODEL.md	vllm-project/vllm @ dc818c198d3ff50a16f38eba567da006478239c8; vllm/distributed/kv_transfer/kv_connector/v1/offloading/metrics.py; vllm/v1/kv_offload/**
vllm:kv_offload_allocation_failure_total	vllm:kv_offload_allocation_failure_total	vllm:kv_offload_allocation_failure_total	counter	engine,model_name	vLLM/KV Offloading	model_name,engine	error/outcome	Number of KV offload store allocation attempts that failed.	independent source family unless a source-defined relationship is stated in OPERATOR-MODEL.md	raw counter -> incremental -> events/s; counted/measured object: Number of KV offload store allocation attempts that failed.	identity=model_name,engine; label availability follows exporter configuration; no optional label is used as instance identity unless the chart route requires it	KV offloading/tiering configuration	source-derived synthetic shape/routing proof; does not prove live enablement, values, cadence, or cardinality	chart	vLLM/KV Offloading / KV Offload Admission Outcomes [admission_outcomes; events/s; incremental]	vllm-project/vllm @ dc818c198d3ff50a16f38eba567da006478239c8; vllm/distributed/kv_transfer/kv_connector/v1/offloading/metrics.py; vllm/v1/kv_offload/**
vllm:kv_offload_cpu_allocation_size_bucket	vllm:kv_offload_cpu_allocation_size_bucket	vllm:kv_offload_cpu_allocation_size	histogram	engine,le,model_name	vLLM/KV Offloading	model_name,engine	utilization/resource	Histogram of the number of CPU blocks requested by each KV offload prepare_store call.	histogram bucket component; same observation population as the family bucket/quantile, count, and sum components	raw histogram -> incremental -> observations/s; counted/measured object: Histogram of the number of CPU blocks requested by each KV offload prepare_store call.	identity=model_name,engine; remaining=le retained as source metadata or intentionally aggregated by this chart; label availability follows exporter configuration; no optional label is used as instance identity unless the chart route requires it	KV offloading/tiering configuration	source-derived synthetic shape/routing proof; does not prove live enablement, values, cadence, or cardinality	chart	vLLM/KV Offloading / CPU KV Allocation Size [cpu_allocation_size; observations/s; incremental]	vllm-project/vllm @ dc818c198d3ff50a16f38eba567da006478239c8; vllm/distributed/kv_transfer/kv_connector/v1/offloading/metrics.py; vllm/v1/kv_offload/**
vllm:kv_offload_cpu_allocation_size_count	vllm:kv_offload_cpu_allocation_size_count	vllm:kv_offload_cpu_allocation_size	histogram	engine,le,model_name	vLLM/KV Offloading	model_name,engine	utilization/resource	Histogram of the number of CPU blocks requested by each KV offload prepare_store call.	histogram count component; same observation population as the family bucket/quantile, count, and sum components	raw histogram -> incremental -> allocations/s; counted/measured object: Histogram of the number of CPU blocks requested by each KV offload prepare_store call.	identity=model_name,engine; remaining=le retained as source metadata or intentionally aggregated by this chart; label availability follows exporter configuration; no optional label is used as instance identity unless the chart route requires it	KV offloading/tiering configuration	source-derived synthetic shape/routing proof; does not prove live enablement, values, cadence, or cardinality	chart	vLLM/KV Offloading / CPU KV Allocation Measurements [cpu_allocation_measurements; allocations/s; incremental]	vllm-project/vllm @ dc818c198d3ff50a16f38eba567da006478239c8; vllm/distributed/kv_transfer/kv_connector/v1/offloading/metrics.py; vllm/v1/kv_offload/**
vllm:kv_offload_cpu_allocation_size_sum	vllm:kv_offload_cpu_allocation_size_sum	vllm:kv_offload_cpu_allocation_size	histogram	engine,le,model_name	vLLM/KV Offloading	model_name,engine	utilization/resource	Histogram of the number of CPU blocks requested by each KV offload prepare_store call.	histogram sum component; same observation population as the family bucket/quantile, count, and sum components	raw histogram -> incremental -> blocks/s; counted/measured object: Histogram of the number of CPU blocks requested by each KV offload prepare_store call.	identity=model_name,engine; remaining=le retained as source metadata or intentionally aggregated by this chart; label availability follows exporter configuration; no optional label is used as instance identity unless the chart route requires it	KV offloading/tiering configuration	source-derived synthetic shape/routing proof; does not prove live enablement, values, cadence, or cardinality	chart	vLLM/KV Offloading / CPU KV Allocation Volume [cpu_allocation_volume; blocks/s; incremental]	vllm-project/vllm @ dc818c198d3ff50a16f38eba567da006478239c8; vllm/distributed/kv_transfer/kv_connector/v1/offloading/metrics.py; vllm/v1/kv_offload/**
vllm:kv_offload_cpu_allocation_size_created	vllm:kv_offload_cpu_allocation_size_created	vllm:kv_offload_cpu_allocation_size_created	gauge	engine,model_name	<excluded>	<none>	utilization/resource	Histogram of the number of CPU blocks requested by each KV offload prepare_store call.	generated registration-timestamp companion; excluded from operational charts	raw gauge; no rendered unit because job-excluded	source labels=engine,model_name; no chart identity/dimension role	KV offloading/tiering configuration	source-derived synthetic shape/routing proof; exclusion reason is runtime-validated	job-excluded	recommended job exclusion; lost question documented in OPERATOR-MODEL.md	vllm-project/vllm @ dc818c198d3ff50a16f38eba567da006478239c8; vllm/distributed/kv_transfer/kv_connector/v1/offloading/metrics.py; vllm/v1/kv_offload/**
vllm:kv_offload_cpu_cache_read_usage_perc	vllm:kv_offload_cpu_cache_read_usage_perc	vllm:kv_offload_cpu_cache_read_usage_perc	gauge	engine,model_name	vLLM/KV Offloading	model_name,engine	capacity/resource	Fraction of CPU KV-cache space currently pinned by in-flight loads that have not yet completed (0.0 = idle, 1.0 = saturated).	independent source family unless a source-defined relationship is stated in OPERATOR-MODEL.md	raw gauge -> absolute -> percentage; counted/measured object: Fraction of CPU KV-cache space currently pinned by in-flight loads that have not yet completed (0.0 = idle, 1.0 = saturated).	identity=model_name,engine; label availability follows exporter configuration; no optional label is used as instance identity unless the chart route requires it	KV offloading/tiering configuration	source-derived synthetic shape/routing proof; does not prove live enablement, values, cadence, or cardinality	chart	vLLM/KV Offloading / CPU KV Cache Usage [cpu_cache_usage; percentage; absolute]	vllm-project/vllm @ dc818c198d3ff50a16f38eba567da006478239c8; vllm/distributed/kv_transfer/kv_connector/v1/offloading/metrics.py; vllm/v1/kv_offload/**
vllm:kv_offload_cpu_cache_usage_perc	vllm:kv_offload_cpu_cache_usage_perc	vllm:kv_offload_cpu_cache_usage_perc	gauge	engine,model_name	vLLM/KV Offloading	model_name,engine	capacity/resource	Fraction of CPU KV-cache space currently pinned by active transfers (0.0 = idle, 1.0 = saturated).	independent source family unless a source-defined relationship is stated in OPERATOR-MODEL.md	raw gauge -> absolute -> percentage; counted/measured object: Fraction of CPU KV-cache space currently pinned by active transfers (0.0 = idle, 1.0 = saturated).	identity=model_name,engine; label availability follows exporter configuration; no optional label is used as instance identity unless the chart route requires it	KV offloading/tiering configuration	source-derived synthetic shape/routing proof; does not prove live enablement, values, cadence, or cardinality	chart	vLLM/KV Offloading / CPU KV Cache Usage [cpu_cache_usage; percentage; absolute]	vllm-project/vllm @ dc818c198d3ff50a16f38eba567da006478239c8; vllm/distributed/kv_transfer/kv_connector/v1/offloading/metrics.py; vllm/v1/kv_offload/**
vllm:kv_offload_cpu_cache_write_usage_perc	vllm:kv_offload_cpu_cache_write_usage_perc	vllm:kv_offload_cpu_cache_write_usage_perc	gauge	engine,model_name	vLLM/KV Offloading	model_name,engine	capacity/resource	Fraction of CPU KV-cache space currently pinned by in-flight stores that have not yet completed (0.0 = idle, 1.0 = saturated).	independent source family unless a source-defined relationship is stated in OPERATOR-MODEL.md	raw gauge -> absolute -> percentage; counted/measured object: Fraction of CPU KV-cache space currently pinned by in-flight stores that have not yet completed (0.0 = idle, 1.0 = saturated).	identity=model_name,engine; label availability follows exporter configuration; no optional label is used as instance identity unless the chart route requires it	KV offloading/tiering configuration	source-derived synthetic shape/routing proof; does not prove live enablement, values, cadence, or cardinality	chart	vLLM/KV Offloading / CPU KV Cache Usage [cpu_cache_usage; percentage; absolute]	vllm-project/vllm @ dc818c198d3ff50a16f38eba567da006478239c8; vllm/distributed/kv_transfer/kv_connector/v1/offloading/metrics.py; vllm/v1/kv_offload/**
vllm:kv_offload_load_bytes_created	vllm:kv_offload_load_bytes_created	vllm:kv_offload_load_bytes_created	gauge	engine,model_name	<excluded>	<none>	capacity/resource	Total bytes loaded from offload storage to GPU.	generated registration-timestamp companion; excluded from operational charts	raw gauge; no rendered unit because job-excluded	source labels=engine,model_name; no chart identity/dimension role	KV offloading/tiering configuration	source-derived synthetic shape/routing proof; exclusion reason is runtime-validated	job-excluded	recommended job exclusion; lost question documented in OPERATOR-MODEL.md	vllm-project/vllm @ dc818c198d3ff50a16f38eba567da006478239c8; vllm/distributed/kv_transfer/kv_connector/v1/offloading/metrics.py; vllm/v1/kv_offload/**
vllm:kv_offload_load_bytes_total	vllm:kv_offload_load_bytes_total	vllm:kv_offload_load_bytes_total	counter	engine,model_name	vLLM/KV Offloading	model_name,engine	capacity/resource	Total bytes loaded from offload storage to GPU.	independent source family unless a source-defined relationship is stated in OPERATOR-MODEL.md	raw counter -> incremental -> bytes/s; counted/measured object: Total bytes loaded from offload storage to GPU.	identity=model_name,engine; label availability follows exporter configuration; no optional label is used as instance identity unless the chart route requires it	KV offloading/tiering configuration	source-derived synthetic shape/routing proof; does not prove live enablement, values, cadence, or cardinality	chart	vLLM/KV Offloading / KV Offload Transfer Byte Accounting [transfer_bytes; bytes/s; incremental]	vllm-project/vllm @ dc818c198d3ff50a16f38eba567da006478239c8; vllm/distributed/kv_transfer/kv_connector/v1/offloading/metrics.py; vllm/v1/kv_offload/**
vllm:kv_offload_load_size_bucket	vllm:kv_offload_load_size_bucket	vllm:kv_offload_load_size	histogram	engine,le,model_name	vLLM/KV Offloading	model_name,engine	workload/outcome	Histogram of KV offload load operation size, in bytes.	histogram bucket component; same observation population as the family bucket/quantile, count, and sum components	raw histogram -> incremental -> observations/s; counted/measured object: Histogram of KV offload load operation size, in bytes.	identity=model_name,engine; remaining=le retained as source metadata or intentionally aggregated by this chart; label availability follows exporter configuration; no optional label is used as instance identity unless the chart route requires it	KV offloading/tiering configuration	source-derived synthetic shape/routing proof; does not prove live enablement, values, cadence, or cardinality	chart	vLLM/KV Offloading / KV Offload Load Size [load_size; observations/s; incremental]	vllm-project/vllm @ dc818c198d3ff50a16f38eba567da006478239c8; vllm/distributed/kv_transfer/kv_connector/v1/offloading/metrics.py; vllm/v1/kv_offload/**
vllm:kv_offload_load_size_count	vllm:kv_offload_load_size_count	vllm:kv_offload_load_size	histogram	engine,le,model_name	vLLM/KV Offloading	model_name,engine	workload/outcome	Histogram of KV offload load operation size, in bytes.	histogram count component; same observation population as the family bucket/quantile, count, and sum components	raw histogram -> incremental -> operations/s; counted/measured object: Histogram of KV offload load operation size, in bytes.	identity=model_name,engine; remaining=le retained as source metadata or intentionally aggregated by this chart; label availability follows exporter configuration; no optional label is used as instance identity unless the chart route requires it	KV offloading/tiering configuration	source-derived synthetic shape/routing proof; does not prove live enablement, values, cadence, or cardinality	chart	vLLM/KV Offloading / KV Offload Transfer Operations [transfer_operations; operations/s; incremental]	vllm-project/vllm @ dc818c198d3ff50a16f38eba567da006478239c8; vllm/distributed/kv_transfer/kv_connector/v1/offloading/metrics.py; vllm/v1/kv_offload/**
vllm:kv_offload_load_size_sum	vllm:kv_offload_load_size_sum	vllm:kv_offload_load_size	histogram	engine,le,model_name	vLLM/KV Offloading	model_name,engine	workload/outcome	Histogram of KV offload load operation size, in bytes.	histogram sum component; same observation population as the family bucket/quantile, count, and sum components	raw histogram -> incremental -> bytes/s; counted/measured object: Histogram of KV offload load operation size, in bytes.	identity=model_name,engine; remaining=le retained as source metadata or intentionally aggregated by this chart; label availability follows exporter configuration; no optional label is used as instance identity unless the chart route requires it	KV offloading/tiering configuration	source-derived synthetic shape/routing proof; does not prove live enablement, values, cadence, or cardinality	chart	vLLM/KV Offloading / KV Offload Transfer Byte Accounting [transfer_bytes; bytes/s; incremental]	vllm-project/vllm @ dc818c198d3ff50a16f38eba567da006478239c8; vllm/distributed/kv_transfer/kv_connector/v1/offloading/metrics.py; vllm/v1/kv_offload/**
vllm:kv_offload_load_size_created	vllm:kv_offload_load_size_created	vllm:kv_offload_load_size_created	gauge	engine,model_name	<excluded>	<none>	workload/outcome	Histogram of KV offload load operation size, in bytes.	generated registration-timestamp companion; excluded from operational charts	raw gauge; no rendered unit because job-excluded	source labels=engine,model_name; no chart identity/dimension role	KV offloading/tiering configuration	source-derived synthetic shape/routing proof; exclusion reason is runtime-validated	job-excluded	recommended job exclusion; lost question documented in OPERATOR-MODEL.md	vllm-project/vllm @ dc818c198d3ff50a16f38eba567da006478239c8; vllm/distributed/kv_transfer/kv_connector/v1/offloading/metrics.py; vllm/v1/kv_offload/**
vllm:kv_offload_load_time_created	vllm:kv_offload_load_time_created	vllm:kv_offload_load_time_created	gauge	engine,model_name	<excluded>	<none>	latency	Total load time from offload storage to GPU, in seconds.	generated registration-timestamp companion; excluded from operational charts	raw gauge; no rendered unit because job-excluded	source labels=engine,model_name; no chart identity/dimension role	KV offloading/tiering configuration	source-derived synthetic shape/routing proof; exclusion reason is runtime-validated	job-excluded	recommended job exclusion; lost question documented in OPERATOR-MODEL.md	vllm-project/vllm @ dc818c198d3ff50a16f38eba567da006478239c8; vllm/distributed/kv_transfer/kv_connector/v1/offloading/metrics.py; vllm/v1/kv_offload/**
vllm:kv_offload_load_time_total	vllm:kv_offload_load_time_total	vllm:kv_offload_load_time_total	counter	engine,model_name	vLLM/KV Offloading	model_name,engine	latency	Total load time from offload storage to GPU, in seconds.	independent source family unless a source-defined relationship is stated in OPERATOR-MODEL.md	raw counter -> incremental -> in-flight; counted/measured object: Total load time from offload storage to GPU, in seconds.	identity=model_name,engine; label availability follows exporter configuration; no optional label is used as instance identity unless the chart route requires it	KV offloading/tiering configuration	source-derived synthetic shape/routing proof; does not prove live enablement, values, cadence, or cardinality	chart	vLLM/KV Offloading / KV Offload Transfer Concurrency [transfer_concurrency; in-flight; incremental]	vllm-project/vllm @ dc818c198d3ff50a16f38eba567da006478239c8; vllm/distributed/kv_transfer/kv_connector/v1/offloading/metrics.py; vllm/v1/kv_offload/**
vllm:kv_offload_lookup_async_delay_seconds_bucket	vllm:kv_offload_lookup_async_delay_seconds_bucket	vllm:kv_offload_lookup_async_delay_seconds	histogram	engine,le,model_name	vLLM/KV Offloading	model_name,engine	latency	Histogram of time between a request's offload lookup first deferring and the following lookup resolving, or request finish, in seconds.	histogram bucket component; same observation population as the family bucket/quantile, count, and sum components	raw histogram -> incremental -> observations/s; counted/measured object: Histogram of time between a request's offload lookup first deferring and the following lookup resolving, or request finish, in seconds.	identity=model_name,engine; remaining=le retained as source metadata or intentionally aggregated by this chart; label availability follows exporter configuration; no optional label is used as instance identity unless the chart route requires it	KV offloading/tiering configuration	source-derived synthetic shape/routing proof; does not prove live enablement, values, cadence, or cardinality	chart	vLLM/KV Offloading / KV Offload Asynchronous Lookup Delay [lookup_async_delay; observations/s; incremental]	vllm-project/vllm @ dc818c198d3ff50a16f38eba567da006478239c8; vllm/distributed/kv_transfer/kv_connector/v1/offloading/metrics.py; vllm/v1/kv_offload/**
vllm:kv_offload_lookup_async_delay_seconds_count	vllm:kv_offload_lookup_async_delay_seconds_count	vllm:kv_offload_lookup_async_delay_seconds	histogram	engine,le,model_name	vLLM/KV Offloading	model_name,engine	latency	Histogram of time between a request's offload lookup first deferring and the following lookup resolving, or request finish, in seconds.	histogram count component; same observation population as the family bucket/quantile, count, and sum components	raw histogram -> incremental -> lookups/s; counted/measured object: Histogram of time between a request's offload lookup first deferring and the following lookup resolving, or request finish, in seconds.	identity=model_name,engine; remaining=le retained as source metadata or intentionally aggregated by this chart; label availability follows exporter configuration; no optional label is used as instance identity unless the chart route requires it	KV offloading/tiering configuration	source-derived synthetic shape/routing proof; does not prove live enablement, values, cadence, or cardinality	chart	vLLM/KV Offloading / KV Offload Lookup Measurements [lookup_measurements; lookups/s; incremental]	vllm-project/vllm @ dc818c198d3ff50a16f38eba567da006478239c8; vllm/distributed/kv_transfer/kv_connector/v1/offloading/metrics.py; vllm/v1/kv_offload/**
vllm:kv_offload_lookup_async_delay_seconds_sum	vllm:kv_offload_lookup_async_delay_seconds_sum	vllm:kv_offload_lookup_async_delay_seconds	histogram	engine,le,model_name	vLLM/KV Offloading	model_name,engine	latency	Histogram of time between a request's offload lookup first deferring and the following lookup resolving, or request finish, in seconds.	histogram sum component; same observation population as the family bucket/quantile, count, and sum components	raw histogram -> incremental -> seconds/s; counted/measured object: Histogram of time between a request's offload lookup first deferring and the following lookup resolving, or request finish, in seconds.	identity=model_name,engine; remaining=le retained as source metadata or intentionally aggregated by this chart; label availability follows exporter configuration; no optional label is used as instance identity unless the chart route requires it	KV offloading/tiering configuration	source-derived synthetic shape/routing proof; does not prove live enablement, values, cadence, or cardinality	chart	vLLM/KV Offloading / KV Offload Lookup Delay Accumulation [lookup_delay_accumulation; seconds/s; incremental]	vllm-project/vllm @ dc818c198d3ff50a16f38eba567da006478239c8; vllm/distributed/kv_transfer/kv_connector/v1/offloading/metrics.py; vllm/v1/kv_offload/**
vllm:kv_offload_lookup_async_delay_seconds_created	vllm:kv_offload_lookup_async_delay_seconds_created	vllm:kv_offload_lookup_async_delay_seconds_created	gauge	engine,model_name	<excluded>	<none>	latency	Histogram of time between a request's offload lookup first deferring and the following lookup resolving, or request finish, in seconds.	generated registration-timestamp companion; excluded from operational charts	raw gauge; no rendered unit because job-excluded	source labels=engine,model_name; no chart identity/dimension role	KV offloading/tiering configuration	source-derived synthetic shape/routing proof; exclusion reason is runtime-validated	job-excluded	recommended job exclusion; lost question documented in OPERATOR-MODEL.md	vllm-project/vllm @ dc818c198d3ff50a16f38eba567da006478239c8; vllm/distributed/kv_transfer/kv_connector/v1/offloading/metrics.py; vllm/v1/kv_offload/**
vllm:kv_offload_lookup_sync_delay_seconds_bucket	vllm:kv_offload_lookup_sync_delay_seconds_bucket	vllm:kv_offload_lookup_sync_delay_seconds	histogram	engine,le,model_name	vLLM/KV Offloading	model_name,engine	latency	Histogram of the time spent in a single offload lookup call, in seconds.	histogram bucket component; same observation population as the family bucket/quantile, count, and sum components	raw histogram -> incremental -> observations/s; counted/measured object: Histogram of the time spent in a single offload lookup call, in seconds.	identity=model_name,engine; remaining=le retained as source metadata or intentionally aggregated by this chart; label availability follows exporter configuration; no optional label is used as instance identity unless the chart route requires it	KV offloading/tiering configuration	source-derived synthetic shape/routing proof; does not prove live enablement, values, cadence, or cardinality	chart	vLLM/KV Offloading / KV Offload Synchronous Lookup Delay [lookup_sync_delay; observations/s; incremental]	vllm-project/vllm @ dc818c198d3ff50a16f38eba567da006478239c8; vllm/distributed/kv_transfer/kv_connector/v1/offloading/metrics.py; vllm/v1/kv_offload/**
vllm:kv_offload_lookup_sync_delay_seconds_count	vllm:kv_offload_lookup_sync_delay_seconds_count	vllm:kv_offload_lookup_sync_delay_seconds	histogram	engine,le,model_name	vLLM/KV Offloading	model_name,engine	latency	Histogram of the time spent in a single offload lookup call, in seconds.	histogram count component; same observation population as the family bucket/quantile, count, and sum components	raw histogram -> incremental -> lookups/s; counted/measured object: Histogram of the time spent in a single offload lookup call, in seconds.	identity=model_name,engine; remaining=le retained as source metadata or intentionally aggregated by this chart; label availability follows exporter configuration; no optional label is used as instance identity unless the chart route requires it	KV offloading/tiering configuration	source-derived synthetic shape/routing proof; does not prove live enablement, values, cadence, or cardinality	chart	vLLM/KV Offloading / KV Offload Lookup Measurements [lookup_measurements; lookups/s; incremental]	vllm-project/vllm @ dc818c198d3ff50a16f38eba567da006478239c8; vllm/distributed/kv_transfer/kv_connector/v1/offloading/metrics.py; vllm/v1/kv_offload/**
vllm:kv_offload_lookup_sync_delay_seconds_sum	vllm:kv_offload_lookup_sync_delay_seconds_sum	vllm:kv_offload_lookup_sync_delay_seconds	histogram	engine,le,model_name	vLLM/KV Offloading	model_name,engine	latency	Histogram of the time spent in a single offload lookup call, in seconds.	histogram sum component; same observation population as the family bucket/quantile, count, and sum components	raw histogram -> incremental -> seconds/s; counted/measured object: Histogram of the time spent in a single offload lookup call, in seconds.	identity=model_name,engine; remaining=le retained as source metadata or intentionally aggregated by this chart; label availability follows exporter configuration; no optional label is used as instance identity unless the chart route requires it	KV offloading/tiering configuration	source-derived synthetic shape/routing proof; does not prove live enablement, values, cadence, or cardinality	chart	vLLM/KV Offloading / KV Offload Lookup Delay Accumulation [lookup_delay_accumulation; seconds/s; incremental]	vllm-project/vllm @ dc818c198d3ff50a16f38eba567da006478239c8; vllm/distributed/kv_transfer/kv_connector/v1/offloading/metrics.py; vllm/v1/kv_offload/**
vllm:kv_offload_lookup_sync_delay_seconds_created	vllm:kv_offload_lookup_sync_delay_seconds_created	vllm:kv_offload_lookup_sync_delay_seconds_created	gauge	engine,model_name	<excluded>	<none>	latency	Histogram of the time spent in a single offload lookup call, in seconds.	generated registration-timestamp companion; excluded from operational charts	raw gauge; no rendered unit because job-excluded	source labels=engine,model_name; no chart identity/dimension role	KV offloading/tiering configuration	source-derived synthetic shape/routing proof; exclusion reason is runtime-validated	job-excluded	recommended job exclusion; lost question documented in OPERATOR-MODEL.md	vllm-project/vllm @ dc818c198d3ff50a16f38eba567da006478239c8; vllm/distributed/kv_transfer/kv_connector/v1/offloading/metrics.py; vllm/v1/kv_offload/**
vllm:kv_offload_size	vllm:kv_offload_size_bucket,vllm:kv_offload_size_count,vllm:kv_offload_size_sum	vllm:kv_offload_size	histogram	engine,le,model_name,transfer_type	<excluded>	<none>	workload/outcome	Histogram of KV offload transfer size, in bytes.	histogram quantile component; same observation population as the family bucket/quantile, count, and sum components	raw histogram; no rendered unit because job-excluded	source labels=engine,le,model_name,transfer_type; no chart identity/dimension role	KV offloading/tiering configuration	source-derived synthetic shape/routing proof; exclusion reason is runtime-validated	job-excluded	recommended job exclusion; lost question documented in OPERATOR-MODEL.md	vllm-project/vllm @ dc818c198d3ff50a16f38eba567da006478239c8; vllm/distributed/kv_transfer/kv_connector/v1/offloading/metrics.py; vllm/v1/kv_offload/**
vllm:kv_offload_size_created	vllm:kv_offload_size_created	vllm:kv_offload_size_created	gauge	engine,model_name,transfer_type	<excluded>	<none>	workload/outcome	Histogram of KV offload transfer size, in bytes.	generated registration-timestamp companion; excluded from operational charts	raw gauge; no rendered unit because job-excluded	source labels=engine,model_name,transfer_type; no chart identity/dimension role	KV offloading/tiering configuration	source-derived synthetic shape/routing proof; exclusion reason is runtime-validated	job-excluded	recommended job exclusion; lost question documented in OPERATOR-MODEL.md	vllm-project/vllm @ dc818c198d3ff50a16f38eba567da006478239c8; vllm/distributed/kv_transfer/kv_connector/v1/offloading/metrics.py; vllm/v1/kv_offload/**
vllm:kv_offload_store_bytes_created	vllm:kv_offload_store_bytes_created	vllm:kv_offload_store_bytes_created	gauge	engine,model_name	<excluded>	<none>	capacity/resource	Total bytes stored from GPU to offload storage.	generated registration-timestamp companion; excluded from operational charts	raw gauge; no rendered unit because job-excluded	source labels=engine,model_name; no chart identity/dimension role	KV offloading/tiering configuration	source-derived synthetic shape/routing proof; exclusion reason is runtime-validated	job-excluded	recommended job exclusion; lost question documented in OPERATOR-MODEL.md	vllm-project/vllm @ dc818c198d3ff50a16f38eba567da006478239c8; vllm/distributed/kv_transfer/kv_connector/v1/offloading/metrics.py; vllm/v1/kv_offload/**
vllm:kv_offload_store_bytes_total	vllm:kv_offload_store_bytes_total	vllm:kv_offload_store_bytes_total	counter	engine,model_name	vLLM/KV Offloading	model_name,engine	capacity/resource	Total bytes stored from GPU to offload storage.	independent source family unless a source-defined relationship is stated in OPERATOR-MODEL.md	raw counter -> incremental -> bytes/s; counted/measured object: Total bytes stored from GPU to offload storage.	identity=model_name,engine; label availability follows exporter configuration; no optional label is used as instance identity unless the chart route requires it	KV offloading/tiering configuration	source-derived synthetic shape/routing proof; does not prove live enablement, values, cadence, or cardinality	chart	vLLM/KV Offloading / KV Offload Transfer Byte Accounting [transfer_bytes; bytes/s; incremental]	vllm-project/vllm @ dc818c198d3ff50a16f38eba567da006478239c8; vllm/distributed/kv_transfer/kv_connector/v1/offloading/metrics.py; vllm/v1/kv_offload/**
vllm:kv_offload_store_size_bucket	vllm:kv_offload_store_size_bucket	vllm:kv_offload_store_size	histogram	engine,le,model_name	vLLM/KV Offloading	model_name,engine	workload/outcome	Histogram of KV offload store operation size, in bytes.	histogram bucket component; same observation population as the family bucket/quantile, count, and sum components	raw histogram -> incremental -> observations/s; counted/measured object: Histogram of KV offload store operation size, in bytes.	identity=model_name,engine; remaining=le retained as source metadata or intentionally aggregated by this chart; label availability follows exporter configuration; no optional label is used as instance identity unless the chart route requires it	KV offloading/tiering configuration	source-derived synthetic shape/routing proof; does not prove live enablement, values, cadence, or cardinality	chart	vLLM/KV Offloading / KV Offload Store Size [store_size; observations/s; incremental]	vllm-project/vllm @ dc818c198d3ff50a16f38eba567da006478239c8; vllm/distributed/kv_transfer/kv_connector/v1/offloading/metrics.py; vllm/v1/kv_offload/**
vllm:kv_offload_store_size_count	vllm:kv_offload_store_size_count	vllm:kv_offload_store_size	histogram	engine,le,model_name	vLLM/KV Offloading	model_name,engine	workload/outcome	Histogram of KV offload store operation size, in bytes.	histogram count component; same observation population as the family bucket/quantile, count, and sum components	raw histogram -> incremental -> operations/s; counted/measured object: Histogram of KV offload store operation size, in bytes.	identity=model_name,engine; remaining=le retained as source metadata or intentionally aggregated by this chart; label availability follows exporter configuration; no optional label is used as instance identity unless the chart route requires it	KV offloading/tiering configuration	source-derived synthetic shape/routing proof; does not prove live enablement, values, cadence, or cardinality	chart	vLLM/KV Offloading / KV Offload Transfer Operations [transfer_operations; operations/s; incremental]	vllm-project/vllm @ dc818c198d3ff50a16f38eba567da006478239c8; vllm/distributed/kv_transfer/kv_connector/v1/offloading/metrics.py; vllm/v1/kv_offload/**
vllm:kv_offload_store_size_sum	vllm:kv_offload_store_size_sum	vllm:kv_offload_store_size	histogram	engine,le,model_name	vLLM/KV Offloading	model_name,engine	workload/outcome	Histogram of KV offload store operation size, in bytes.	histogram sum component; same observation population as the family bucket/quantile, count, and sum components	raw histogram -> incremental -> bytes/s; counted/measured object: Histogram of KV offload store operation size, in bytes.	identity=model_name,engine; remaining=le retained as source metadata or intentionally aggregated by this chart; label availability follows exporter configuration; no optional label is used as instance identity unless the chart route requires it	KV offloading/tiering configuration	source-derived synthetic shape/routing proof; does not prove live enablement, values, cadence, or cardinality	chart	vLLM/KV Offloading / KV Offload Transfer Byte Accounting [transfer_bytes; bytes/s; incremental]	vllm-project/vllm @ dc818c198d3ff50a16f38eba567da006478239c8; vllm/distributed/kv_transfer/kv_connector/v1/offloading/metrics.py; vllm/v1/kv_offload/**
vllm:kv_offload_store_size_created	vllm:kv_offload_store_size_created	vllm:kv_offload_store_size_created	gauge	engine,model_name	<excluded>	<none>	workload/outcome	Histogram of KV offload store operation size, in bytes.	generated registration-timestamp companion; excluded from operational charts	raw gauge; no rendered unit because job-excluded	source labels=engine,model_name; no chart identity/dimension role	KV offloading/tiering configuration	source-derived synthetic shape/routing proof; exclusion reason is runtime-validated	job-excluded	recommended job exclusion; lost question documented in OPERATOR-MODEL.md	vllm-project/vllm @ dc818c198d3ff50a16f38eba567da006478239c8; vllm/distributed/kv_transfer/kv_connector/v1/offloading/metrics.py; vllm/v1/kv_offload/**
vllm:kv_offload_store_time_created	vllm:kv_offload_store_time_created	vllm:kv_offload_store_time_created	gauge	engine,model_name	<excluded>	<none>	latency	Total store time from GPU to offload storage, in seconds.	generated registration-timestamp companion; excluded from operational charts	raw gauge; no rendered unit because job-excluded	source labels=engine,model_name; no chart identity/dimension role	KV offloading/tiering configuration	source-derived synthetic shape/routing proof; exclusion reason is runtime-validated	job-excluded	recommended job exclusion; lost question documented in OPERATOR-MODEL.md	vllm-project/vllm @ dc818c198d3ff50a16f38eba567da006478239c8; vllm/distributed/kv_transfer/kv_connector/v1/offloading/metrics.py; vllm/v1/kv_offload/**
vllm:kv_offload_store_time_total	vllm:kv_offload_store_time_total	vllm:kv_offload_store_time_total	counter	engine,model_name	vLLM/KV Offloading	model_name,engine	latency	Total store time from GPU to offload storage, in seconds.	independent source family unless a source-defined relationship is stated in OPERATOR-MODEL.md	raw counter -> incremental -> in-flight; counted/measured object: Total store time from GPU to offload storage, in seconds.	identity=model_name,engine; label availability follows exporter configuration; no optional label is used as instance identity unless the chart route requires it	KV offloading/tiering configuration	source-derived synthetic shape/routing proof; does not prove live enablement, values, cadence, or cardinality	chart	vLLM/KV Offloading / KV Offload Transfer Concurrency [transfer_concurrency; in-flight; incremental]	vllm-project/vllm @ dc818c198d3ff50a16f38eba567da006478239c8; vllm/distributed/kv_transfer/kv_connector/v1/offloading/metrics.py; vllm/v1/kv_offload/**
vllm:kv_offload_stores_skipped_created	vllm:kv_offload_stores_skipped_created	vllm:kv_offload_stores_skipped_created	gauge	engine,model_name	<excluded>	<none>	domain signal	Number of KV offload stores skipped because the reuse threshold was not reached.	generated registration-timestamp companion; excluded from operational charts	raw gauge; no rendered unit because job-excluded	source labels=engine,model_name; no chart identity/dimension role	KV offloading/tiering configuration	source-derived synthetic shape/routing proof; exclusion reason is runtime-validated	job-excluded	recommended job exclusion; lost question documented in OPERATOR-MODEL.md	vllm-project/vllm @ dc818c198d3ff50a16f38eba567da006478239c8; vllm/distributed/kv_transfer/kv_connector/v1/offloading/metrics.py; vllm/v1/kv_offload/**
vllm:kv_offload_stores_skipped_total	vllm:kv_offload_stores_skipped_total	vllm:kv_offload_stores_skipped_total	counter	engine,model_name	vLLM/KV Offloading	model_name,engine	error/outcome	Number of KV offload stores skipped because the reuse threshold was not reached.	independent source family unless a source-defined relationship is stated in OPERATOR-MODEL.md	raw counter -> incremental -> events/s; counted/measured object: Number of KV offload stores skipped because the reuse threshold was not reached.	identity=model_name,engine; label availability follows exporter configuration; no optional label is used as instance identity unless the chart route requires it	KV offloading/tiering configuration	source-derived synthetic shape/routing proof; does not prove live enablement, values, cadence, or cardinality	chart	vLLM/KV Offloading / KV Offload Admission Outcomes [admission_outcomes; events/s; incremental]	vllm-project/vllm @ dc818c198d3ff50a16f38eba567da006478239c8; vllm/distributed/kv_transfer/kv_connector/v1/offloading/metrics.py; vllm/v1/kv_offload/**
vllm:kv_offload_tiering_lookup_async_delay_seconds_bucket	vllm:kv_offload_tiering_lookup_async_delay_seconds_bucket	vllm:kv_offload_tiering_lookup_async_delay_seconds	histogram	engine,le,model_name	vLLM/KV Offloading	model_name,engine	latency	Histogram of wall-clock time from a request's first deferred secondary-tier lookup until the request is allocated or finishes, in seconds.	histogram bucket component; same observation population as the family bucket/quantile, count, and sum components	raw histogram -> incremental -> observations/s; counted/measured object: Histogram of wall-clock time from a request's first deferred secondary-tier lookup until the request is allocated or finishes, in seconds.	identity=model_name,engine; remaining=le retained as source metadata or intentionally aggregated by this chart; label availability follows exporter configuration; no optional label is used as instance identity unless the chart route requires it	KV offloading/tiering configuration	source-derived synthetic shape/routing proof; does not prove live enablement, values, cadence, or cardinality	chart	vLLM/KV Offloading / Tiered KV Offload Asynchronous Lookup Delay [tiering_lookup_async_delay; observations/s; incremental]	vllm-project/vllm @ dc818c198d3ff50a16f38eba567da006478239c8; vllm/distributed/kv_transfer/kv_connector/v1/offloading/metrics.py; vllm/v1/kv_offload/**
vllm:kv_offload_tiering_lookup_async_delay_seconds_count	vllm:kv_offload_tiering_lookup_async_delay_seconds_count	vllm:kv_offload_tiering_lookup_async_delay_seconds	histogram	engine,le,model_name	vLLM/KV Offloading	model_name,engine	latency	Histogram of wall-clock time from a request's first deferred secondary-tier lookup until the request is allocated or finishes, in seconds.	histogram count component; same observation population as the family bucket/quantile, count, and sum components	raw histogram -> incremental -> lookups/s; counted/measured object: Histogram of wall-clock time from a request's first deferred secondary-tier lookup until the request is allocated or finishes, in seconds.	identity=model_name,engine; remaining=le retained as source metadata or intentionally aggregated by this chart; label availability follows exporter configuration; no optional label is used as instance identity unless the chart route requires it	KV offloading/tiering configuration	source-derived synthetic shape/routing proof; does not prove live enablement, values, cadence, or cardinality	chart	vLLM/KV Offloading / Tiered KV Offload Lookup Measurements [tiering_lookup_measurements; lookups/s; incremental]	vllm-project/vllm @ dc818c198d3ff50a16f38eba567da006478239c8; vllm/distributed/kv_transfer/kv_connector/v1/offloading/metrics.py; vllm/v1/kv_offload/**
vllm:kv_offload_tiering_lookup_async_delay_seconds_sum	vllm:kv_offload_tiering_lookup_async_delay_seconds_sum	vllm:kv_offload_tiering_lookup_async_delay_seconds	histogram	engine,le,model_name	vLLM/KV Offloading	model_name,engine	latency	Histogram of wall-clock time from a request's first deferred secondary-tier lookup until the request is allocated or finishes, in seconds.	histogram sum component; same observation population as the family bucket/quantile, count, and sum components	raw histogram -> incremental -> seconds/s; counted/measured object: Histogram of wall-clock time from a request's first deferred secondary-tier lookup until the request is allocated or finishes, in seconds.	identity=model_name,engine; remaining=le retained as source metadata or intentionally aggregated by this chart; label availability follows exporter configuration; no optional label is used as instance identity unless the chart route requires it	KV offloading/tiering configuration	source-derived synthetic shape/routing proof; does not prove live enablement, values, cadence, or cardinality	chart	vLLM/KV Offloading / Tiered KV Offload Lookup Delay Accumulation [tiering_lookup_delay_accumulation; seconds/s; incremental]	vllm-project/vllm @ dc818c198d3ff50a16f38eba567da006478239c8; vllm/distributed/kv_transfer/kv_connector/v1/offloading/metrics.py; vllm/v1/kv_offload/**
vllm:kv_offload_tiering_lookup_async_delay_seconds_created	vllm:kv_offload_tiering_lookup_async_delay_seconds_created	vllm:kv_offload_tiering_lookup_async_delay_seconds_created	gauge	engine,model_name	<excluded>	<none>	latency	Histogram of wall-clock time from a request's first deferred secondary-tier lookup until the request is allocated or finishes, in seconds.	generated registration-timestamp companion; excluded from operational charts	raw gauge; no rendered unit because job-excluded	source labels=engine,model_name; no chart identity/dimension role	KV offloading/tiering configuration	source-derived synthetic shape/routing proof; exclusion reason is runtime-validated	job-excluded	recommended job exclusion; lost question documented in OPERATOR-MODEL.md	vllm-project/vllm @ dc818c198d3ff50a16f38eba567da006478239c8; vllm/distributed/kv_transfer/kv_connector/v1/offloading/metrics.py; vllm/v1/kv_offload/**
vllm:kv_offload_tiering_lookup_sync_delay_seconds_bucket	vllm:kv_offload_tiering_lookup_sync_delay_seconds_bucket	vllm:kv_offload_tiering_lookup_sync_delay_seconds	histogram	engine,le,model_name	vLLM/KV Offloading	model_name,engine	latency	Histogram of total blocking time spent querying secondary tiers for a request, accumulated from first lookup until the request is allocated or finishes, in seconds.	histogram bucket component; same observation population as the family bucket/quantile, count, and sum components	raw histogram -> incremental -> observations/s; counted/measured object: Histogram of total blocking time spent querying secondary tiers for a request, accumulated from first lookup until the request is allocated or finishes, in seconds.	identity=model_name,engine; remaining=le retained as source metadata or intentionally aggregated by this chart; label availability follows exporter configuration; no optional label is used as instance identity unless the chart route requires it	KV offloading/tiering configuration	source-derived synthetic shape/routing proof; does not prove live enablement, values, cadence, or cardinality	chart	vLLM/KV Offloading / Tiered KV Offload Synchronous Lookup Delay [tiering_lookup_sync_delay; observations/s; incremental]	vllm-project/vllm @ dc818c198d3ff50a16f38eba567da006478239c8; vllm/distributed/kv_transfer/kv_connector/v1/offloading/metrics.py; vllm/v1/kv_offload/**
vllm:kv_offload_tiering_lookup_sync_delay_seconds_count	vllm:kv_offload_tiering_lookup_sync_delay_seconds_count	vllm:kv_offload_tiering_lookup_sync_delay_seconds	histogram	engine,le,model_name	vLLM/KV Offloading	model_name,engine	latency	Histogram of total blocking time spent querying secondary tiers for a request, accumulated from first lookup until the request is allocated or finishes, in seconds.	histogram count component; same observation population as the family bucket/quantile, count, and sum components	raw histogram -> incremental -> lookups/s; counted/measured object: Histogram of total blocking time spent querying secondary tiers for a request, accumulated from first lookup until the request is allocated or finishes, in seconds.	identity=model_name,engine; remaining=le retained as source metadata or intentionally aggregated by this chart; label availability follows exporter configuration; no optional label is used as instance identity unless the chart route requires it	KV offloading/tiering configuration	source-derived synthetic shape/routing proof; does not prove live enablement, values, cadence, or cardinality	chart	vLLM/KV Offloading / Tiered KV Offload Lookup Measurements [tiering_lookup_measurements; lookups/s; incremental]	vllm-project/vllm @ dc818c198d3ff50a16f38eba567da006478239c8; vllm/distributed/kv_transfer/kv_connector/v1/offloading/metrics.py; vllm/v1/kv_offload/**
vllm:kv_offload_tiering_lookup_sync_delay_seconds_sum	vllm:kv_offload_tiering_lookup_sync_delay_seconds_sum	vllm:kv_offload_tiering_lookup_sync_delay_seconds	histogram	engine,le,model_name	vLLM/KV Offloading	model_name,engine	latency	Histogram of total blocking time spent querying secondary tiers for a request, accumulated from first lookup until the request is allocated or finishes, in seconds.	histogram sum component; same observation population as the family bucket/quantile, count, and sum components	raw histogram -> incremental -> seconds/s; counted/measured object: Histogram of total blocking time spent querying secondary tiers for a request, accumulated from first lookup until the request is allocated or finishes, in seconds.	identity=model_name,engine; remaining=le retained as source metadata or intentionally aggregated by this chart; label availability follows exporter configuration; no optional label is used as instance identity unless the chart route requires it	KV offloading/tiering configuration	source-derived synthetic shape/routing proof; does not prove live enablement, values, cadence, or cardinality	chart	vLLM/KV Offloading / Tiered KV Offload Lookup Delay Accumulation [tiering_lookup_delay_accumulation; seconds/s; incremental]	vllm-project/vllm @ dc818c198d3ff50a16f38eba567da006478239c8; vllm/distributed/kv_transfer/kv_connector/v1/offloading/metrics.py; vllm/v1/kv_offload/**
vllm:kv_offload_tiering_lookup_sync_delay_seconds_created	vllm:kv_offload_tiering_lookup_sync_delay_seconds_created	vllm:kv_offload_tiering_lookup_sync_delay_seconds_created	gauge	engine,model_name	<excluded>	<none>	latency	Histogram of total blocking time spent querying secondary tiers for a request, accumulated from first lookup until the request is allocated or finishes, in seconds.	generated registration-timestamp companion; excluded from operational charts	raw gauge; no rendered unit because job-excluded	source labels=engine,model_name; no chart identity/dimension role	KV offloading/tiering configuration	source-derived synthetic shape/routing proof; exclusion reason is runtime-validated	job-excluded	recommended job exclusion; lost question documented in OPERATOR-MODEL.md	vllm-project/vllm @ dc818c198d3ff50a16f38eba567da006478239c8; vllm/distributed/kv_transfer/kv_connector/v1/offloading/metrics.py; vllm/v1/kv_offload/**
vllm:kv_offload_total_bytes_created	vllm:kv_offload_total_bytes_created	vllm:kv_offload_total_bytes_created	gauge	engine,model_name,transfer_type	<excluded>	<none>	workload/outcome	Number of bytes offloaded by KV connector	generated registration-timestamp companion; excluded from operational charts	raw gauge; no rendered unit because job-excluded	source labels=engine,model_name,transfer_type; no chart identity/dimension role	KV offloading/tiering configuration	source-derived synthetic shape/routing proof; exclusion reason is runtime-validated	job-excluded	recommended job exclusion; lost question documented in OPERATOR-MODEL.md	vllm-project/vllm @ dc818c198d3ff50a16f38eba567da006478239c8; vllm/distributed/kv_transfer/kv_connector/v1/offloading/metrics.py; vllm/v1/kv_offload/**
vllm:kv_offload_total_bytes_total	vllm:kv_offload_total_bytes_total	vllm:kv_offload_total_bytes_total	counter	engine,model_name,transfer_type	<excluded>	<none>	workload/outcome	Number of bytes offloaded by KV connector	deprecated compatibility alias of the canonical KV-offload load/store family	raw counter; no rendered unit because job-excluded	source labels=engine,model_name,transfer_type; no chart identity/dimension role	KV offloading/tiering configuration	source-derived synthetic shape/routing proof; exclusion reason is runtime-validated	job-excluded	recommended job exclusion; lost question documented in OPERATOR-MODEL.md	vllm-project/vllm @ dc818c198d3ff50a16f38eba567da006478239c8; vllm/distributed/kv_transfer/kv_connector/v1/offloading/metrics.py; vllm/v1/kv_offload/**
vllm:kv_offload_total_time_created	vllm:kv_offload_total_time_created	vllm:kv_offload_total_time_created	gauge	engine,model_name,transfer_type	<excluded>	<none>	workload/outcome	Total time measured by all KV offloading operations	generated registration-timestamp companion; excluded from operational charts	raw gauge; no rendered unit because job-excluded	source labels=engine,model_name,transfer_type; no chart identity/dimension role	KV offloading/tiering configuration	source-derived synthetic shape/routing proof; exclusion reason is runtime-validated	job-excluded	recommended job exclusion; lost question documented in OPERATOR-MODEL.md	vllm-project/vllm @ dc818c198d3ff50a16f38eba567da006478239c8; vllm/distributed/kv_transfer/kv_connector/v1/offloading/metrics.py; vllm/v1/kv_offload/**
vllm:kv_offload_total_time_total	vllm:kv_offload_total_time_total	vllm:kv_offload_total_time_total	counter	engine,model_name,transfer_type	<excluded>	<none>	workload/outcome	Total time measured by all KV offloading operations	deprecated compatibility alias of the canonical KV-offload load/store family	raw counter; no rendered unit because job-excluded	source labels=engine,model_name,transfer_type; no chart identity/dimension role	KV offloading/tiering configuration	source-derived synthetic shape/routing proof; exclusion reason is runtime-validated	job-excluded	recommended job exclusion; lost question documented in OPERATOR-MODEL.md	vllm-project/vllm @ dc818c198d3ff50a16f38eba567da006478239c8; vllm/distributed/kv_transfer/kv_connector/v1/offloading/metrics.py; vllm/v1/kv_offload/**
vllm:lora_requests_info	vllm:lora_requests_info	vllm:lora_requests_info	gauge	max_lora,running_lora_adapters,waiting_lora_adapters	<excluded>	<none>	state/configuration	Running stats on lora requests.	metadata-only information family; writer contract does not retain this shape	raw gauge; no rendered unit because writer-ineligible	source labels=max_lora,running_lora_adapters,waiting_lora_adapters; no chart identity/dimension role	vLLM engine/server; version and model-mode registration conditions apply	source-derived synthetic shape/routing proof; exclusion reason is runtime-validated	writer-ineligible	collector writer exclusion; metadata-only or structurally unsupported source shape	vllm-project/vllm @ dc818c198d3ff50a16f38eba567da006478239c8; vllm/v1/metrics/{loggers,perf}.py
vllm:mm_cache_hits_created	vllm:mm_cache_hits_created	vllm:mm_cache_hits_created	gauge	engine,model_name	<excluded>	<none>	workload/outcome	Multi-modal cache hits, in terms of number of cached items.	generated registration-timestamp companion; excluded from operational charts	raw gauge; no rendered unit because job-excluded	source labels=engine,model_name; no chart identity/dimension role	vLLM engine/server; version and model-mode registration conditions apply	source-derived synthetic shape/routing proof; exclusion reason is runtime-validated	job-excluded	recommended job exclusion; lost question documented in OPERATOR-MODEL.md	vllm-project/vllm @ dc818c198d3ff50a16f38eba567da006478239c8; vllm/v1/metrics/{loggers,perf}.py
vllm:mm_cache_hits_total	vllm:mm_cache_hits_total	vllm:mm_cache_hits_total	counter	engine,model_name	vLLM/KV Cache	model_name,engine	workload/outcome	Multi-modal cache hits, in terms of number of cached items.	independent source family unless a source-defined relationship is stated in OPERATOR-MODEL.md	raw counter -> incremental -> items/s; counted/measured object: Multi-modal cache hits, in terms of number of cached items.	identity=model_name,engine; label availability follows exporter configuration; no optional label is used as instance identity unless the chart route requires it	vLLM engine/server; version and model-mode registration conditions apply	source-derived synthetic shape/routing proof; does not prove live enablement, values, cadence, or cardinality	chart	vLLM/KV Cache / Multimodal Cache [multimodal; items/s; incremental]	vllm-project/vllm @ dc818c198d3ff50a16f38eba567da006478239c8; vllm/v1/metrics/{loggers,perf}.py
vllm:mm_cache_queries_created	vllm:mm_cache_queries_created	vllm:mm_cache_queries_created	gauge	engine,model_name	<excluded>	<none>	workload/outcome	Multi-modal cache queries, in terms of number of queried items.	generated registration-timestamp companion; excluded from operational charts	raw gauge; no rendered unit because job-excluded	source labels=engine,model_name; no chart identity/dimension role	vLLM engine/server; version and model-mode registration conditions apply	source-derived synthetic shape/routing proof; exclusion reason is runtime-validated	job-excluded	recommended job exclusion; lost question documented in OPERATOR-MODEL.md	vllm-project/vllm @ dc818c198d3ff50a16f38eba567da006478239c8; vllm/v1/metrics/{loggers,perf}.py
vllm:mm_cache_queries_total	vllm:mm_cache_queries_total	vllm:mm_cache_queries_total	counter	engine,model_name	vLLM/KV Cache	model_name,engine	workload/outcome	Multi-modal cache queries, in terms of number of queried items.	independent source family unless a source-defined relationship is stated in OPERATOR-MODEL.md	raw counter -> incremental -> items/s; counted/measured object: Multi-modal cache queries, in terms of number of queried items.	identity=model_name,engine; label availability follows exporter configuration; no optional label is used as instance identity unless the chart route requires it	vLLM engine/server; version and model-mode registration conditions apply	source-derived synthetic shape/routing proof; does not prove live enablement, values, cadence, or cardinality	chart	vLLM/KV Cache / Multimodal Cache [multimodal; items/s; incremental]	vllm-project/vllm @ dc818c198d3ff50a16f38eba567da006478239c8; vllm/v1/metrics/{loggers,perf}.py
vllm:mooncake_store_operation_bytes_created	vllm:mooncake_store_operation_bytes_created	vllm:mooncake_store_operation_bytes_created	gauge	engine,model_name,operation,status	<excluded>	<none>	workload/outcome	Number of bytes transferred by Mooncake store operations.	generated registration-timestamp companion; excluded from operational charts	raw gauge; no rendered unit because job-excluded	source labels=engine,model_name,operation,status; no chart identity/dimension role	Mooncake Store KV connector	source-derived synthetic shape/routing proof; exclusion reason is runtime-validated	job-excluded	recommended job exclusion; lost question documented in OPERATOR-MODEL.md	vllm-project/vllm @ dc818c198d3ff50a16f38eba567da006478239c8; vllm/distributed/kv_transfer/kv_connector/v1/mooncake/store/metrics.py
vllm:mooncake_store_operation_bytes_total	vllm:mooncake_store_operation_bytes_total	vllm:mooncake_store_operation_bytes_total	counter	engine,model_name,operation,status	vLLM/Mooncake Connector/Operation Volume	model_name,engine,operation	workload/outcome	Number of bytes transferred by Mooncake store operations.	independent source family unless a source-defined relationship is stated in OPERATOR-MODEL.md	raw counter -> incremental -> bytes/s; counted/measured object: Number of bytes transferred by Mooncake store operations.	identity=model_name,engine,operation; dimension=status; label availability follows exporter configuration; no optional label is used as instance identity unless the chart route requires it	Mooncake Store KV connector	source-derived synthetic shape/routing proof; does not prove live enablement, values, cadence, or cardinality	chart	vLLM/Mooncake Connector/Operation Volume / Mooncake Store Byte Throughput [bytes; bytes/s; incremental]	vllm-project/vllm @ dc818c198d3ff50a16f38eba567da006478239c8; vllm/distributed/kv_transfer/kv_connector/v1/mooncake/store/metrics.py
vllm:mooncake_store_operation_created	vllm:mooncake_store_operation_created	vllm:mooncake_store_operation_created	gauge	engine,model_name,operation,status	<excluded>	<none>	workload/outcome	Number of Mooncake store communication operations.	generated registration-timestamp companion; excluded from operational charts	raw gauge; no rendered unit because job-excluded	source labels=engine,model_name,operation,status; no chart identity/dimension role	Mooncake Store KV connector	source-derived synthetic shape/routing proof; exclusion reason is runtime-validated	job-excluded	recommended job exclusion; lost question documented in OPERATOR-MODEL.md	vllm-project/vllm @ dc818c198d3ff50a16f38eba567da006478239c8; vllm/distributed/kv_transfer/kv_connector/v1/mooncake/store/metrics.py
vllm:mooncake_store_operation_failed_keys_created	vllm:mooncake_store_operation_failed_keys_created	vllm:mooncake_store_operation_failed_keys_created	gauge	engine,model_name,operation,status	<excluded>	<none>	error/outcome	Number of Mooncake store keys that failed in operations.	generated registration-timestamp companion; excluded from operational charts	raw gauge; no rendered unit because job-excluded	source labels=engine,model_name,operation,status; no chart identity/dimension role	Mooncake Store KV connector	source-derived synthetic shape/routing proof; exclusion reason is runtime-validated	job-excluded	recommended job exclusion; lost question documented in OPERATOR-MODEL.md	vllm-project/vllm @ dc818c198d3ff50a16f38eba567da006478239c8; vllm/distributed/kv_transfer/kv_connector/v1/mooncake/store/metrics.py
vllm:mooncake_store_operation_failed_keys_total	vllm:mooncake_store_operation_failed_keys_total	vllm:mooncake_store_operation_failed_keys_total	counter	engine,model_name,operation,status	vLLM/Mooncake Connector/Operation Volume	model_name,engine,operation	error/outcome	Number of Mooncake store keys that failed in operations.	independent source family unless a source-defined relationship is stated in OPERATOR-MODEL.md	raw counter -> incremental -> keys/s; counted/measured object: Number of Mooncake store keys that failed in operations.	identity=model_name,engine,operation; dimension=status; label availability follows exporter configuration; no optional label is used as instance identity unless the chart route requires it	Mooncake Store KV connector	source-derived synthetic shape/routing proof; does not prove live enablement, values, cadence, or cardinality	chart	vLLM/Mooncake Connector/Operation Volume / Mooncake Store Failed Keys [failed_keys; keys/s; incremental]	vllm-project/vllm @ dc818c198d3ff50a16f38eba567da006478239c8; vllm/distributed/kv_transfer/kv_connector/v1/mooncake/store/metrics.py
vllm:mooncake_store_operation_keys_created	vllm:mooncake_store_operation_keys_created	vllm:mooncake_store_operation_keys_created	gauge	engine,model_name,operation,status	<excluded>	<none>	workload/outcome	Number of Mooncake store keys touched by operations.	generated registration-timestamp companion; excluded from operational charts	raw gauge; no rendered unit because job-excluded	source labels=engine,model_name,operation,status; no chart identity/dimension role	Mooncake Store KV connector	source-derived synthetic shape/routing proof; exclusion reason is runtime-validated	job-excluded	recommended job exclusion; lost question documented in OPERATOR-MODEL.md	vllm-project/vllm @ dc818c198d3ff50a16f38eba567da006478239c8; vllm/distributed/kv_transfer/kv_connector/v1/mooncake/store/metrics.py
vllm:mooncake_store_operation_keys_total	vllm:mooncake_store_operation_keys_total	vllm:mooncake_store_operation_keys_total	counter	engine,model_name,operation,status	vLLM/Mooncake Connector/Operation Volume	model_name,engine,operation	workload/outcome	Number of Mooncake store keys touched by operations.	independent source family unless a source-defined relationship is stated in OPERATOR-MODEL.md	raw counter -> incremental -> keys/s; counted/measured object: Number of Mooncake store keys touched by operations.	identity=model_name,engine,operation; dimension=status; label availability follows exporter configuration; no optional label is used as instance identity unless the chart route requires it	Mooncake Store KV connector	source-derived synthetic shape/routing proof; does not prove live enablement, values, cadence, or cardinality	chart	vLLM/Mooncake Connector/Operation Volume / Mooncake Store Key Throughput [keys; keys/s; incremental]	vllm-project/vllm @ dc818c198d3ff50a16f38eba567da006478239c8; vllm/distributed/kv_transfer/kv_connector/v1/mooncake/store/metrics.py
vllm:mooncake_store_operation_time_seconds_bucket	vllm:mooncake_store_operation_time_seconds_bucket	vllm:mooncake_store_operation_time_seconds	histogram	engine,le,model_name,operation,status	vLLM/Mooncake Connector/Operation Timing	model_name,engine,operation,status	latency	Histogram of Mooncake store communication time.	histogram bucket component; same observation population as the family bucket/quantile, count, and sum components	raw histogram -> incremental -> observations/s; counted/measured object: Histogram of Mooncake store communication time.	identity=model_name,engine,operation,status; remaining=le retained as source metadata or intentionally aggregated by this chart; label availability follows exporter configuration; no optional label is used as instance identity unless the chart route requires it	Mooncake Store KV connector	source-derived synthetic shape/routing proof; does not prove live enablement, values, cadence, or cardinality	chart	vLLM/Mooncake Connector/Operation Timing / Mooncake Store Operation Time [duration; observations/s; incremental]	vllm-project/vllm @ dc818c198d3ff50a16f38eba567da006478239c8; vllm/distributed/kv_transfer/kv_connector/v1/mooncake/store/metrics.py
vllm:mooncake_store_operation_time_seconds_count	vllm:mooncake_store_operation_time_seconds_count	vllm:mooncake_store_operation_time_seconds	histogram	engine,le,model_name,operation,status	vLLM/Mooncake Connector/Operation Timing	model_name,engine,operation,status	latency	Histogram of Mooncake store communication time.	histogram count component; same observation population as the family bucket/quantile, count, and sum components	raw histogram -> incremental -> operations/s; counted/measured object: Histogram of Mooncake store communication time.	identity=model_name,engine,operation,status; remaining=le retained as source metadata or intentionally aggregated by this chart; label availability follows exporter configuration; no optional label is used as instance identity unless the chart route requires it	Mooncake Store KV connector	source-derived synthetic shape/routing proof; does not prove live enablement, values, cadence, or cardinality	chart	vLLM/Mooncake Connector/Operation Timing / Mooncake Store Operation Measurements [measurements; operations/s; incremental]	vllm-project/vllm @ dc818c198d3ff50a16f38eba567da006478239c8; vllm/distributed/kv_transfer/kv_connector/v1/mooncake/store/metrics.py
vllm:mooncake_store_operation_time_seconds_sum	vllm:mooncake_store_operation_time_seconds_sum	vllm:mooncake_store_operation_time_seconds	histogram	engine,le,model_name,operation,status	vLLM/Mooncake Connector/Operation Timing	model_name,engine,operation,status	latency	Histogram of Mooncake store communication time.	histogram sum component; same observation population as the family bucket/quantile, count, and sum components	raw histogram -> incremental -> in-flight; counted/measured object: Histogram of Mooncake store communication time.	identity=model_name,engine,operation,status; remaining=le retained as source metadata or intentionally aggregated by this chart; label availability follows exporter configuration; no optional label is used as instance identity unless the chart route requires it	Mooncake Store KV connector	source-derived synthetic shape/routing proof; does not prove live enablement, values, cadence, or cardinality	chart	vLLM/Mooncake Connector/Operation Timing / Mooncake Store Operation Concurrency [concurrency; in-flight; incremental]	vllm-project/vllm @ dc818c198d3ff50a16f38eba567da006478239c8; vllm/distributed/kv_transfer/kv_connector/v1/mooncake/store/metrics.py
vllm:mooncake_store_operation_time_seconds_created	vllm:mooncake_store_operation_time_seconds_created	vllm:mooncake_store_operation_time_seconds_created	gauge	engine,model_name,operation,status	<excluded>	<none>	latency	Histogram of Mooncake store communication time.	generated registration-timestamp companion; excluded from operational charts	raw gauge; no rendered unit because job-excluded	source labels=engine,model_name,operation,status; no chart identity/dimension role	Mooncake Store KV connector	source-derived synthetic shape/routing proof; exclusion reason is runtime-validated	job-excluded	recommended job exclusion; lost question documented in OPERATOR-MODEL.md	vllm-project/vllm @ dc818c198d3ff50a16f38eba567da006478239c8; vllm/distributed/kv_transfer/kv_connector/v1/mooncake/store/metrics.py
vllm:mooncake_store_operation_total	vllm:mooncake_store_operation_total	vllm:mooncake_store_operation_total	counter	engine,model_name,operation,status	vLLM/Mooncake Connector/Operation Timing	model_name,engine,operation,status	workload/outcome	Number of Mooncake store communication operations.	independent source family unless a source-defined relationship is stated in OPERATOR-MODEL.md	raw counter -> incremental -> operations/s; counted/measured object: Number of Mooncake store communication operations.	identity=model_name,engine,operation,status; label availability follows exporter configuration; no optional label is used as instance identity unless the chart route requires it	Mooncake Store KV connector	source-derived synthetic shape/routing proof; does not prove live enablement, values, cadence, or cardinality	chart	vLLM/Mooncake Connector/Operation Timing / Mooncake Store Operation Measurements [measurements; operations/s; incremental]	vllm-project/vllm @ dc818c198d3ff50a16f38eba567da006478239c8; vllm/distributed/kv_transfer/kv_connector/v1/mooncake/store/metrics.py
vllm:nixl_bytes_transferred_bucket	vllm:nixl_bytes_transferred_bucket	vllm:nixl_bytes_transferred	histogram	engine,le,model_name	vLLM/NIXL Connector	model_name,engine	workload/outcome	Histogram of bytes transferred per NIXL KV Cache transfers.	histogram bucket component; same observation population as the family bucket/quantile, count, and sum components	raw histogram -> incremental -> observations/s; counted/measured object: Histogram of bytes transferred per NIXL KV Cache transfers.	identity=model_name,engine; remaining=le retained as source metadata or intentionally aggregated by this chart; label availability follows exporter configuration; no optional label is used as instance identity unless the chart route requires it	NIXL KV connector	source-derived synthetic shape/routing proof; does not prove live enablement, values, cadence, or cardinality	chart	vLLM/NIXL Connector / NIXL Transfer Size [transfer_size; observations/s; incremental]	vllm-project/vllm @ dc818c198d3ff50a16f38eba567da006478239c8; vllm/distributed/kv_transfer/kv_connector/v1/nixl/stats.py
vllm:nixl_bytes_transferred_count	vllm:nixl_bytes_transferred_count	vllm:nixl_bytes_transferred	histogram	engine,le,model_name	vLLM/NIXL Connector	model_name,engine	workload/outcome	Histogram of bytes transferred per NIXL KV Cache transfers.	histogram count component; same observation population as the family bucket/quantile, count, and sum components	raw histogram -> incremental -> observations/s; counted/measured object: Histogram of bytes transferred per NIXL KV Cache transfers.	identity=model_name,engine; remaining=le retained as source metadata or intentionally aggregated by this chart; label availability follows exporter configuration; no optional label is used as instance identity unless the chart route requires it	NIXL KV connector	source-derived synthetic shape/routing proof; does not prove live enablement, values, cadence, or cardinality	chart	vLLM/NIXL Connector / NIXL Transfer Measurements [transfer_measurements; observations/s; incremental]	vllm-project/vllm @ dc818c198d3ff50a16f38eba567da006478239c8; vllm/distributed/kv_transfer/kv_connector/v1/nixl/stats.py
vllm:nixl_bytes_transferred_sum	vllm:nixl_bytes_transferred_sum	vllm:nixl_bytes_transferred	histogram	engine,le,model_name	vLLM/NIXL Connector	model_name,engine	workload/outcome	Histogram of bytes transferred per NIXL KV Cache transfers.	histogram sum component; same observation population as the family bucket/quantile, count, and sum components	raw histogram -> incremental -> bytes/s; counted/measured object: Histogram of bytes transferred per NIXL KV Cache transfers.	identity=model_name,engine; remaining=le retained as source metadata or intentionally aggregated by this chart; label availability follows exporter configuration; no optional label is used as instance identity unless the chart route requires it	NIXL KV connector	source-derived synthetic shape/routing proof; does not prove live enablement, values, cadence, or cardinality	chart	vLLM/NIXL Connector / NIXL Transfer Throughput [transfer_throughput; bytes/s; incremental]	vllm-project/vllm @ dc818c198d3ff50a16f38eba567da006478239c8; vllm/distributed/kv_transfer/kv_connector/v1/nixl/stats.py
vllm:nixl_bytes_transferred_created	vllm:nixl_bytes_transferred_created	vllm:nixl_bytes_transferred_created	gauge	engine,model_name	<excluded>	<none>	workload/outcome	Histogram of bytes transferred per NIXL KV Cache transfers.	generated registration-timestamp companion; excluded from operational charts	raw gauge; no rendered unit because job-excluded	source labels=engine,model_name; no chart identity/dimension role	NIXL KV connector	source-derived synthetic shape/routing proof; exclusion reason is runtime-validated	job-excluded	recommended job exclusion; lost question documented in OPERATOR-MODEL.md	vllm-project/vllm @ dc818c198d3ff50a16f38eba567da006478239c8; vllm/distributed/kv_transfer/kv_connector/v1/nixl/stats.py
vllm:nixl_num_descriptors_bucket	vllm:nixl_num_descriptors_bucket	vllm:nixl_num_descriptors	histogram	engine,le,model_name	vLLM/NIXL Connector	model_name,engine	domain signal	Histogram of number of descriptors per NIXL KV Cache transfers.	histogram bucket component; same observation population as the family bucket/quantile, count, and sum components	raw histogram -> incremental -> observations/s; counted/measured object: Histogram of number of descriptors per NIXL KV Cache transfers.	identity=model_name,engine; remaining=le retained as source metadata or intentionally aggregated by this chart; label availability follows exporter configuration; no optional label is used as instance identity unless the chart route requires it	NIXL KV connector	source-derived synthetic shape/routing proof; does not prove live enablement, values, cadence, or cardinality	chart	vLLM/NIXL Connector / NIXL Transfer Descriptors [transfer_descriptors; observations/s; incremental]	vllm-project/vllm @ dc818c198d3ff50a16f38eba567da006478239c8; vllm/distributed/kv_transfer/kv_connector/v1/nixl/stats.py
vllm:nixl_num_descriptors_count	vllm:nixl_num_descriptors_count	vllm:nixl_num_descriptors	histogram	engine,le,model_name	vLLM/NIXL Connector	model_name,engine	domain signal	Histogram of number of descriptors per NIXL KV Cache transfers.	histogram count component; same observation population as the family bucket/quantile, count, and sum components	raw histogram -> incremental -> observations/s; counted/measured object: Histogram of number of descriptors per NIXL KV Cache transfers.	identity=model_name,engine; remaining=le retained as source metadata or intentionally aggregated by this chart; label availability follows exporter configuration; no optional label is used as instance identity unless the chart route requires it	NIXL KV connector	source-derived synthetic shape/routing proof; does not prove live enablement, values, cadence, or cardinality	chart	vLLM/NIXL Connector / NIXL Transfer Measurements [transfer_measurements; observations/s; incremental]	vllm-project/vllm @ dc818c198d3ff50a16f38eba567da006478239c8; vllm/distributed/kv_transfer/kv_connector/v1/nixl/stats.py
vllm:nixl_num_descriptors_sum	vllm:nixl_num_descriptors_sum	vllm:nixl_num_descriptors	histogram	engine,le,model_name	vLLM/NIXL Connector	model_name,engine	domain signal	Histogram of number of descriptors per NIXL KV Cache transfers.	histogram sum component; same observation population as the family bucket/quantile, count, and sum components	raw histogram -> incremental -> descriptors/s; counted/measured object: Histogram of number of descriptors per NIXL KV Cache transfers.	identity=model_name,engine; remaining=le retained as source metadata or intentionally aggregated by this chart; label availability follows exporter configuration; no optional label is used as instance identity unless the chart route requires it	NIXL KV connector	source-derived synthetic shape/routing proof; does not prove live enablement, values, cadence, or cardinality	chart	vLLM/NIXL Connector / NIXL Descriptor Throughput [descriptor_throughput; descriptors/s; incremental]	vllm-project/vllm @ dc818c198d3ff50a16f38eba567da006478239c8; vllm/distributed/kv_transfer/kv_connector/v1/nixl/stats.py
vllm:nixl_num_descriptors_created	vllm:nixl_num_descriptors_created	vllm:nixl_num_descriptors_created	gauge	engine,model_name	<excluded>	<none>	domain signal	Histogram of number of descriptors per NIXL KV Cache transfers.	generated registration-timestamp companion; excluded from operational charts	raw gauge; no rendered unit because job-excluded	source labels=engine,model_name; no chart identity/dimension role	NIXL KV connector	source-derived synthetic shape/routing proof; exclusion reason is runtime-validated	job-excluded	recommended job exclusion; lost question documented in OPERATOR-MODEL.md	vllm-project/vllm @ dc818c198d3ff50a16f38eba567da006478239c8; vllm/distributed/kv_transfer/kv_connector/v1/nixl/stats.py
vllm:nixl_num_failed_notifications_created	vllm:nixl_num_failed_notifications_created	vllm:nixl_num_failed_notifications_created	gauge	engine,model_name	<excluded>	<none>	error/outcome	Number of failed NIXL KV Cache notifications.	generated registration-timestamp companion; excluded from operational charts	raw gauge; no rendered unit because job-excluded	source labels=engine,model_name; no chart identity/dimension role	NIXL KV connector	source-derived synthetic shape/routing proof; exclusion reason is runtime-validated	job-excluded	recommended job exclusion; lost question documented in OPERATOR-MODEL.md	vllm-project/vllm @ dc818c198d3ff50a16f38eba567da006478239c8; vllm/distributed/kv_transfer/kv_connector/v1/nixl/stats.py
vllm:nixl_num_failed_notifications_total	vllm:nixl_num_failed_notifications_total	vllm:nixl_num_failed_notifications_total	counter	engine,model_name	vLLM/NIXL Connector	model_name,engine	error/outcome	Number of failed NIXL KV Cache notifications.	independent source family unless a source-defined relationship is stated in OPERATOR-MODEL.md	raw counter -> incremental -> failures/s; counted/measured object: Number of failed NIXL KV Cache notifications.	identity=model_name,engine; label availability follows exporter configuration; no optional label is used as instance identity unless the chart route requires it	NIXL KV connector	source-derived synthetic shape/routing proof; does not prove live enablement, values, cadence, or cardinality	chart	vLLM/NIXL Connector / NIXL Failures [failures; failures/s; incremental]	vllm-project/vllm @ dc818c198d3ff50a16f38eba567da006478239c8; vllm/distributed/kv_transfer/kv_connector/v1/nixl/stats.py
vllm:nixl_num_failed_transfers_created	vllm:nixl_num_failed_transfers_created	vllm:nixl_num_failed_transfers_created	gauge	engine,model_name	<excluded>	<none>	error/outcome	Number of failed NIXL KV Cache transfers.	generated registration-timestamp companion; excluded from operational charts	raw gauge; no rendered unit because job-excluded	source labels=engine,model_name; no chart identity/dimension role	NIXL KV connector	source-derived synthetic shape/routing proof; exclusion reason is runtime-validated	job-excluded	recommended job exclusion; lost question documented in OPERATOR-MODEL.md	vllm-project/vllm @ dc818c198d3ff50a16f38eba567da006478239c8; vllm/distributed/kv_transfer/kv_connector/v1/nixl/stats.py
vllm:nixl_num_failed_transfers_total	vllm:nixl_num_failed_transfers_total	vllm:nixl_num_failed_transfers_total	counter	engine,model_name	vLLM/NIXL Connector	model_name,engine	error/outcome	Number of failed NIXL KV Cache transfers.	independent source family unless a source-defined relationship is stated in OPERATOR-MODEL.md	raw counter -> incremental -> failures/s; counted/measured object: Number of failed NIXL KV Cache transfers.	identity=model_name,engine; label availability follows exporter configuration; no optional label is used as instance identity unless the chart route requires it	NIXL KV connector	source-derived synthetic shape/routing proof; does not prove live enablement, values, cadence, or cardinality	chart	vLLM/NIXL Connector / NIXL Failures [failures; failures/s; incremental]	vllm-project/vllm @ dc818c198d3ff50a16f38eba567da006478239c8; vllm/distributed/kv_transfer/kv_connector/v1/nixl/stats.py
vllm:nixl_num_kv_expired_reqs_created	vllm:nixl_num_kv_expired_reqs_created	vllm:nixl_num_kv_expired_reqs_created	gauge	engine,model_name	<excluded>	<none>	workload/outcome	Number of requests that had their KV expire. NOTE: This metric is tracked on the P instance.	generated registration-timestamp companion; excluded from operational charts	raw gauge; no rendered unit because job-excluded	source labels=engine,model_name; no chart identity/dimension role	NIXL KV connector	source-derived synthetic shape/routing proof; exclusion reason is runtime-validated	job-excluded	recommended job exclusion; lost question documented in OPERATOR-MODEL.md	vllm-project/vllm @ dc818c198d3ff50a16f38eba567da006478239c8; vllm/distributed/kv_transfer/kv_connector/v1/nixl/stats.py
vllm:nixl_num_kv_expired_reqs_total	vllm:nixl_num_kv_expired_reqs_total	vllm:nixl_num_kv_expired_reqs_total	counter	engine,model_name	vLLM/NIXL Connector	model_name,engine	workload/outcome	Number of requests that had their KV expire. NOTE: This metric is tracked on the P instance.	independent source family unless a source-defined relationship is stated in OPERATOR-MODEL.md	raw counter -> incremental -> requests/s; counted/measured object: Number of requests that had their KV expire. NOTE: This metric is tracked on the P instance.	identity=model_name,engine; label availability follows exporter configuration; no optional label is used as instance identity unless the chart route requires it	NIXL KV connector	source-derived synthetic shape/routing proof; does not prove live enablement, values, cadence, or cardinality	chart	vLLM/NIXL Connector / NIXL Requests with Expired KV [expired_requests; requests/s; incremental]	vllm-project/vllm @ dc818c198d3ff50a16f38eba567da006478239c8; vllm/distributed/kv_transfer/kv_connector/v1/nixl/stats.py
vllm:nixl_post_time_seconds_bucket	vllm:nixl_post_time_seconds_bucket	vllm:nixl_post_time_seconds	histogram	engine,le,model_name	vLLM/NIXL Connector	model_name,engine	latency	Histogram of transfer post time for NIXL KV Cache transfers.	histogram bucket component; same observation population as the family bucket/quantile, count, and sum components	raw histogram -> incremental -> observations/s; counted/measured object: Histogram of transfer post time for NIXL KV Cache transfers.	identity=model_name,engine; remaining=le retained as source metadata or intentionally aggregated by this chart; label availability follows exporter configuration; no optional label is used as instance identity unless the chart route requires it	NIXL KV connector	source-derived synthetic shape/routing proof; does not prove live enablement, values, cadence, or cardinality	chart	vLLM/NIXL Connector / NIXL Transfer Post Time [post_time; observations/s; incremental]	vllm-project/vllm @ dc818c198d3ff50a16f38eba567da006478239c8; vllm/distributed/kv_transfer/kv_connector/v1/nixl/stats.py
vllm:nixl_post_time_seconds_count	vllm:nixl_post_time_seconds_count	vllm:nixl_post_time_seconds	histogram	engine,le,model_name	vLLM/NIXL Connector	model_name,engine	latency	Histogram of transfer post time for NIXL KV Cache transfers.	histogram count component; same observation population as the family bucket/quantile, count, and sum components	raw histogram -> incremental -> observations/s; counted/measured object: Histogram of transfer post time for NIXL KV Cache transfers.	identity=model_name,engine; remaining=le retained as source metadata or intentionally aggregated by this chart; label availability follows exporter configuration; no optional label is used as instance identity unless the chart route requires it	NIXL KV connector	source-derived synthetic shape/routing proof; does not prove live enablement, values, cadence, or cardinality	chart	vLLM/NIXL Connector / NIXL Transfer Measurements [transfer_measurements; observations/s; incremental]	vllm-project/vllm @ dc818c198d3ff50a16f38eba567da006478239c8; vllm/distributed/kv_transfer/kv_connector/v1/nixl/stats.py
vllm:nixl_post_time_seconds_sum	vllm:nixl_post_time_seconds_sum	vllm:nixl_post_time_seconds	histogram	engine,le,model_name	vLLM/NIXL Connector	model_name,engine	latency	Histogram of transfer post time for NIXL KV Cache transfers.	histogram sum component; same observation population as the family bucket/quantile, count, and sum components	raw histogram -> incremental -> in-flight; counted/measured object: Histogram of transfer post time for NIXL KV Cache transfers.	identity=model_name,engine; remaining=le retained as source metadata or intentionally aggregated by this chart; label availability follows exporter configuration; no optional label is used as instance identity unless the chart route requires it	NIXL KV connector	source-derived synthetic shape/routing proof; does not prove live enablement, values, cadence, or cardinality	chart	vLLM/NIXL Connector / NIXL Transfer Concurrency [transfer_concurrency; in-flight; incremental]	vllm-project/vllm @ dc818c198d3ff50a16f38eba567da006478239c8; vllm/distributed/kv_transfer/kv_connector/v1/nixl/stats.py
vllm:nixl_post_time_seconds_created	vllm:nixl_post_time_seconds_created	vllm:nixl_post_time_seconds_created	gauge	engine,model_name	<excluded>	<none>	latency	Histogram of transfer post time for NIXL KV Cache transfers.	generated registration-timestamp companion; excluded from operational charts	raw gauge; no rendered unit because job-excluded	source labels=engine,model_name; no chart identity/dimension role	NIXL KV connector	source-derived synthetic shape/routing proof; exclusion reason is runtime-validated	job-excluded	recommended job exclusion; lost question documented in OPERATOR-MODEL.md	vllm-project/vllm @ dc818c198d3ff50a16f38eba567da006478239c8; vllm/distributed/kv_transfer/kv_connector/v1/nixl/stats.py
vllm:nixl_xfer_time_seconds_bucket	vllm:nixl_xfer_time_seconds_bucket	vllm:nixl_xfer_time_seconds	histogram	engine,le,model_name	vLLM/NIXL Connector	model_name,engine	latency	Histogram of transfer duration for NIXL KV Cache transfers.	histogram bucket component; same observation population as the family bucket/quantile, count, and sum components	raw histogram -> incremental -> observations/s; counted/measured object: Histogram of transfer duration for NIXL KV Cache transfers.	identity=model_name,engine; remaining=le retained as source metadata or intentionally aggregated by this chart; label availability follows exporter configuration; no optional label is used as instance identity unless the chart route requires it	NIXL KV connector	source-derived synthetic shape/routing proof; does not prove live enablement, values, cadence, or cardinality	chart	vLLM/NIXL Connector / NIXL Transfer Duration [transfer_duration; observations/s; incremental]	vllm-project/vllm @ dc818c198d3ff50a16f38eba567da006478239c8; vllm/distributed/kv_transfer/kv_connector/v1/nixl/stats.py
vllm:nixl_xfer_time_seconds_count	vllm:nixl_xfer_time_seconds_count	vllm:nixl_xfer_time_seconds	histogram	engine,le,model_name	vLLM/NIXL Connector	model_name,engine	latency	Histogram of transfer duration for NIXL KV Cache transfers.	histogram count component; same observation population as the family bucket/quantile, count, and sum components	raw histogram -> incremental -> observations/s; counted/measured object: Histogram of transfer duration for NIXL KV Cache transfers.	identity=model_name,engine; remaining=le retained as source metadata or intentionally aggregated by this chart; label availability follows exporter configuration; no optional label is used as instance identity unless the chart route requires it	NIXL KV connector	source-derived synthetic shape/routing proof; does not prove live enablement, values, cadence, or cardinality	chart	vLLM/NIXL Connector / NIXL Transfer Measurements [transfer_measurements; observations/s; incremental]	vllm-project/vllm @ dc818c198d3ff50a16f38eba567da006478239c8; vllm/distributed/kv_transfer/kv_connector/v1/nixl/stats.py
vllm:nixl_xfer_time_seconds_sum	vllm:nixl_xfer_time_seconds_sum	vllm:nixl_xfer_time_seconds	histogram	engine,le,model_name	vLLM/NIXL Connector	model_name,engine	latency	Histogram of transfer duration for NIXL KV Cache transfers.	histogram sum component; same observation population as the family bucket/quantile, count, and sum components	raw histogram -> incremental -> in-flight; counted/measured object: Histogram of transfer duration for NIXL KV Cache transfers.	identity=model_name,engine; remaining=le retained as source metadata or intentionally aggregated by this chart; label availability follows exporter configuration; no optional label is used as instance identity unless the chart route requires it	NIXL KV connector	source-derived synthetic shape/routing proof; does not prove live enablement, values, cadence, or cardinality	chart	vLLM/NIXL Connector / NIXL Transfer Concurrency [transfer_concurrency; in-flight; incremental]	vllm-project/vllm @ dc818c198d3ff50a16f38eba567da006478239c8; vllm/distributed/kv_transfer/kv_connector/v1/nixl/stats.py
vllm:nixl_xfer_time_seconds_created	vllm:nixl_xfer_time_seconds_created	vllm:nixl_xfer_time_seconds_created	gauge	engine,model_name	<excluded>	<none>	latency	Histogram of transfer duration for NIXL KV Cache transfers.	generated registration-timestamp companion; excluded from operational charts	raw gauge; no rendered unit because job-excluded	source labels=engine,model_name; no chart identity/dimension role	NIXL KV connector	source-derived synthetic shape/routing proof; exclusion reason is runtime-validated	job-excluded	recommended job exclusion; lost question documented in OPERATOR-MODEL.md	vllm-project/vllm @ dc818c198d3ff50a16f38eba567da006478239c8; vllm/distributed/kv_transfer/kv_connector/v1/nixl/stats.py
vllm:num_preemptions_created	vllm:num_preemptions_created	vllm:num_preemptions_created	gauge	engine,model_name	<excluded>	<none>	domain signal	Cumulative number of preemption from the engine.	generated registration-timestamp companion; excluded from operational charts	raw gauge; no rendered unit because job-excluded	source labels=engine,model_name; no chart identity/dimension role	vLLM engine/server; version and model-mode registration conditions apply	source-derived synthetic shape/routing proof; exclusion reason is runtime-validated	job-excluded	recommended job exclusion; lost question documented in OPERATOR-MODEL.md	vllm-project/vllm @ dc818c198d3ff50a16f38eba567da006478239c8; vllm/v1/metrics/{loggers,perf}.py
vllm:num_preemptions_total	vllm:num_preemptions_total	vllm:num_preemptions_total	counter	engine,model_name	vLLM/Scheduler	model_name,engine	workload/outcome	Cumulative number of preemption from the engine.	independent source family unless a source-defined relationship is stated in OPERATOR-MODEL.md	raw counter -> incremental -> preemptions/s; counted/measured object: Cumulative number of preemption from the engine.	identity=model_name,engine; label availability follows exporter configuration; no optional label is used as instance identity unless the chart route requires it	vLLM engine/server; version and model-mode registration conditions apply	source-derived synthetic shape/routing proof; does not prove live enablement, values, cadence, or cardinality	chart	vLLM/Scheduler / Request Preemptions [preemptions; preemptions/s; incremental]	vllm-project/vllm @ dc818c198d3ff50a16f38eba567da006478239c8; vllm/v1/metrics/{loggers,perf}.py
vllm:num_requests_running	vllm:num_requests_running	vllm:num_requests_running	gauge	engine,model_name	vLLM/Scheduler	model_name,engine	state/configuration	Number of requests in model execution batches.	independent source family unless a source-defined relationship is stated in OPERATOR-MODEL.md	raw gauge -> absolute -> requests; counted/measured object: Number of requests in model execution batches.	identity=model_name,engine; label availability follows exporter configuration; no optional label is used as instance identity unless the chart route requires it	vLLM engine/server; version and model-mode registration conditions apply	source-derived synthetic shape/routing proof; does not prove live enablement, values, cadence, or cardinality	chart	vLLM/Scheduler / Request State [request_state; requests; absolute]	vllm-project/vllm @ dc818c198d3ff50a16f38eba567da006478239c8; vllm/v1/metrics/{loggers,perf}.py
vllm:num_requests_waiting	vllm:num_requests_waiting	vllm:num_requests_waiting	gauge	engine,model_name	vLLM/Scheduler	model_name,engine	saturation/state	Number of requests waiting to be processed.	independent source family unless a source-defined relationship is stated in OPERATOR-MODEL.md	raw gauge -> absolute -> requests; counted/measured object: Number of requests waiting to be processed.	identity=model_name,engine; label availability follows exporter configuration; no optional label is used as instance identity unless the chart route requires it	vLLM engine/server; version and model-mode registration conditions apply	source-derived synthetic shape/routing proof; does not prove live enablement, values, cadence, or cardinality	chart	vLLM/Scheduler / Request State [request_state; requests; absolute]	vllm-project/vllm @ dc818c198d3ff50a16f38eba567da006478239c8; vllm/v1/metrics/{loggers,perf}.py
vllm:num_requests_waiting_by_reason	vllm:num_requests_waiting_by_reason	vllm:num_requests_waiting_by_reason	gauge	engine,model_name,reason	vLLM/Scheduler	model_name,engine	saturation/state	Number of waiting requests by reason. Reason labels: 'capacity' = waiting for scheduling capacity; 'deferred' = deferred by transient constraints (LoRA budget, KV transfer, blocked status). Sum of all reasons equals vllm:num_requests_waiting.	independent source family unless a source-defined relationship is stated in OPERATOR-MODEL.md	raw gauge -> absolute -> requests; counted/measured object: Number of waiting requests by reason. Reason labels: 'capacity' = waiting for scheduling capacity; 'deferred' = deferred by transient constraints (LoRA budget, KV transfer, blocked status). Sum of all reasons equals vllm:num_requests_waiting.	identity=model_name,engine; dimension=reason; label availability follows exporter configuration; no optional label is used as instance identity unless the chart route requires it	vLLM engine/server; version and model-mode registration conditions apply	source-derived synthetic shape/routing proof; does not prove live enablement, values, cadence, or cardinality	chart	vLLM/Scheduler / Waiting Requests by Reason [waiting_by_reason; requests; absolute]	vllm-project/vllm @ dc818c198d3ff50a16f38eba567da006478239c8; vllm/v1/metrics/{loggers,perf}.py
vllm:prefix_cache_hits_created	vllm:prefix_cache_hits_created	vllm:prefix_cache_hits_created	gauge	engine,model_name	<excluded>	<none>	workload/outcome	Prefix cache hits, in terms of number of cached tokens.	generated registration-timestamp companion; excluded from operational charts	raw gauge; no rendered unit because job-excluded	source labels=engine,model_name; no chart identity/dimension role	vLLM engine/server; version and model-mode registration conditions apply	source-derived synthetic shape/routing proof; exclusion reason is runtime-validated	job-excluded	recommended job exclusion; lost question documented in OPERATOR-MODEL.md	vllm-project/vllm @ dc818c198d3ff50a16f38eba567da006478239c8; vllm/v1/metrics/{loggers,perf}.py
vllm:prefix_cache_hits_total	vllm:prefix_cache_hits_total	vllm:prefix_cache_hits_total	counter	engine,model_name	vLLM/KV Cache	model_name,engine	workload/outcome	Prefix cache hits, in terms of number of cached tokens.	independent source family unless a source-defined relationship is stated in OPERATOR-MODEL.md	raw counter -> incremental -> tokens/s; counted/measured object: Prefix cache hits, in terms of number of cached tokens.	identity=model_name,engine; label availability follows exporter configuration; no optional label is used as instance identity unless the chart route requires it	vLLM engine/server; version and model-mode registration conditions apply	source-derived synthetic shape/routing proof; does not prove live enablement, values, cadence, or cardinality	chart	vLLM/KV Cache / Local Prefix Cache [local_prefix; tokens/s; incremental]	vllm-project/vllm @ dc818c198d3ff50a16f38eba567da006478239c8; vllm/v1/metrics/{loggers,perf}.py
vllm:prefix_cache_queries_created	vllm:prefix_cache_queries_created	vllm:prefix_cache_queries_created	gauge	engine,model_name	<excluded>	<none>	workload/outcome	Prefix cache queries, in terms of number of queried tokens.	generated registration-timestamp companion; excluded from operational charts	raw gauge; no rendered unit because job-excluded	source labels=engine,model_name; no chart identity/dimension role	vLLM engine/server; version and model-mode registration conditions apply	source-derived synthetic shape/routing proof; exclusion reason is runtime-validated	job-excluded	recommended job exclusion; lost question documented in OPERATOR-MODEL.md	vllm-project/vllm @ dc818c198d3ff50a16f38eba567da006478239c8; vllm/v1/metrics/{loggers,perf}.py
vllm:prefix_cache_queries_total	vllm:prefix_cache_queries_total	vllm:prefix_cache_queries_total	counter	engine,model_name	vLLM/KV Cache	model_name,engine	workload/outcome	Prefix cache queries, in terms of number of queried tokens.	independent source family unless a source-defined relationship is stated in OPERATOR-MODEL.md	raw counter -> incremental -> tokens/s; counted/measured object: Prefix cache queries, in terms of number of queried tokens.	identity=model_name,engine; label availability follows exporter configuration; no optional label is used as instance identity unless the chart route requires it	vLLM engine/server; version and model-mode registration conditions apply	source-derived synthetic shape/routing proof; does not prove live enablement, values, cadence, or cardinality	chart	vLLM/KV Cache / Local Prefix Cache [local_prefix; tokens/s; incremental]	vllm-project/vllm @ dc818c198d3ff50a16f38eba567da006478239c8; vllm/v1/metrics/{loggers,perf}.py
vllm:prompt_tokens_by_source_created	vllm:prompt_tokens_by_source_created	vllm:prompt_tokens_by_source_created	gauge	engine,model_name,source	<excluded>	<none>	workload/outcome	Number of prompt tokens by source.	generated registration-timestamp companion; excluded from operational charts	raw gauge; no rendered unit because job-excluded	source labels=engine,model_name,source; no chart identity/dimension role	vLLM engine/server; version and model-mode registration conditions apply	source-derived synthetic shape/routing proof; exclusion reason is runtime-validated	job-excluded	recommended job exclusion; lost question documented in OPERATOR-MODEL.md	vllm-project/vllm @ dc818c198d3ff50a16f38eba567da006478239c8; vllm/v1/metrics/{loggers,perf}.py
vllm:prompt_tokens_by_source_total	vllm:prompt_tokens_by_source_total	vllm:prompt_tokens_by_source_total	counter	engine,model_name,source	vLLM/Prefill	model_name,engine	workload/outcome	Number of prompt tokens by source.	independent source family unless a source-defined relationship is stated in OPERATOR-MODEL.md	raw counter -> incremental -> tokens/s; counted/measured object: Number of prompt tokens by source.	identity=model_name,engine; dimension=source; label availability follows exporter configuration; no optional label is used as instance identity unless the chart route requires it	vLLM engine/server; version and model-mode registration conditions apply	source-derived synthetic shape/routing proof; does not prove live enablement, values, cadence, or cardinality	chart	vLLM/Prefill / Prompt Tokens by Source [prompt_tokens_by_source; tokens/s; incremental]	vllm-project/vllm @ dc818c198d3ff50a16f38eba567da006478239c8; vllm/v1/metrics/{loggers,perf}.py
vllm:prompt_tokens_cached_created	vllm:prompt_tokens_cached_created	vllm:prompt_tokens_cached_created	gauge	engine,model_name	<excluded>	<none>	workload/outcome	Number of cached prompt tokens (local + external).	generated registration-timestamp companion; excluded from operational charts	raw gauge; no rendered unit because job-excluded	source labels=engine,model_name; no chart identity/dimension role	vLLM engine/server; version and model-mode registration conditions apply	source-derived synthetic shape/routing proof; exclusion reason is runtime-validated	job-excluded	recommended job exclusion; lost question documented in OPERATOR-MODEL.md	vllm-project/vllm @ dc818c198d3ff50a16f38eba567da006478239c8; vllm/v1/metrics/{loggers,perf}.py
vllm:prompt_tokens_cached_total	vllm:prompt_tokens_cached_total	vllm:prompt_tokens_cached_total	counter	engine,model_name	vLLM/Prefill	model_name,engine	workload/outcome	Number of cached prompt tokens (local + external).	independent source family unless a source-defined relationship is stated in OPERATOR-MODEL.md	raw counter -> incremental -> tokens/s; counted/measured object: Number of cached prompt tokens (local + external).	identity=model_name,engine; label availability follows exporter configuration; no optional label is used as instance identity unless the chart route requires it	vLLM engine/server; version and model-mode registration conditions apply	source-derived synthetic shape/routing proof; does not prove live enablement, values, cadence, or cardinality	chart	vLLM/Prefill / Cached Prompt Tokens [cached_prompt_throughput; tokens/s; incremental]	vllm-project/vllm @ dc818c198d3ff50a16f38eba567da006478239c8; vllm/v1/metrics/{loggers,perf}.py
vllm:prompt_tokens_created	vllm:prompt_tokens_created	vllm:prompt_tokens_created	gauge	engine,model_name	<excluded>	<none>	workload/outcome	Number of prefill tokens processed.	generated registration-timestamp companion; excluded from operational charts	raw gauge; no rendered unit because job-excluded	source labels=engine,model_name; no chart identity/dimension role	vLLM engine/server; version and model-mode registration conditions apply	source-derived synthetic shape/routing proof; exclusion reason is runtime-validated	job-excluded	recommended job exclusion; lost question documented in OPERATOR-MODEL.md	vllm-project/vllm @ dc818c198d3ff50a16f38eba567da006478239c8; vllm/v1/metrics/{loggers,perf}.py
vllm:prompt_tokens_total	vllm:prompt_tokens_total	vllm:prompt_tokens_total	counter	engine,model_name	vLLM/Prefill	model_name,engine	workload/outcome	Number of prefill tokens processed.	independent source family unless a source-defined relationship is stated in OPERATOR-MODEL.md	raw counter -> incremental -> tokens/s; counted/measured object: Number of prefill tokens processed.	identity=model_name,engine; label availability follows exporter configuration; no optional label is used as instance identity unless the chart route requires it	vLLM engine/server; version and model-mode registration conditions apply	source-derived synthetic shape/routing proof; does not prove live enablement, values, cadence, or cardinality	chart	vLLM/Prefill / Processed Prompt Tokens [prompt_throughput; tokens/s; incremental]	vllm-project/vllm @ dc818c198d3ff50a16f38eba567da006478239c8; vllm/v1/metrics/{loggers,perf}.py
vllm:request_decode_time_seconds_bucket	vllm:request_decode_time_seconds_bucket	vllm:request_decode_time_seconds	histogram	engine,le,model_name	vLLM/Decode	model_name,engine	latency	Histogram of time spent in DECODE phase for request.	histogram bucket component; same observation population as the family bucket/quantile, count, and sum components	raw histogram -> incremental -> observations/s; counted/measured object: Histogram of time spent in DECODE phase for request.	identity=model_name,engine; remaining=le retained as source metadata or intentionally aggregated by this chart; label availability follows exporter configuration; no optional label is used as instance identity unless the chart route requires it	vLLM engine/server; version and model-mode registration conditions apply	source-derived synthetic shape/routing proof; does not prove live enablement, values, cadence, or cardinality	chart	vLLM/Decode / Decode Time [decode_time; observations/s; incremental]	vllm-project/vllm @ dc818c198d3ff50a16f38eba567da006478239c8; vllm/v1/metrics/{loggers,perf}.py
vllm:request_decode_time_seconds_count	vllm:request_decode_time_seconds_count	vllm:request_decode_time_seconds	histogram	engine,le,model_name	vLLM/Decode	model_name,engine	latency	Histogram of time spent in DECODE phase for request.	histogram count component; same observation population as the family bucket/quantile, count, and sum components	raw histogram -> incremental -> requests/s; counted/measured object: Histogram of time spent in DECODE phase for request.	identity=model_name,engine; remaining=le retained as source metadata or intentionally aggregated by this chart; label availability follows exporter configuration; no optional label is used as instance identity unless the chart route requires it	vLLM engine/server; version and model-mode registration conditions apply	source-derived synthetic shape/routing proof; does not prove live enablement, values, cadence, or cardinality	chart	vLLM/Decode / Decode Request Measurements [request_measurements; requests/s; incremental]	vllm-project/vllm @ dc818c198d3ff50a16f38eba567da006478239c8; vllm/v1/metrics/{loggers,perf}.py
vllm:request_decode_time_seconds_sum	vllm:request_decode_time_seconds_sum	vllm:request_decode_time_seconds	histogram	engine,le,model_name	vLLM/Decode	model_name,engine	latency	Histogram of time spent in DECODE phase for request.	histogram sum component; same observation population as the family bucket/quantile, count, and sum components	raw histogram -> incremental -> in-flight; counted/measured object: Histogram of time spent in DECODE phase for request.	identity=model_name,engine; remaining=le retained as source metadata or intentionally aggregated by this chart; label availability follows exporter configuration; no optional label is used as instance identity unless the chart route requires it	vLLM engine/server; version and model-mode registration conditions apply	source-derived synthetic shape/routing proof; does not prove live enablement, values, cadence, or cardinality	chart	vLLM/Decode / Decode Concurrency [concurrency; in-flight; incremental]	vllm-project/vllm @ dc818c198d3ff50a16f38eba567da006478239c8; vllm/v1/metrics/{loggers,perf}.py
vllm:request_decode_time_seconds_created	vllm:request_decode_time_seconds_created	vllm:request_decode_time_seconds_created	gauge	engine,model_name	<excluded>	<none>	latency	Histogram of time spent in DECODE phase for request.	generated registration-timestamp companion; excluded from operational charts	raw gauge; no rendered unit because job-excluded	source labels=engine,model_name; no chart identity/dimension role	vLLM engine/server; version and model-mode registration conditions apply	source-derived synthetic shape/routing proof; exclusion reason is runtime-validated	job-excluded	recommended job exclusion; lost question documented in OPERATOR-MODEL.md	vllm-project/vllm @ dc818c198d3ff50a16f38eba567da006478239c8; vllm/v1/metrics/{loggers,perf}.py
vllm:request_generation_tokens_bucket	vllm:request_generation_tokens_bucket	vllm:request_generation_tokens	histogram	engine,le,model_name	vLLM/Decode	model_name,engine	workload/outcome	Number of generation tokens processed.	histogram bucket component; same observation population as the family bucket/quantile, count, and sum components	raw histogram -> incremental -> observations/s; counted/measured object: Number of generation tokens processed.	identity=model_name,engine; remaining=le retained as source metadata or intentionally aggregated by this chart; label availability follows exporter configuration; no optional label is used as instance identity unless the chart route requires it	vLLM engine/server; version and model-mode registration conditions apply	source-derived synthetic shape/routing proof; does not prove live enablement, values, cadence, or cardinality	chart	vLLM/Decode / Output Size [output_size; observations/s; incremental]	vllm-project/vllm @ dc818c198d3ff50a16f38eba567da006478239c8; vllm/v1/metrics/{loggers,perf}.py
vllm:request_generation_tokens_count	vllm:request_generation_tokens_count	vllm:request_generation_tokens	histogram	engine,le,model_name	vLLM/Decode	model_name,engine	workload/outcome	Number of generation tokens processed.	histogram count component; same observation population as the family bucket/quantile, count, and sum components	raw histogram -> incremental -> requests/s; counted/measured object: Number of generation tokens processed.	identity=model_name,engine; remaining=le retained as source metadata or intentionally aggregated by this chart; label availability follows exporter configuration; no optional label is used as instance identity unless the chart route requires it	vLLM engine/server; version and model-mode registration conditions apply	source-derived synthetic shape/routing proof; does not prove live enablement, values, cadence, or cardinality	chart	vLLM/Decode / Decode Request Measurements [request_measurements; requests/s; incremental]	vllm-project/vllm @ dc818c198d3ff50a16f38eba567da006478239c8; vllm/v1/metrics/{loggers,perf}.py
vllm:request_generation_tokens_sum	vllm:request_generation_tokens_sum	vllm:request_generation_tokens	histogram	engine,le,model_name	vLLM/Decode	model_name,engine	workload/outcome	Number of generation tokens processed.	histogram sum component; same observation population as the family bucket/quantile, count, and sum components	raw histogram -> incremental -> tokens/s; counted/measured object: Number of generation tokens processed.	identity=model_name,engine; remaining=le retained as source metadata or intentionally aggregated by this chart; label availability follows exporter configuration; no optional label is used as instance identity unless the chart route requires it	vLLM engine/server; version and model-mode registration conditions apply	source-derived synthetic shape/routing proof; does not prove live enablement, values, cadence, or cardinality	chart	vLLM/Decode / Output Token Volume [output_token_volume; tokens/s; incremental]	vllm-project/vllm @ dc818c198d3ff50a16f38eba567da006478239c8; vllm/v1/metrics/{loggers,perf}.py
vllm:request_generation_tokens_created	vllm:request_generation_tokens_created	vllm:request_generation_tokens_created	gauge	engine,model_name	<excluded>	<none>	workload/outcome	Number of generation tokens processed.	generated registration-timestamp companion; excluded from operational charts	raw gauge; no rendered unit because job-excluded	source labels=engine,model_name; no chart identity/dimension role	vLLM engine/server; version and model-mode registration conditions apply	source-derived synthetic shape/routing proof; exclusion reason is runtime-validated	job-excluded	recommended job exclusion; lost question documented in OPERATOR-MODEL.md	vllm-project/vllm @ dc818c198d3ff50a16f38eba567da006478239c8; vllm/v1/metrics/{loggers,perf}.py
vllm:request_inference_time_seconds_bucket	vllm:request_inference_time_seconds_bucket	vllm:request_inference_time_seconds	histogram	engine,le,model_name	vLLM/Engine Execution	model_name,engine	latency	Histogram of time spent in RUNNING phase for request.	histogram bucket component; same observation population as the family bucket/quantile, count, and sum components	raw histogram -> incremental -> observations/s; counted/measured object: Histogram of time spent in RUNNING phase for request.	identity=model_name,engine; remaining=le retained as source metadata or intentionally aggregated by this chart; label availability follows exporter configuration; no optional label is used as instance identity unless the chart route requires it	vLLM engine/server; version and model-mode registration conditions apply	source-derived synthetic shape/routing proof; does not prove live enablement, values, cadence, or cardinality	chart	vLLM/Engine Execution / Inference Time [inference_time; observations/s; incremental]	vllm-project/vllm @ dc818c198d3ff50a16f38eba567da006478239c8; vllm/v1/metrics/{loggers,perf}.py
vllm:request_inference_time_seconds_count	vllm:request_inference_time_seconds_count	vllm:request_inference_time_seconds	histogram	engine,le,model_name	vLLM/Engine Execution	model_name,engine	latency	Histogram of time spent in RUNNING phase for request.	histogram count component; same observation population as the family bucket/quantile, count, and sum components	raw histogram -> incremental -> requests/s; counted/measured object: Histogram of time spent in RUNNING phase for request.	identity=model_name,engine; remaining=le retained as source metadata or intentionally aggregated by this chart; label availability follows exporter configuration; no optional label is used as instance identity unless the chart route requires it	vLLM engine/server; version and model-mode registration conditions apply	source-derived synthetic shape/routing proof; does not prove live enablement, values, cadence, or cardinality	chart	vLLM/Engine Execution / Inference Request Measurements [request_measurements; requests/s; incremental]	vllm-project/vllm @ dc818c198d3ff50a16f38eba567da006478239c8; vllm/v1/metrics/{loggers,perf}.py
vllm:request_inference_time_seconds_sum	vllm:request_inference_time_seconds_sum	vllm:request_inference_time_seconds	histogram	engine,le,model_name	vLLM/Engine Execution	model_name,engine	latency	Histogram of time spent in RUNNING phase for request.	histogram sum component; same observation population as the family bucket/quantile, count, and sum components	raw histogram -> incremental -> in-flight; counted/measured object: Histogram of time spent in RUNNING phase for request.	identity=model_name,engine; remaining=le retained as source metadata or intentionally aggregated by this chart; label availability follows exporter configuration; no optional label is used as instance identity unless the chart route requires it	vLLM engine/server; version and model-mode registration conditions apply	source-derived synthetic shape/routing proof; does not prove live enablement, values, cadence, or cardinality	chart	vLLM/Engine Execution / Inference Concurrency [concurrency; in-flight; incremental]	vllm-project/vllm @ dc818c198d3ff50a16f38eba567da006478239c8; vllm/v1/metrics/{loggers,perf}.py
vllm:request_inference_time_seconds_created	vllm:request_inference_time_seconds_created	vllm:request_inference_time_seconds_created	gauge	engine,model_name	<excluded>	<none>	latency	Histogram of time spent in RUNNING phase for request.	generated registration-timestamp companion; excluded from operational charts	raw gauge; no rendered unit because job-excluded	source labels=engine,model_name; no chart identity/dimension role	vLLM engine/server; version and model-mode registration conditions apply	source-derived synthetic shape/routing proof; exclusion reason is runtime-validated	job-excluded	recommended job exclusion; lost question documented in OPERATOR-MODEL.md	vllm-project/vllm @ dc818c198d3ff50a16f38eba567da006478239c8; vllm/v1/metrics/{loggers,perf}.py
vllm:request_max_num_generation_tokens_bucket	vllm:request_max_num_generation_tokens_bucket	vllm:request_max_num_generation_tokens	histogram	engine,le,model_name	vLLM/Request Lifecycle	model_name,engine	capacity/resource	Histogram of maximum number of requested generation tokens.	histogram bucket component; same observation population as the family bucket/quantile, count, and sum components	raw histogram -> incremental -> observations/s; counted/measured object: Histogram of maximum number of requested generation tokens.	identity=model_name,engine; remaining=le retained as source metadata or intentionally aggregated by this chart; label availability follows exporter configuration; no optional label is used as instance identity unless the chart route requires it	vLLM engine/server; version and model-mode registration conditions apply	source-derived synthetic shape/routing proof; does not prove live enablement, values, cadence, or cardinality	chart	vLLM/Request Lifecycle / Maximum Generated Tokens [maximum_generated_tokens; observations/s; incremental]	vllm-project/vllm @ dc818c198d3ff50a16f38eba567da006478239c8; vllm/v1/metrics/{loggers,perf}.py
vllm:request_max_num_generation_tokens_sum	vllm:request_max_num_generation_tokens_sum	vllm:request_max_num_generation_tokens	histogram	engine,le,model_name	vLLM/Request Lifecycle	model_name,engine	capacity/resource	Histogram of maximum number of requested generation tokens.	histogram sum component; same observation population as the family bucket/quantile, count, and sum components	raw histogram -> incremental -> tokens/s; counted/measured object: Histogram of maximum number of requested generation tokens.	identity=model_name,engine; remaining=le retained as source metadata or intentionally aggregated by this chart; label availability follows exporter configuration; no optional label is used as instance identity unless the chart route requires it	vLLM engine/server; version and model-mode registration conditions apply	source-derived synthetic shape/routing proof; does not prove live enablement, values, cadence, or cardinality	chart	vLLM/Request Lifecycle / Maximum Generated Tokens Sum [maximum_generated_tokens_sum; tokens/s; incremental]	vllm-project/vllm @ dc818c198d3ff50a16f38eba567da006478239c8; vllm/v1/metrics/{loggers,perf}.py
vllm:request_max_num_generation_tokens_count	vllm:request_max_num_generation_tokens_count	vllm:request_max_num_generation_tokens	histogram	engine,le,model_name	vLLM/Request Lifecycle	model_name,engine	capacity/resource	Histogram of maximum number of requested generation tokens.	histogram count component; same observation population as the family bucket/quantile, count, and sum components	raw histogram -> incremental -> requests/s; counted/measured object: Histogram of maximum number of requested generation tokens.	identity=model_name,engine; remaining=le retained as source metadata or intentionally aggregated by this chart; label availability follows exporter configuration; no optional label is used as instance identity unless the chart route requires it	vLLM engine/server; version and model-mode registration conditions apply	source-derived synthetic shape/routing proof; does not prove live enablement, values, cadence, or cardinality	chart	vLLM/Request Lifecycle / Parent Request Measurements [parent_request_measurements; requests/s; incremental]	vllm-project/vllm @ dc818c198d3ff50a16f38eba567da006478239c8; vllm/v1/metrics/{loggers,perf}.py
vllm:request_max_num_generation_tokens_created	vllm:request_max_num_generation_tokens_created	vllm:request_max_num_generation_tokens_created	gauge	engine,model_name	<excluded>	<none>	capacity/resource	Histogram of maximum number of requested generation tokens.	generated registration-timestamp companion; excluded from operational charts	raw gauge; no rendered unit because job-excluded	source labels=engine,model_name; no chart identity/dimension role	vLLM engine/server; version and model-mode registration conditions apply	source-derived synthetic shape/routing proof; exclusion reason is runtime-validated	job-excluded	recommended job exclusion; lost question documented in OPERATOR-MODEL.md	vllm-project/vllm @ dc818c198d3ff50a16f38eba567da006478239c8; vllm/v1/metrics/{loggers,perf}.py
vllm:request_params_max_tokens_bucket	vllm:request_params_max_tokens_bucket	vllm:request_params_max_tokens	histogram	engine,le,model_name	vLLM/Request Lifecycle	model_name,engine	capacity/resource	Histogram of the max_tokens request parameter.	histogram bucket component; same observation population as the family bucket/quantile, count, and sum components	raw histogram -> incremental -> observations/s; counted/measured object: Histogram of the max_tokens request parameter.	identity=model_name,engine; remaining=le retained as source metadata or intentionally aggregated by this chart; label availability follows exporter configuration; no optional label is used as instance identity unless the chart route requires it	vLLM engine/server; version and model-mode registration conditions apply	source-derived synthetic shape/routing proof; does not prove live enablement, values, cadence, or cardinality	chart	vLLM/Request Lifecycle / Requested Token Limit [requested_token_limit; observations/s; incremental]	vllm-project/vllm @ dc818c198d3ff50a16f38eba567da006478239c8; vllm/v1/metrics/{loggers,perf}.py
vllm:request_params_max_tokens_sum	vllm:request_params_max_tokens_sum	vllm:request_params_max_tokens	histogram	engine,le,model_name	vLLM/Request Lifecycle	model_name,engine	capacity/resource	Histogram of the max_tokens request parameter.	histogram sum component; same observation population as the family bucket/quantile, count, and sum components	raw histogram -> incremental -> tokens/s; counted/measured object: Histogram of the max_tokens request parameter.	identity=model_name,engine; remaining=le retained as source metadata or intentionally aggregated by this chart; label availability follows exporter configuration; no optional label is used as instance identity unless the chart route requires it	vLLM engine/server; version and model-mode registration conditions apply	source-derived synthetic shape/routing proof; does not prove live enablement, values, cadence, or cardinality	chart	vLLM/Request Lifecycle / Requested Token Limits Sum [requested_token_limits_sum; tokens/s; incremental]	vllm-project/vllm @ dc818c198d3ff50a16f38eba567da006478239c8; vllm/v1/metrics/{loggers,perf}.py
vllm:request_params_max_tokens_count	vllm:request_params_max_tokens_count	vllm:request_params_max_tokens	histogram	engine,le,model_name	vLLM/Request Lifecycle	model_name,engine	capacity/resource	Histogram of the max_tokens request parameter.	histogram count component; same observation population as the family bucket/quantile, count, and sum components	raw histogram -> incremental -> requests/s; counted/measured object: Histogram of the max_tokens request parameter.	identity=model_name,engine; remaining=le retained as source metadata or intentionally aggregated by this chart; label availability follows exporter configuration; no optional label is used as instance identity unless the chart route requires it	vLLM engine/server; version and model-mode registration conditions apply	source-derived synthetic shape/routing proof; does not prove live enablement, values, cadence, or cardinality	chart	vLLM/Request Lifecycle / Parent Request Measurements [parent_request_measurements; requests/s; incremental]	vllm-project/vllm @ dc818c198d3ff50a16f38eba567da006478239c8; vllm/v1/metrics/{loggers,perf}.py
vllm:request_params_max_tokens_created	vllm:request_params_max_tokens_created	vllm:request_params_max_tokens_created	gauge	engine,model_name	<excluded>	<none>	capacity/resource	Histogram of the max_tokens request parameter.	generated registration-timestamp companion; excluded from operational charts	raw gauge; no rendered unit because job-excluded	source labels=engine,model_name; no chart identity/dimension role	vLLM engine/server; version and model-mode registration conditions apply	source-derived synthetic shape/routing proof; exclusion reason is runtime-validated	job-excluded	recommended job exclusion; lost question documented in OPERATOR-MODEL.md	vllm-project/vllm @ dc818c198d3ff50a16f38eba567da006478239c8; vllm/v1/metrics/{loggers,perf}.py
vllm:request_params_n_bucket	vllm:request_params_n_bucket	vllm:request_params_n	histogram	engine,le,model_name	vLLM/Request Lifecycle	model_name,engine	workload/outcome	Histogram of the n request parameter.	histogram bucket component; same observation population as the family bucket/quantile, count, and sum components	raw histogram -> incremental -> observations/s; counted/measured object: Histogram of the n request parameter.	identity=model_name,engine; remaining=le retained as source metadata or intentionally aggregated by this chart; label availability follows exporter configuration; no optional label is used as instance identity unless the chart route requires it	vLLM engine/server; version and model-mode registration conditions apply	source-derived synthetic shape/routing proof; does not prove live enablement, values, cadence, or cardinality	chart	vLLM/Request Lifecycle / Requested Sequences [requested_sequences; observations/s; incremental]	vllm-project/vllm @ dc818c198d3ff50a16f38eba567da006478239c8; vllm/v1/metrics/{loggers,perf}.py
vllm:request_params_n_sum	vllm:request_params_n_sum	vllm:request_params_n	histogram	engine,le,model_name	vLLM/Request Lifecycle	model_name,engine	workload/outcome	Histogram of the n request parameter.	histogram sum component; same observation population as the family bucket/quantile, count, and sum components	raw histogram -> incremental -> sequences/s; counted/measured object: Histogram of the n request parameter.	identity=model_name,engine; remaining=le retained as source metadata or intentionally aggregated by this chart; label availability follows exporter configuration; no optional label is used as instance identity unless the chart route requires it	vLLM engine/server; version and model-mode registration conditions apply	source-derived synthetic shape/routing proof; does not prove live enablement, values, cadence, or cardinality	chart	vLLM/Request Lifecycle / Requested Sequence Volume [requested_sequence_volume; sequences/s; incremental]	vllm-project/vllm @ dc818c198d3ff50a16f38eba567da006478239c8; vllm/v1/metrics/{loggers,perf}.py
vllm:request_params_n_count	vllm:request_params_n_count	vllm:request_params_n	histogram	engine,le,model_name	vLLM/Request Lifecycle	model_name,engine	workload/outcome	Histogram of the n request parameter.	histogram count component; same observation population as the family bucket/quantile, count, and sum components	raw histogram -> incremental -> requests/s; counted/measured object: Histogram of the n request parameter.	identity=model_name,engine; remaining=le retained as source metadata or intentionally aggregated by this chart; label availability follows exporter configuration; no optional label is used as instance identity unless the chart route requires it	vLLM engine/server; version and model-mode registration conditions apply	source-derived synthetic shape/routing proof; does not prove live enablement, values, cadence, or cardinality	chart	vLLM/Request Lifecycle / Parent Request Measurements [parent_request_measurements; requests/s; incremental]	vllm-project/vllm @ dc818c198d3ff50a16f38eba567da006478239c8; vllm/v1/metrics/{loggers,perf}.py
vllm:request_params_n_created	vllm:request_params_n_created	vllm:request_params_n_created	gauge	engine,model_name	<excluded>	<none>	workload/outcome	Histogram of the n request parameter.	generated registration-timestamp companion; excluded from operational charts	raw gauge; no rendered unit because job-excluded	source labels=engine,model_name; no chart identity/dimension role	vLLM engine/server; version and model-mode registration conditions apply	source-derived synthetic shape/routing proof; exclusion reason is runtime-validated	job-excluded	recommended job exclusion; lost question documented in OPERATOR-MODEL.md	vllm-project/vllm @ dc818c198d3ff50a16f38eba567da006478239c8; vllm/v1/metrics/{loggers,perf}.py
vllm:request_prefill_kv_computed_tokens_bucket	vllm:request_prefill_kv_computed_tokens_bucket	vllm:request_prefill_kv_computed_tokens	histogram	engine,le,model_name	vLLM/Prefill	model_name,engine	workload/outcome	Histogram of new KV tokens computed during prefill (excluding cached tokens).	histogram bucket component; same observation population as the family bucket/quantile, count, and sum components	raw histogram -> incremental -> observations/s; counted/measured object: Histogram of new KV tokens computed during prefill (excluding cached tokens).	identity=model_name,engine; remaining=le retained as source metadata or intentionally aggregated by this chart; label availability follows exporter configuration; no optional label is used as instance identity unless the chart route requires it	vLLM engine/server; version and model-mode registration conditions apply	source-derived synthetic shape/routing proof; does not prove live enablement, values, cadence, or cardinality	chart	vLLM/Prefill / Computed KV Tokens [computed_kv_tokens; observations/s; incremental]	vllm-project/vllm @ dc818c198d3ff50a16f38eba567da006478239c8; vllm/v1/metrics/{loggers,perf}.py
vllm:request_prefill_kv_computed_tokens_count	vllm:request_prefill_kv_computed_tokens_count	vllm:request_prefill_kv_computed_tokens	histogram	engine,le,model_name	vLLM/Prefill	model_name,engine	workload/outcome	Histogram of new KV tokens computed during prefill (excluding cached tokens).	histogram count component; same observation population as the family bucket/quantile, count, and sum components	raw histogram -> incremental -> requests/s; counted/measured object: Histogram of new KV tokens computed during prefill (excluding cached tokens).	identity=model_name,engine; remaining=le retained as source metadata or intentionally aggregated by this chart; label availability follows exporter configuration; no optional label is used as instance identity unless the chart route requires it	vLLM engine/server; version and model-mode registration conditions apply	source-derived synthetic shape/routing proof; does not prove live enablement, values, cadence, or cardinality	chart	vLLM/Prefill / Prefill Request Measurements [request_measurements; requests/s; incremental]	vllm-project/vllm @ dc818c198d3ff50a16f38eba567da006478239c8; vllm/v1/metrics/{loggers,perf}.py
vllm:request_prefill_kv_computed_tokens_sum	vllm:request_prefill_kv_computed_tokens_sum	vllm:request_prefill_kv_computed_tokens	histogram	engine,le,model_name	vLLM/Prefill	model_name,engine	workload/outcome	Histogram of new KV tokens computed during prefill (excluding cached tokens).	histogram sum component; same observation population as the family bucket/quantile, count, and sum components	raw histogram -> incremental -> tokens/s; counted/measured object: Histogram of new KV tokens computed during prefill (excluding cached tokens).	identity=model_name,engine; remaining=le retained as source metadata or intentionally aggregated by this chart; label availability follows exporter configuration; no optional label is used as instance identity unless the chart route requires it	vLLM engine/server; version and model-mode registration conditions apply	source-derived synthetic shape/routing proof; does not prove live enablement, values, cadence, or cardinality	chart	vLLM/Prefill / Computed KV Token Volume [computed_kv_token_volume; tokens/s; incremental]	vllm-project/vllm @ dc818c198d3ff50a16f38eba567da006478239c8; vllm/v1/metrics/{loggers,perf}.py
vllm:request_prefill_kv_computed_tokens_created	vllm:request_prefill_kv_computed_tokens_created	vllm:request_prefill_kv_computed_tokens_created	gauge	engine,model_name	<excluded>	<none>	workload/outcome	Histogram of new KV tokens computed during prefill (excluding cached tokens).	generated registration-timestamp companion; excluded from operational charts	raw gauge; no rendered unit because job-excluded	source labels=engine,model_name; no chart identity/dimension role	vLLM engine/server; version and model-mode registration conditions apply	source-derived synthetic shape/routing proof; exclusion reason is runtime-validated	job-excluded	recommended job exclusion; lost question documented in OPERATOR-MODEL.md	vllm-project/vllm @ dc818c198d3ff50a16f38eba567da006478239c8; vllm/v1/metrics/{loggers,perf}.py
vllm:request_prefill_time_seconds_bucket	vllm:request_prefill_time_seconds_bucket	vllm:request_prefill_time_seconds	histogram	engine,le,model_name	vLLM/Prefill	model_name,engine	latency	Histogram of time spent in PREFILL phase for request.	histogram bucket component; same observation population as the family bucket/quantile, count, and sum components	raw histogram -> incremental -> observations/s; counted/measured object: Histogram of time spent in PREFILL phase for request.	identity=model_name,engine; remaining=le retained as source metadata or intentionally aggregated by this chart; label availability follows exporter configuration; no optional label is used as instance identity unless the chart route requires it	vLLM engine/server; version and model-mode registration conditions apply	source-derived synthetic shape/routing proof; does not prove live enablement, values, cadence, or cardinality	chart	vLLM/Prefill / Prefill Time [prefill_time; observations/s; incremental]	vllm-project/vllm @ dc818c198d3ff50a16f38eba567da006478239c8; vllm/v1/metrics/{loggers,perf}.py
vllm:request_prefill_time_seconds_count	vllm:request_prefill_time_seconds_count	vllm:request_prefill_time_seconds	histogram	engine,le,model_name	vLLM/Prefill	model_name,engine	latency	Histogram of time spent in PREFILL phase for request.	histogram count component; same observation population as the family bucket/quantile, count, and sum components	raw histogram -> incremental -> requests/s; counted/measured object: Histogram of time spent in PREFILL phase for request.	identity=model_name,engine; remaining=le retained as source metadata or intentionally aggregated by this chart; label availability follows exporter configuration; no optional label is used as instance identity unless the chart route requires it	vLLM engine/server; version and model-mode registration conditions apply	source-derived synthetic shape/routing proof; does not prove live enablement, values, cadence, or cardinality	chart	vLLM/Prefill / Prefill Request Measurements [request_measurements; requests/s; incremental]	vllm-project/vllm @ dc818c198d3ff50a16f38eba567da006478239c8; vllm/v1/metrics/{loggers,perf}.py
vllm:request_prefill_time_seconds_sum	vllm:request_prefill_time_seconds_sum	vllm:request_prefill_time_seconds	histogram	engine,le,model_name	vLLM/Prefill	model_name,engine	latency	Histogram of time spent in PREFILL phase for request.	histogram sum component; same observation population as the family bucket/quantile, count, and sum components	raw histogram -> incremental -> in-flight; counted/measured object: Histogram of time spent in PREFILL phase for request.	identity=model_name,engine; remaining=le retained as source metadata or intentionally aggregated by this chart; label availability follows exporter configuration; no optional label is used as instance identity unless the chart route requires it	vLLM engine/server; version and model-mode registration conditions apply	source-derived synthetic shape/routing proof; does not prove live enablement, values, cadence, or cardinality	chart	vLLM/Prefill / Prefill Concurrency [concurrency; in-flight; incremental]	vllm-project/vllm @ dc818c198d3ff50a16f38eba567da006478239c8; vllm/v1/metrics/{loggers,perf}.py
vllm:request_prefill_time_seconds_created	vllm:request_prefill_time_seconds_created	vllm:request_prefill_time_seconds_created	gauge	engine,model_name	<excluded>	<none>	latency	Histogram of time spent in PREFILL phase for request.	generated registration-timestamp companion; excluded from operational charts	raw gauge; no rendered unit because job-excluded	source labels=engine,model_name; no chart identity/dimension role	vLLM engine/server; version and model-mode registration conditions apply	source-derived synthetic shape/routing proof; exclusion reason is runtime-validated	job-excluded	recommended job exclusion; lost question documented in OPERATOR-MODEL.md	vllm-project/vllm @ dc818c198d3ff50a16f38eba567da006478239c8; vllm/v1/metrics/{loggers,perf}.py
vllm:request_prompt_tokens_bucket	vllm:request_prompt_tokens_bucket	vllm:request_prompt_tokens	histogram	engine,le,model_name	vLLM/Prefill	model_name,engine	workload/outcome	Number of prefill tokens processed.	histogram bucket component; same observation population as the family bucket/quantile, count, and sum components	raw histogram -> incremental -> observations/s; counted/measured object: Number of prefill tokens processed.	identity=model_name,engine; remaining=le retained as source metadata or intentionally aggregated by this chart; label availability follows exporter configuration; no optional label is used as instance identity unless the chart route requires it	vLLM engine/server; version and model-mode registration conditions apply	source-derived synthetic shape/routing proof; does not prove live enablement, values, cadence, or cardinality	chart	vLLM/Prefill / Prompt Size [prompt_size; observations/s; incremental]	vllm-project/vllm @ dc818c198d3ff50a16f38eba567da006478239c8; vllm/v1/metrics/{loggers,perf}.py
vllm:request_prompt_tokens_count	vllm:request_prompt_tokens_count	vllm:request_prompt_tokens	histogram	engine,le,model_name	vLLM/Prefill	model_name,engine	workload/outcome	Number of prefill tokens processed.	histogram count component; same observation population as the family bucket/quantile, count, and sum components	raw histogram -> incremental -> requests/s; counted/measured object: Number of prefill tokens processed.	identity=model_name,engine; remaining=le retained as source metadata or intentionally aggregated by this chart; label availability follows exporter configuration; no optional label is used as instance identity unless the chart route requires it	vLLM engine/server; version and model-mode registration conditions apply	source-derived synthetic shape/routing proof; does not prove live enablement, values, cadence, or cardinality	chart	vLLM/Prefill / Prefill Request Measurements [request_measurements; requests/s; incremental]	vllm-project/vllm @ dc818c198d3ff50a16f38eba567da006478239c8; vllm/v1/metrics/{loggers,perf}.py
vllm:request_prompt_tokens_sum	vllm:request_prompt_tokens_sum	vllm:request_prompt_tokens	histogram	engine,le,model_name	vLLM/Prefill	model_name,engine	workload/outcome	Number of prefill tokens processed.	histogram sum component; same observation population as the family bucket/quantile, count, and sum components	raw histogram -> incremental -> tokens/s; counted/measured object: Number of prefill tokens processed.	identity=model_name,engine; remaining=le retained as source metadata or intentionally aggregated by this chart; label availability follows exporter configuration; no optional label is used as instance identity unless the chart route requires it	vLLM engine/server; version and model-mode registration conditions apply	source-derived synthetic shape/routing proof; does not prove live enablement, values, cadence, or cardinality	chart	vLLM/Prefill / Completed Request Prompt Volume [completed_request_prompt_volume; tokens/s; incremental]	vllm-project/vllm @ dc818c198d3ff50a16f38eba567da006478239c8; vllm/v1/metrics/{loggers,perf}.py
vllm:request_prompt_tokens_created	vllm:request_prompt_tokens_created	vllm:request_prompt_tokens_created	gauge	engine,model_name	<excluded>	<none>	workload/outcome	Number of prefill tokens processed.	generated registration-timestamp companion; excluded from operational charts	raw gauge; no rendered unit because job-excluded	source labels=engine,model_name; no chart identity/dimension role	vLLM engine/server; version and model-mode registration conditions apply	source-derived synthetic shape/routing proof; exclusion reason is runtime-validated	job-excluded	recommended job exclusion; lost question documented in OPERATOR-MODEL.md	vllm-project/vllm @ dc818c198d3ff50a16f38eba567da006478239c8; vllm/v1/metrics/{loggers,perf}.py
vllm:request_queue_time_seconds_bucket	vllm:request_queue_time_seconds_bucket	vllm:request_queue_time_seconds	histogram	engine,le,model_name	vLLM/Scheduler	model_name,engine	latency	Histogram of time spent in WAITING phase for request.	histogram bucket component; same observation population as the family bucket/quantile, count, and sum components	raw histogram -> incremental -> observations/s; counted/measured object: Histogram of time spent in WAITING phase for request.	identity=model_name,engine; remaining=le retained as source metadata or intentionally aggregated by this chart; label availability follows exporter configuration; no optional label is used as instance identity unless the chart route requires it	vLLM engine/server; version and model-mode registration conditions apply	source-derived synthetic shape/routing proof; does not prove live enablement, values, cadence, or cardinality	chart	vLLM/Scheduler / Request Queue Time [queue_time; observations/s; incremental]	vllm-project/vllm @ dc818c198d3ff50a16f38eba567da006478239c8; vllm/v1/metrics/{loggers,perf}.py
vllm:request_queue_time_seconds_count	vllm:request_queue_time_seconds_count	vllm:request_queue_time_seconds	histogram	engine,le,model_name	vLLM/Scheduler	model_name,engine	latency	Histogram of time spent in WAITING phase for request.	histogram count component; same observation population as the family bucket/quantile, count, and sum components	raw histogram -> incremental -> requests/s; counted/measured object: Histogram of time spent in WAITING phase for request.	identity=model_name,engine; remaining=le retained as source metadata or intentionally aggregated by this chart; label availability follows exporter configuration; no optional label is used as instance identity unless the chart route requires it	vLLM engine/server; version and model-mode registration conditions apply	source-derived synthetic shape/routing proof; does not prove live enablement, values, cadence, or cardinality	chart	vLLM/Scheduler / Queued Request Measurements [queued_request_measurements; requests/s; incremental]	vllm-project/vllm @ dc818c198d3ff50a16f38eba567da006478239c8; vllm/v1/metrics/{loggers,perf}.py
vllm:request_queue_time_seconds_sum	vllm:request_queue_time_seconds_sum	vllm:request_queue_time_seconds	histogram	engine,le,model_name	vLLM/Scheduler	model_name,engine	latency	Histogram of time spent in WAITING phase for request.	histogram sum component; same observation population as the family bucket/quantile, count, and sum components	raw histogram -> incremental -> in-flight; counted/measured object: Histogram of time spent in WAITING phase for request.	identity=model_name,engine; remaining=le retained as source metadata or intentionally aggregated by this chart; label availability follows exporter configuration; no optional label is used as instance identity unless the chart route requires it	vLLM engine/server; version and model-mode registration conditions apply	source-derived synthetic shape/routing proof; does not prove live enablement, values, cadence, or cardinality	chart	vLLM/Scheduler / Queue Concurrency [queue_concurrency; in-flight; incremental]	vllm-project/vllm @ dc818c198d3ff50a16f38eba567da006478239c8; vllm/v1/metrics/{loggers,perf}.py
vllm:request_queue_time_seconds_created	vllm:request_queue_time_seconds_created	vllm:request_queue_time_seconds_created	gauge	engine,model_name	<excluded>	<none>	latency	Histogram of time spent in WAITING phase for request.	generated registration-timestamp companion; excluded from operational charts	raw gauge; no rendered unit because job-excluded	source labels=engine,model_name; no chart identity/dimension role	vLLM engine/server; version and model-mode registration conditions apply	source-derived synthetic shape/routing proof; exclusion reason is runtime-validated	job-excluded	recommended job exclusion; lost question documented in OPERATOR-MODEL.md	vllm-project/vllm @ dc818c198d3ff50a16f38eba567da006478239c8; vllm/v1/metrics/{loggers,perf}.py
vllm:request_success_created	vllm:request_success_created	vllm:request_success_created	gauge	engine,finished_reason,model_name	<excluded>	<none>	workload/outcome	Count of successfully processed requests.	generated registration-timestamp companion; excluded from operational charts	raw gauge; no rendered unit because job-excluded	source labels=engine,finished_reason,model_name; no chart identity/dimension role	vLLM engine/server; version and model-mode registration conditions apply	source-derived synthetic shape/routing proof; exclusion reason is runtime-validated	job-excluded	recommended job exclusion; lost question documented in OPERATOR-MODEL.md	vllm-project/vllm @ dc818c198d3ff50a16f38eba567da006478239c8; vllm/v1/metrics/{loggers,perf}.py
vllm:request_success_total	vllm:request_success_total	vllm:request_success_total	counter	engine,finished_reason,model_name	vLLM/Request Lifecycle	model_name,engine	workload/outcome	Count of successfully processed requests.	independent source family unless a source-defined relationship is stated in OPERATOR-MODEL.md	raw counter -> incremental -> requests/s; counted/measured object: Count of successfully processed requests.	identity=model_name,engine; dimension=finished_reason; label availability follows exporter configuration; no optional label is used as instance identity unless the chart route requires it	vLLM engine/server; version and model-mode registration conditions apply	source-derived synthetic shape/routing proof; does not prove live enablement, values, cadence, or cardinality	chart	vLLM/Request Lifecycle / Request Outcomes [outcomes; requests/s; incremental]	vllm-project/vllm @ dc818c198d3ff50a16f38eba567da006478239c8; vllm/v1/metrics/{loggers,perf}.py
vllm:request_time_per_output_token_seconds_bucket	vllm:request_time_per_output_token_seconds_bucket	vllm:request_time_per_output_token_seconds	histogram	engine,le,model_name	vLLM/Decode	model_name,engine	latency	Histogram of time_per_output_token_seconds per request.	histogram bucket component; same observation population as the family bucket/quantile, count, and sum components	raw histogram -> incremental -> observations/s; counted/measured object: Histogram of time_per_output_token_seconds per request.	identity=model_name,engine; remaining=le retained as source metadata or intentionally aggregated by this chart; label availability follows exporter configuration; no optional label is used as instance identity unless the chart route requires it	vLLM engine/server; version and model-mode registration conditions apply	source-derived synthetic shape/routing proof; does not prove live enablement, values, cadence, or cardinality	chart	vLLM/Decode / Mean Output-Token Time [mean_output_token_time; observations/s; incremental]	vllm-project/vllm @ dc818c198d3ff50a16f38eba567da006478239c8; vllm/v1/metrics/{loggers,perf}.py
vllm:request_time_per_output_token_seconds_count	vllm:request_time_per_output_token_seconds_count	vllm:request_time_per_output_token_seconds	histogram	engine,le,model_name	vLLM/Decode	model_name,engine	latency	Histogram of time_per_output_token_seconds per request.	histogram count component; same observation population as the family bucket/quantile, count, and sum components	raw histogram -> incremental -> requests/s; counted/measured object: Histogram of time_per_output_token_seconds per request.	identity=model_name,engine; remaining=le retained as source metadata or intentionally aggregated by this chart; label availability follows exporter configuration; no optional label is used as instance identity unless the chart route requires it	vLLM engine/server; version and model-mode registration conditions apply	source-derived synthetic shape/routing proof; does not prove live enablement, values, cadence, or cardinality	chart	vLLM/Decode / Decode Request Measurements [request_measurements; requests/s; incremental]	vllm-project/vllm @ dc818c198d3ff50a16f38eba567da006478239c8; vllm/v1/metrics/{loggers,perf}.py
vllm:request_time_per_output_token_seconds_sum	vllm:request_time_per_output_token_seconds_sum	vllm:request_time_per_output_token_seconds	histogram	engine,le,model_name	vLLM/Decode	model_name,engine	latency	Histogram of time_per_output_token_seconds per request.	histogram sum component; same observation population as the family bucket/quantile, count, and sum components	raw histogram -> incremental -> seconds/s; counted/measured object: Histogram of time_per_output_token_seconds per request.	identity=model_name,engine; remaining=le retained as source metadata or intentionally aggregated by this chart; label availability follows exporter configuration; no optional label is used as instance identity unless the chart route requires it	vLLM engine/server; version and model-mode registration conditions apply	source-derived synthetic shape/routing proof; does not prove live enablement, values, cadence, or cardinality	chart	vLLM/Decode / Accumulated Mean Output-Token Time [accumulated_mean_output_token_time; seconds/s; incremental]	vllm-project/vllm @ dc818c198d3ff50a16f38eba567da006478239c8; vllm/v1/metrics/{loggers,perf}.py
vllm:request_time_per_output_token_seconds_created	vllm:request_time_per_output_token_seconds_created	vllm:request_time_per_output_token_seconds_created	gauge	engine,model_name	<excluded>	<none>	latency	Histogram of time_per_output_token_seconds per request.	generated registration-timestamp companion; excluded from operational charts	raw gauge; no rendered unit because job-excluded	source labels=engine,model_name; no chart identity/dimension role	vLLM engine/server; version and model-mode registration conditions apply	source-derived synthetic shape/routing proof; exclusion reason is runtime-validated	job-excluded	recommended job exclusion; lost question documented in OPERATOR-MODEL.md	vllm-project/vllm @ dc818c198d3ff50a16f38eba567da006478239c8; vllm/v1/metrics/{loggers,perf}.py
vllm:spec_decode_num_accepted_tokens_created	vllm:spec_decode_num_accepted_tokens_created	vllm:spec_decode_num_accepted_tokens_created	gauge	engine,model_name	<excluded>	<none>	workload/outcome	Number of accepted tokens.	generated registration-timestamp companion; excluded from operational charts	raw gauge; no rendered unit because job-excluded	source labels=engine,model_name; no chart identity/dimension role	speculative decoding	source-derived synthetic shape/routing proof; exclusion reason is runtime-validated	job-excluded	recommended job exclusion; lost question documented in OPERATOR-MODEL.md	vllm-project/vllm @ dc818c198d3ff50a16f38eba567da006478239c8; vllm/v1/spec_decode/metrics.py
vllm:spec_decode_num_accepted_tokens_per_pos_created	vllm:spec_decode_num_accepted_tokens_per_pos_created	vllm:spec_decode_num_accepted_tokens_per_pos_created	gauge	engine,model_name,position	<excluded>	<none>	workload/outcome	Accepted tokens per draft position.	generated registration-timestamp companion; excluded from operational charts	raw gauge; no rendered unit because job-excluded	source labels=engine,model_name,position; no chart identity/dimension role	speculative decoding	source-derived synthetic shape/routing proof; exclusion reason is runtime-validated	job-excluded	recommended job exclusion; lost question documented in OPERATOR-MODEL.md	vllm-project/vllm @ dc818c198d3ff50a16f38eba567da006478239c8; vllm/v1/spec_decode/metrics.py
vllm:spec_decode_num_accepted_tokens_per_pos_total	vllm:spec_decode_num_accepted_tokens_per_pos_total	vllm:spec_decode_num_accepted_tokens_per_pos_total	counter	engine,model_name,position	vLLM/Speculative Decoding	model_name,engine	workload/outcome	Accepted tokens per draft position.	independent source family unless a source-defined relationship is stated in OPERATOR-MODEL.md	raw counter -> incremental -> tokens/s; counted/measured object: Accepted tokens per draft position.	identity=model_name,engine; dimension=position; label availability follows exporter configuration; no optional label is used as instance identity unless the chart route requires it	speculative decoding	source-derived synthetic shape/routing proof; does not prove live enablement, values, cadence, or cardinality	chart	vLLM/Speculative Decoding / Accepted Tokens by Position [accepted_by_position; tokens/s; incremental]	vllm-project/vllm @ dc818c198d3ff50a16f38eba567da006478239c8; vllm/v1/spec_decode/metrics.py
vllm:spec_decode_num_accepted_tokens_total	vllm:spec_decode_num_accepted_tokens_total	vllm:spec_decode_num_accepted_tokens_total	counter	engine,model_name	vLLM/Speculative Decoding	model_name,engine	workload/outcome	Number of accepted tokens.	independent source family unless a source-defined relationship is stated in OPERATOR-MODEL.md	raw counter -> incremental -> tokens/s; counted/measured object: Number of accepted tokens.	identity=model_name,engine; label availability follows exporter configuration; no optional label is used as instance identity unless the chart route requires it	speculative decoding	source-derived synthetic shape/routing proof; does not prove live enablement, values, cadence, or cardinality	chart	vLLM/Speculative Decoding / Draft Token Outcomes [token_outcomes; tokens/s; incremental]	vllm-project/vllm @ dc818c198d3ff50a16f38eba567da006478239c8; vllm/v1/spec_decode/metrics.py
vllm:spec_decode_num_draft_tokens_created	vllm:spec_decode_num_draft_tokens_created	vllm:spec_decode_num_draft_tokens_created	gauge	engine,model_name	<excluded>	<none>	workload/outcome	Number of draft tokens.	generated registration-timestamp companion; excluded from operational charts	raw gauge; no rendered unit because job-excluded	source labels=engine,model_name; no chart identity/dimension role	speculative decoding	source-derived synthetic shape/routing proof; exclusion reason is runtime-validated	job-excluded	recommended job exclusion; lost question documented in OPERATOR-MODEL.md	vllm-project/vllm @ dc818c198d3ff50a16f38eba567da006478239c8; vllm/v1/spec_decode/metrics.py
vllm:spec_decode_num_draft_tokens_total	vllm:spec_decode_num_draft_tokens_total	vllm:spec_decode_num_draft_tokens_total	counter	engine,model_name	vLLM/Speculative Decoding	model_name,engine	workload/outcome	Number of draft tokens.	independent source family unless a source-defined relationship is stated in OPERATOR-MODEL.md	raw counter -> incremental -> tokens/s; counted/measured object: Number of draft tokens.	identity=model_name,engine; label availability follows exporter configuration; no optional label is used as instance identity unless the chart route requires it	speculative decoding	source-derived synthetic shape/routing proof; does not prove live enablement, values, cadence, or cardinality	chart	vLLM/Speculative Decoding / Draft Token Outcomes [token_outcomes; tokens/s; incremental]	vllm-project/vllm @ dc818c198d3ff50a16f38eba567da006478239c8; vllm/v1/spec_decode/metrics.py
vllm:spec_decode_num_drafts_created	vllm:spec_decode_num_drafts_created	vllm:spec_decode_num_drafts_created	gauge	engine,model_name	<excluded>	<none>	domain signal	Number of spec decoding drafts.	generated registration-timestamp companion; excluded from operational charts	raw gauge; no rendered unit because job-excluded	source labels=engine,model_name; no chart identity/dimension role	speculative decoding	source-derived synthetic shape/routing proof; exclusion reason is runtime-validated	job-excluded	recommended job exclusion; lost question documented in OPERATOR-MODEL.md	vllm-project/vllm @ dc818c198d3ff50a16f38eba567da006478239c8; vllm/v1/spec_decode/metrics.py
vllm:spec_decode_num_drafts_total	vllm:spec_decode_num_drafts_total	vllm:spec_decode_num_drafts_total	counter	engine,model_name	vLLM/Speculative Decoding	model_name,engine	domain signal	Number of spec decoding drafts.	independent source family unless a source-defined relationship is stated in OPERATOR-MODEL.md	raw counter -> incremental -> drafts/s; counted/measured object: Number of spec decoding drafts.	identity=model_name,engine; label availability follows exporter configuration; no optional label is used as instance identity unless the chart route requires it	speculative decoding	source-derived synthetic shape/routing proof; does not prove live enablement, values, cadence, or cardinality	chart	vLLM/Speculative Decoding / Drafts [drafts; drafts/s; incremental]	vllm-project/vllm @ dc818c198d3ff50a16f38eba567da006478239c8; vllm/v1/spec_decode/metrics.py
vllm:time_to_first_token_seconds_bucket	vllm:time_to_first_token_seconds_bucket	vllm:time_to_first_token_seconds	histogram	engine,le,model_name	vLLM/Request Lifecycle	model_name,engine	latency	Histogram of time to first token in seconds.	histogram bucket component; same observation population as the family bucket/quantile, count, and sum components	raw histogram -> incremental -> observations/s; counted/measured object: Histogram of time to first token in seconds.	identity=model_name,engine; remaining=le retained as source metadata or intentionally aggregated by this chart; label availability follows exporter configuration; no optional label is used as instance identity unless the chart route requires it	vLLM engine/server; version and model-mode registration conditions apply	source-derived synthetic shape/routing proof; does not prove live enablement, values, cadence, or cardinality	chart	vLLM/Request Lifecycle / Time to First Token [time_to_first_token; observations/s; incremental]	vllm-project/vllm @ dc818c198d3ff50a16f38eba567da006478239c8; vllm/v1/metrics/{loggers,perf}.py
vllm:time_to_first_token_seconds_count	vllm:time_to_first_token_seconds_count	vllm:time_to_first_token_seconds	histogram	engine,le,model_name	vLLM/Request Lifecycle	model_name,engine	latency	Histogram of time to first token in seconds.	histogram count component; same observation population as the family bucket/quantile, count, and sum components	raw histogram -> incremental -> requests/s; counted/measured object: Histogram of time to first token in seconds.	identity=model_name,engine; remaining=le retained as source metadata or intentionally aggregated by this chart; label availability follows exporter configuration; no optional label is used as instance identity unless the chart route requires it	vLLM engine/server; version and model-mode registration conditions apply	source-derived synthetic shape/routing proof; does not prove live enablement, values, cadence, or cardinality	chart	vLLM/Request Lifecycle / Lifecycle Request Measurements [request_measurements; requests/s; incremental]	vllm-project/vllm @ dc818c198d3ff50a16f38eba567da006478239c8; vllm/v1/metrics/{loggers,perf}.py
vllm:time_to_first_token_seconds_sum	vllm:time_to_first_token_seconds_sum	vllm:time_to_first_token_seconds	histogram	engine,le,model_name	vLLM/Request Lifecycle	model_name,engine	latency	Histogram of time to first token in seconds.	histogram sum component; same observation population as the family bucket/quantile, count, and sum components	raw histogram -> incremental -> in-flight; counted/measured object: Histogram of time to first token in seconds.	identity=model_name,engine; remaining=le retained as source metadata or intentionally aggregated by this chart; label availability follows exporter configuration; no optional label is used as instance identity unless the chart route requires it	vLLM engine/server; version and model-mode registration conditions apply	source-derived synthetic shape/routing proof; does not prove live enablement, values, cadence, or cardinality	chart	vLLM/Request Lifecycle / Pre-Response Concurrency [pre_response_concurrency; in-flight; incremental]	vllm-project/vllm @ dc818c198d3ff50a16f38eba567da006478239c8; vllm/v1/metrics/{loggers,perf}.py
vllm:time_to_first_token_seconds_created	vllm:time_to_first_token_seconds_created	vllm:time_to_first_token_seconds_created	gauge	engine,model_name	<excluded>	<none>	latency	Histogram of time to first token in seconds.	generated registration-timestamp companion; excluded from operational charts	raw gauge; no rendered unit because job-excluded	source labels=engine,model_name; no chart identity/dimension role	vLLM engine/server; version and model-mode registration conditions apply	source-derived synthetic shape/routing proof; exclusion reason is runtime-validated	job-excluded	recommended job exclusion; lost question documented in OPERATOR-MODEL.md	vllm-project/vllm @ dc818c198d3ff50a16f38eba567da006478239c8; vllm/v1/metrics/{loggers,perf}.py
vllm:tool_call_parser_invocations_created	vllm:tool_call_parser_invocations_created	vllm:tool_call_parser_invocations_created	gauge	mode,model_name,outcome,request_type	<excluded>	<none>	domain signal	Total number of ToolParser invocations. Non-streaming increments once per choice; streaming increments once per delta.	generated registration-timestamp companion; excluded from operational charts	raw gauge; no rendered unit because job-excluded	source labels=mode,model_name,outcome,request_type; no chart identity/dimension role	vLLM engine/server; version and model-mode registration conditions apply	source-derived synthetic shape/routing proof; exclusion reason is runtime-validated	job-excluded	recommended job exclusion; lost question documented in OPERATOR-MODEL.md	vllm-project/vllm @ dc818c198d3ff50a16f38eba567da006478239c8; vllm/v1/metrics/{loggers,perf}.py
vllm:tool_call_parser_invocations_total	vllm:tool_call_parser_invocations_total	vllm:tool_call_parser_invocations_total	counter	mode,model_name,outcome,request_type	vLLM/Tool Parsing	model_name,request_type,mode	domain signal	Total number of ToolParser invocations. Non-streaming increments once per choice; streaming increments once per delta.	independent source family unless a source-defined relationship is stated in OPERATOR-MODEL.md	raw counter -> incremental -> invocations/s; counted/measured object: Total number of ToolParser invocations. Non-streaming increments once per choice; streaming increments once per delta.	identity=model_name,request_type,mode; dimension=outcome; label availability follows exporter configuration; no optional label is used as instance identity unless the chart route requires it	vLLM engine/server; version and model-mode registration conditions apply	source-derived synthetic shape/routing proof; does not prove live enablement, values, cadence, or cardinality	chart	vLLM/Tool Parsing / Tool Parser Invocations [invocations; invocations/s; incremental]	vllm-project/vllm @ dc818c198d3ff50a16f38eba567da006478239c8; vllm/v1/metrics/{loggers,perf}.py
vllm:websocket_connection_duration_seconds_count	vllm:websocket_connection_duration_seconds_count	vllm:websocket_connection_duration_seconds	histogram	le	vLLM/WebSocket Service	<global>	latency	Duration of WebSocket connections in seconds.	histogram count component; same observation population as the family bucket/quantile, count, and sum components	raw histogram -> incremental -> connections/s; counted/measured object: Duration of WebSocket connections in seconds.	identity=<global>; remaining=le retained as source metadata or intentionally aggregated by this chart; label availability follows exporter configuration; no optional label is used as instance identity unless the chart route requires it	realtime speech WebSocket route	source-derived synthetic shape/routing proof; does not prove live enablement, values, cadence, or cardinality	chart	vLLM/WebSocket Service / WebSocket Connection Lifecycle [connection_lifecycle; connections/s; incremental]	vllm-project/vllm @ dc818c198d3ff50a16f38eba567da006478239c8; vllm/entrypoints/speech_to_text/realtime/metrics.py
vllm:websocket_connection_duration_seconds_bucket	vllm:websocket_connection_duration_seconds_bucket	vllm:websocket_connection_duration_seconds	histogram	le	vLLM/WebSocket Service	<global>	latency	Duration of WebSocket connections in seconds.	histogram bucket component; same observation population as the family bucket/quantile, count, and sum components	raw histogram -> incremental -> observations/s; counted/measured object: Duration of WebSocket connections in seconds.	identity=<global>; remaining=le retained as source metadata or intentionally aggregated by this chart; label availability follows exporter configuration; no optional label is used as instance identity unless the chart route requires it	realtime speech WebSocket route	source-derived synthetic shape/routing proof; does not prove live enablement, values, cadence, or cardinality	chart	vLLM/WebSocket Service / WebSocket Connection Duration [connection_duration; observations/s; incremental]	vllm-project/vllm @ dc818c198d3ff50a16f38eba567da006478239c8; vllm/entrypoints/speech_to_text/realtime/metrics.py
vllm:websocket_connection_duration_seconds_sum	vllm:websocket_connection_duration_seconds_sum	vllm:websocket_connection_duration_seconds	histogram	le	vLLM/WebSocket Service	<global>	latency	Duration of WebSocket connections in seconds.	histogram sum component; same observation population as the family bucket/quantile, count, and sum components	raw histogram -> incremental -> in-flight; counted/measured object: Duration of WebSocket connections in seconds.	identity=<global>; remaining=le retained as source metadata or intentionally aggregated by this chart; label availability follows exporter configuration; no optional label is used as instance identity unless the chart route requires it	realtime speech WebSocket route	source-derived synthetic shape/routing proof; does not prove live enablement, values, cadence, or cardinality	chart	vLLM/WebSocket Service / Completed WebSocket Connection Concurrency [completed_connection_concurrency; in-flight; incremental]	vllm-project/vllm @ dc818c198d3ff50a16f38eba567da006478239c8; vllm/entrypoints/speech_to_text/realtime/metrics.py
vllm:websocket_connection_duration_seconds_created	vllm:websocket_connection_duration_seconds_created	vllm:websocket_connection_duration_seconds_created	gauge		<excluded>	<none>	latency	Duration of WebSocket connections in seconds.	generated registration-timestamp companion; excluded from operational charts	raw gauge; no rendered unit because job-excluded	source labels=<none>; no chart identity/dimension role	realtime speech WebSocket route	source-derived synthetic shape/routing proof; exclusion reason is runtime-validated	job-excluded	recommended job exclusion; lost question documented in OPERATOR-MODEL.md	vllm-project/vllm @ dc818c198d3ff50a16f38eba567da006478239c8; vllm/entrypoints/speech_to_text/realtime/metrics.py
vllm:websocket_connections_active	vllm:websocket_connections_active	vllm:websocket_connections_active	gauge		vLLM/WebSocket Service	<global>	state/configuration	Number of currently active WebSocket connections.	independent source family unless a source-defined relationship is stated in OPERATOR-MODEL.md	raw gauge -> absolute -> connections; counted/measured object: Number of currently active WebSocket connections.	identity=<global>; label availability follows exporter configuration; no optional label is used as instance identity unless the chart route requires it	realtime speech WebSocket route	source-derived synthetic shape/routing proof; does not prove live enablement, values, cadence, or cardinality	chart	vLLM/WebSocket Service / Active WebSocket Connections [active_connections; connections; absolute]	vllm-project/vllm @ dc818c198d3ff50a16f38eba567da006478239c8; vllm/entrypoints/speech_to_text/realtime/metrics.py
vllm:websocket_connections_created	vllm:websocket_connections_created	vllm:websocket_connections_created	gauge		<excluded>	<none>	domain signal	Total number of WebSocket connections.	generated registration-timestamp companion; excluded from operational charts	raw gauge; no rendered unit because job-excluded	source labels=<none>; no chart identity/dimension role	realtime speech WebSocket route	source-derived synthetic shape/routing proof; exclusion reason is runtime-validated	job-excluded	recommended job exclusion; lost question documented in OPERATOR-MODEL.md	vllm-project/vllm @ dc818c198d3ff50a16f38eba567da006478239c8; vllm/entrypoints/speech_to_text/realtime/metrics.py
vllm:websocket_connections_total	vllm:websocket_connections_total	vllm:websocket_connections_total	counter		vLLM/WebSocket Service	<global>	domain signal	Total number of WebSocket connections.	independent source family unless a source-defined relationship is stated in OPERATOR-MODEL.md	raw counter -> incremental -> connections/s; counted/measured object: Total number of WebSocket connections.	identity=<global>; label availability follows exporter configuration; no optional label is used as instance identity unless the chart route requires it	realtime speech WebSocket route	source-derived synthetic shape/routing proof; does not prove live enablement, values, cadence, or cardinality	chart	vLLM/WebSocket Service / WebSocket Connection Lifecycle [connection_lifecycle; connections/s; incremental]	vllm-project/vllm @ dc818c198d3ff50a16f38eba567da006478239c8; vllm/entrypoints/speech_to_text/realtime/metrics.py
