authored_selector	emitted_metric	source_family	source_type	source_labels	operator_owner	entity_identity	signal_role	observation_population	cross_family_relationship	unit_algebra	label_roles_and_optionality	availability_gate	evidence_and_uncertainty	disposition	destination	source_path
litellm_active_users	litellm_active_users	litellm_active_users	gauge	pid	LiteLLM/Callbacks and Inventory/Inventory	*	state/configuration	Number of billable users in LiteLLM (excludes SCIM-deactivated users)	independent source family unless a source-defined relationship is stated in OPERATOR-MODEL.md	raw gauge -> absolute -> users; counted/measured object: Number of billable users in LiteLLM (excludes SCIM-deactivated users)	all emitted labels are instance identity; label availability follows exporter configuration; no optional label is used as instance identity unless the chart route requires it	LiteLLM Prometheus callback; prometheus_metrics_config may select families/labels	source-derived synthetic shape/routing proof; does not prove live enablement, values, cadence, or cardinality	chart	LiteLLM/Callbacks and Inventory/Inventory / User Inventory [user_inventory; users; absolute]	BerriAI/litellm @ 23de7a15d9d40006ee596e617475ba101d60c5e9; litellm/integrations/prometheus*.py and update callsites audited in OPERATOR-MODEL.md
litellm_api_key_budget_remaining_hours_metric	litellm_api_key_budget_remaining_hours_metric	litellm_api_key_budget_remaining_hours_metric	gauge	api_key_alias,hashed_api_key,pid	LiteLLM/Governance/API Keys	*	capacity/resource	Remaining hours for api key budget to be reset	independent source family unless a source-defined relationship is stated in OPERATOR-MODEL.md	raw gauge -> absolute -> hours; counted/measured object: Remaining hours for api key budget to be reset	all emitted labels are instance identity; label availability follows exporter configuration; no optional label is used as instance identity unless the chart route requires it	budget tracking	source-derived synthetic shape/routing proof; does not prove live enablement, values, cadence, or cardinality	chart	LiteLLM/Governance/API Keys / API-Key Budget Reset Window [api_key_budget_reset_window; hours; absolute]	BerriAI/litellm @ 23de7a15d9d40006ee596e617475ba101d60c5e9; litellm/integrations/prometheus*.py and update callsites audited in OPERATOR-MODEL.md
litellm_api_key_max_budget_metric	litellm_api_key_max_budget_metric	litellm_api_key_max_budget_metric	gauge	api_key_alias,hashed_api_key,pid	LiteLLM/Governance/API Keys	*	capacity/resource	Maximum budget set for api key	independent source family unless a source-defined relationship is stated in OPERATOR-MODEL.md	raw gauge -> absolute -> USD; counted/measured object: Maximum budget set for api key	all emitted labels are instance identity; label availability follows exporter configuration; no optional label is used as instance identity unless the chart route requires it	budget tracking	source-derived synthetic shape/routing proof; does not prove live enablement, values, cadence, or cardinality	chart	LiteLLM/Governance/API Keys / API-Key Budget [api_key_budget; USD; absolute]	BerriAI/litellm @ 23de7a15d9d40006ee596e617475ba101d60c5e9; litellm/integrations/prometheus*.py and update callsites audited in OPERATOR-MODEL.md
litellm_auth_failed_requests_created	litellm_auth_failed_requests_created	litellm_auth_failed_requests_created	gauge	auth,error_class,function_name	<excluded>	<none>	error/outcome	Total failed_requests for auth service	generated registration-timestamp companion; excluded from operational charts	raw gauge; no rendered unit because job-excluded	source labels=auth,error_class,function_name; no chart identity/dimension role	LiteLLM Prometheus callback; prometheus_metrics_config may select families/labels	source-derived synthetic shape/routing proof; exclusion reason is runtime-validated	job-excluded	recommended job exclusion; lost question documented in OPERATOR-MODEL.md	BerriAI/litellm @ 23de7a15d9d40006ee596e617475ba101d60c5e9; litellm/integrations/prometheus*.py and update callsites audited in OPERATOR-MODEL.md
litellm_auth_failed_requests_total	litellm_auth_failed_requests_total	litellm_auth_failed_requests_total	counter	auth,error_class,function_name	LiteLLM/Internal Services	<global>	error/outcome	Total failed_requests for auth service	independent source family unless a source-defined relationship is stated in OPERATOR-MODEL.md	raw counter -> incremental -> failures/s; counted/measured object: Total failed_requests for auth service	identity=<global>; remaining=auth,error_class,function_name retained as source metadata or intentionally aggregated by this chart; label availability follows exporter configuration; no optional label is used as instance identity unless the chart route requires it	LiteLLM Prometheus callback; prometheus_metrics_config may select families/labels	source-derived synthetic shape/routing proof; does not prove live enablement, values, cadence, or cardinality	chart	LiteLLM/Internal Services / Internal Service Failures [internal_service_failures; failures/s; incremental]	BerriAI/litellm @ 23de7a15d9d40006ee596e617475ba101d60c5e9; litellm/integrations/prometheus*.py and update callsites audited in OPERATOR-MODEL.md
litellm_auth_latency_bucket	litellm_auth_latency_bucket	litellm_auth_latency	histogram	auth,le	LiteLLM/Internal Services	<global>	latency	Latency for auth service	histogram bucket component; same observation population as the family bucket/quantile, count, and sum components	raw histogram -> incremental -> observations/s; counted/measured object: Latency for auth service	identity=<global>; remaining=auth,le retained as source metadata or intentionally aggregated by this chart; label availability follows exporter configuration; no optional label is used as instance identity unless the chart route requires it	LiteLLM Prometheus callback; prometheus_metrics_config may select families/labels	source-derived synthetic shape/routing proof; does not prove live enablement, values, cadence, or cardinality	chart	LiteLLM/Internal Services / Authentication Latency Distribution [auth_latency_distribution; observations/s; incremental]	BerriAI/litellm @ 23de7a15d9d40006ee596e617475ba101d60c5e9; litellm/integrations/prometheus*.py and update callsites audited in OPERATOR-MODEL.md
litellm_auth_latency_count	litellm_auth_latency_count	litellm_auth_latency	histogram	auth,le	LiteLLM/Internal Services	<global>	latency	Latency for auth service	histogram count component; same observation population as the family bucket/quantile, count, and sum components	raw histogram -> incremental -> requests/s; counted/measured object: Latency for auth service	identity=<global>; remaining=auth,le retained as source metadata or intentionally aggregated by this chart; label availability follows exporter configuration; no optional label is used as instance identity unless the chart route requires it	LiteLLM Prometheus callback; prometheus_metrics_config may select families/labels	source-derived synthetic shape/routing proof; does not prove live enablement, values, cadence, or cardinality	chart	LiteLLM/Internal Services / Internal Service Latency Measurements [internal_service_latency_measurements; requests/s; incremental]	BerriAI/litellm @ 23de7a15d9d40006ee596e617475ba101d60c5e9; litellm/integrations/prometheus*.py and update callsites audited in OPERATOR-MODEL.md
litellm_auth_latency_sum	litellm_auth_latency_sum	litellm_auth_latency	histogram	auth,le	LiteLLM/Internal Services	<global>	latency	Latency for auth service	histogram sum component; same observation population as the family bucket/quantile, count, and sum components	raw histogram -> incremental -> seconds/s; counted/measured object: Latency for auth service	identity=<global>; remaining=auth,le retained as source metadata or intentionally aggregated by this chart; label availability follows exporter configuration; no optional label is used as instance identity unless the chart route requires it	LiteLLM Prometheus callback; prometheus_metrics_config may select families/labels	source-derived synthetic shape/routing proof; does not prove live enablement, values, cadence, or cardinality	chart	LiteLLM/Internal Services / Accumulated Internal Service Latency [accumulated_internal_service_latency; seconds/s; incremental]	BerriAI/litellm @ 23de7a15d9d40006ee596e617475ba101d60c5e9; litellm/integrations/prometheus*.py and update callsites audited in OPERATOR-MODEL.md
litellm_auth_latency_created	litellm_auth_latency_created	litellm_auth_latency_created	gauge	auth	<excluded>	<none>	latency	Latency for auth service	generated registration-timestamp companion; excluded from operational charts	raw gauge; no rendered unit because job-excluded	source labels=auth; no chart identity/dimension role	LiteLLM Prometheus callback; prometheus_metrics_config may select families/labels	source-derived synthetic shape/routing proof; exclusion reason is runtime-validated	job-excluded	recommended job exclusion; lost question documented in OPERATOR-MODEL.md	BerriAI/litellm @ 23de7a15d9d40006ee596e617475ba101d60c5e9; litellm/integrations/prometheus*.py and update callsites audited in OPERATOR-MODEL.md
litellm_auth_total_requests_created	litellm_auth_total_requests_created	litellm_auth_total_requests_created	gauge	auth	<excluded>	<none>	workload/outcome	Total total_requests for auth service	generated registration-timestamp companion; excluded from operational charts	raw gauge; no rendered unit because job-excluded	source labels=auth; no chart identity/dimension role	LiteLLM Prometheus callback; prometheus_metrics_config may select families/labels	source-derived synthetic shape/routing proof; exclusion reason is runtime-validated	job-excluded	recommended job exclusion; lost question documented in OPERATOR-MODEL.md	BerriAI/litellm @ 23de7a15d9d40006ee596e617475ba101d60c5e9; litellm/integrations/prometheus*.py and update callsites audited in OPERATOR-MODEL.md
litellm_auth_total_requests_total	litellm_auth_total_requests_total	litellm_auth_total_requests_total	counter	auth	LiteLLM/Internal Services	<global>	workload/outcome	Total total_requests for auth service	independent source family unless a source-defined relationship is stated in OPERATOR-MODEL.md	raw counter -> incremental -> requests/s; counted/measured object: Total total_requests for auth service	identity=<global>; remaining=auth retained as source metadata or intentionally aggregated by this chart; label availability follows exporter configuration; no optional label is used as instance identity unless the chart route requires it	LiteLLM Prometheus callback; prometheus_metrics_config may select families/labels	source-derived synthetic shape/routing proof; does not prove live enablement, values, cadence, or cardinality	chart	LiteLLM/Internal Services / Internal Service Requests [internal_service_requests; requests/s; incremental]	BerriAI/litellm @ 23de7a15d9d40006ee596e617475ba101d60c5e9; litellm/integrations/prometheus*.py and update callsites audited in OPERATOR-MODEL.md
litellm_batch_write_to_db_failed_requests_created	litellm_batch_write_to_db_failed_requests_created	litellm_batch_write_to_db_failed_requests_created	gauge	batch_write_to_db,error_class,function_name	<excluded>	<none>	error/outcome	Total failed_requests for batch_write_to_db service	generated registration-timestamp companion; excluded from operational charts	raw gauge; no rendered unit because job-excluded	source labels=batch_write_to_db,error_class,function_name; no chart identity/dimension role	managed batch callback	source-derived synthetic shape/routing proof; exclusion reason is runtime-validated	job-excluded	recommended job exclusion; lost question documented in OPERATOR-MODEL.md	BerriAI/litellm @ 23de7a15d9d40006ee596e617475ba101d60c5e9; litellm/integrations/prometheus*.py and update callsites audited in OPERATOR-MODEL.md
litellm_batch_write_to_db_failed_requests_total	litellm_batch_write_to_db_failed_requests_total	litellm_batch_write_to_db_failed_requests_total	counter	batch_write_to_db,error_class,function_name	LiteLLM/Internal Services	<global>	error/outcome	Total failed_requests for batch_write_to_db service	independent source family unless a source-defined relationship is stated in OPERATOR-MODEL.md	raw counter -> incremental -> failures/s; counted/measured object: Total failed_requests for batch_write_to_db service	identity=<global>; remaining=batch_write_to_db,error_class,function_name retained as source metadata or intentionally aggregated by this chart; label availability follows exporter configuration; no optional label is used as instance identity unless the chart route requires it	managed batch callback	source-derived synthetic shape/routing proof; does not prove live enablement, values, cadence, or cardinality	chart	LiteLLM/Internal Services / Internal Service Failures [internal_service_failures; failures/s; incremental]	BerriAI/litellm @ 23de7a15d9d40006ee596e617475ba101d60c5e9; litellm/integrations/prometheus*.py and update callsites audited in OPERATOR-MODEL.md
litellm_batch_write_to_db_latency_bucket	litellm_batch_write_to_db_latency_bucket	litellm_batch_write_to_db_latency	histogram	batch_write_to_db,le	LiteLLM/Internal Services	<global>	latency	Latency for batch_write_to_db service	histogram bucket component; same observation population as the family bucket/quantile, count, and sum components	raw histogram -> incremental -> observations/s; counted/measured object: Latency for batch_write_to_db service	identity=<global>; remaining=batch_write_to_db,le retained as source metadata or intentionally aggregated by this chart; label availability follows exporter configuration; no optional label is used as instance identity unless the chart route requires it	managed batch callback	source-derived synthetic shape/routing proof; does not prove live enablement, values, cadence, or cardinality	chart	LiteLLM/Internal Services / Batch Database Write Latency Distribution [batch_write_to_db_latency_distribution; observations/s; incremental]	BerriAI/litellm @ 23de7a15d9d40006ee596e617475ba101d60c5e9; litellm/integrations/prometheus*.py and update callsites audited in OPERATOR-MODEL.md
litellm_batch_write_to_db_latency_count	litellm_batch_write_to_db_latency_count	litellm_batch_write_to_db_latency	histogram	batch_write_to_db,le	LiteLLM/Internal Services	<global>	latency	Latency for batch_write_to_db service	histogram count component; same observation population as the family bucket/quantile, count, and sum components	raw histogram -> incremental -> requests/s; counted/measured object: Latency for batch_write_to_db service	identity=<global>; remaining=batch_write_to_db,le retained as source metadata or intentionally aggregated by this chart; label availability follows exporter configuration; no optional label is used as instance identity unless the chart route requires it	managed batch callback	source-derived synthetic shape/routing proof; does not prove live enablement, values, cadence, or cardinality	chart	LiteLLM/Internal Services / Internal Service Latency Measurements [internal_service_latency_measurements; requests/s; incremental]	BerriAI/litellm @ 23de7a15d9d40006ee596e617475ba101d60c5e9; litellm/integrations/prometheus*.py and update callsites audited in OPERATOR-MODEL.md
litellm_batch_write_to_db_latency_sum	litellm_batch_write_to_db_latency_sum	litellm_batch_write_to_db_latency	histogram	batch_write_to_db,le	LiteLLM/Internal Services	<global>	latency	Latency for batch_write_to_db service	histogram sum component; same observation population as the family bucket/quantile, count, and sum components	raw histogram -> incremental -> seconds/s; counted/measured object: Latency for batch_write_to_db service	identity=<global>; remaining=batch_write_to_db,le retained as source metadata or intentionally aggregated by this chart; label availability follows exporter configuration; no optional label is used as instance identity unless the chart route requires it	managed batch callback	source-derived synthetic shape/routing proof; does not prove live enablement, values, cadence, or cardinality	chart	LiteLLM/Internal Services / Accumulated Internal Service Latency [accumulated_internal_service_latency; seconds/s; incremental]	BerriAI/litellm @ 23de7a15d9d40006ee596e617475ba101d60c5e9; litellm/integrations/prometheus*.py and update callsites audited in OPERATOR-MODEL.md
litellm_batch_write_to_db_latency_created	litellm_batch_write_to_db_latency_created	litellm_batch_write_to_db_latency_created	gauge	batch_write_to_db	<excluded>	<none>	latency	Latency for batch_write_to_db service	generated registration-timestamp companion; excluded from operational charts	raw gauge; no rendered unit because job-excluded	source labels=batch_write_to_db; no chart identity/dimension role	managed batch callback	source-derived synthetic shape/routing proof; exclusion reason is runtime-validated	job-excluded	recommended job exclusion; lost question documented in OPERATOR-MODEL.md	BerriAI/litellm @ 23de7a15d9d40006ee596e617475ba101d60c5e9; litellm/integrations/prometheus*.py and update callsites audited in OPERATOR-MODEL.md
litellm_batch_write_to_db_total_requests_created	litellm_batch_write_to_db_total_requests_created	litellm_batch_write_to_db_total_requests_created	gauge	batch_write_to_db	<excluded>	<none>	workload/outcome	Total total_requests for batch_write_to_db service	generated registration-timestamp companion; excluded from operational charts	raw gauge; no rendered unit because job-excluded	source labels=batch_write_to_db; no chart identity/dimension role	managed batch callback	source-derived synthetic shape/routing proof; exclusion reason is runtime-validated	job-excluded	recommended job exclusion; lost question documented in OPERATOR-MODEL.md	BerriAI/litellm @ 23de7a15d9d40006ee596e617475ba101d60c5e9; litellm/integrations/prometheus*.py and update callsites audited in OPERATOR-MODEL.md
litellm_batch_write_to_db_total_requests_total	litellm_batch_write_to_db_total_requests_total	litellm_batch_write_to_db_total_requests_total	counter	batch_write_to_db	LiteLLM/Internal Services	<global>	workload/outcome	Total total_requests for batch_write_to_db service	independent source family unless a source-defined relationship is stated in OPERATOR-MODEL.md	raw counter -> incremental -> requests/s; counted/measured object: Total total_requests for batch_write_to_db service	identity=<global>; remaining=batch_write_to_db retained as source metadata or intentionally aggregated by this chart; label availability follows exporter configuration; no optional label is used as instance identity unless the chart route requires it	managed batch callback	source-derived synthetic shape/routing proof; does not prove live enablement, values, cadence, or cardinality	chart	LiteLLM/Internal Services / Internal Service Requests [internal_service_requests; requests/s; incremental]	BerriAI/litellm @ 23de7a15d9d40006ee596e617475ba101d60c5e9; litellm/integrations/prometheus*.py and update callsites audited in OPERATOR-MODEL.md
litellm_cache_hits_metric_created	litellm_cache_hits_metric_created	litellm_cache_hits_metric_created	gauge	api_key_alias,api_provider,end_user,hashed_api_key,model,model_id,team,team_alias,user	<excluded>	<none>	domain signal	Total number of LiteLLM cache hits	generated registration-timestamp companion; excluded from operational charts	raw gauge; no rendered unit because job-excluded	source labels=api_key_alias,api_provider,end_user,hashed_api_key,model,model_id,team,team_alias,user; no chart identity/dimension role	LiteLLM Prometheus callback; prometheus_metrics_config may select families/labels	source-derived synthetic shape/routing proof; exclusion reason is runtime-validated	job-excluded	recommended job exclusion; lost question documented in OPERATOR-MODEL.md	BerriAI/litellm @ 23de7a15d9d40006ee596e617475ba101d60c5e9; litellm/integrations/prometheus*.py and update callsites audited in OPERATOR-MODEL.md
litellm_cache_hits_metric_total	litellm_cache_hits_metric_total	litellm_cache_hits_metric_total	counter	api_key_alias,api_provider,end_user,hashed_api_key,model,model_id,team,team_alias,user	LiteLLM/Caching	<global>	domain signal	Total number of LiteLLM cache hits	independent source family unless a source-defined relationship is stated in OPERATOR-MODEL.md	raw counter -> incremental -> lookups/s; counted/measured object: Total number of LiteLLM cache hits	identity=<global>; remaining=api_key_alias,api_provider,end_user,hashed_api_key,model,model_id,team,team_alias,user retained as source metadata or intentionally aggregated by this chart; label availability follows exporter configuration; no optional label is used as instance identity unless the chart route requires it	LiteLLM Prometheus callback; prometheus_metrics_config may select families/labels	source-derived synthetic shape/routing proof; does not prove live enablement, values, cadence, or cardinality	chart	LiteLLM/Caching / Cache Outcomes [cache_outcomes; lookups/s; incremental]	BerriAI/litellm @ 23de7a15d9d40006ee596e617475ba101d60c5e9; litellm/integrations/prometheus*.py and update callsites audited in OPERATOR-MODEL.md
"litellm_cache_hits_metric_total{api_provider=~"".+"",model=~"".+""}"	litellm_cache_hits_metric_total	litellm_cache_hits_metric_total	counter	api_key_alias,api_provider,end_user,hashed_api_key,model,model_id,team,team_alias,user	LiteLLM/Caching/By Provider and Model	api_provider,model	domain signal	Total number of LiteLLM cache hits	independent source family unless a source-defined relationship is stated in OPERATOR-MODEL.md	raw counter -> incremental -> lookups/s; counted/measured object: Total number of LiteLLM cache hits	identity=api_provider,model; routing=api_provider,model; complementary blank/nonblank routes mark those labels optional; remaining=api_key_alias,end_user,hashed_api_key,model_id,team,team_alias,user retained as source metadata or intentionally aggregated by this chart; label availability follows exporter configuration; no optional label is used as instance identity unless the chart route requires it	LiteLLM Prometheus callback; prometheus_metrics_config may select families/labels	source-derived synthetic shape/routing proof; does not prove live enablement, values, cadence, or cardinality	chart	LiteLLM/Caching/By Provider and Model / Cache Outcomes by Provider and Model [cache_outcomes_by_provider_model; lookups/s; incremental]	BerriAI/litellm @ 23de7a15d9d40006ee596e617475ba101d60c5e9; litellm/integrations/prometheus*.py and update callsites audited in OPERATOR-MODEL.md
litellm_cache_misses_metric_created	litellm_cache_misses_metric_created	litellm_cache_misses_metric_created	gauge	api_key_alias,api_provider,end_user,hashed_api_key,model,model_id,team,team_alias,user	<excluded>	<none>	error/outcome	Total number of LiteLLM cache misses	generated registration-timestamp companion; excluded from operational charts	raw gauge; no rendered unit because job-excluded	source labels=api_key_alias,api_provider,end_user,hashed_api_key,model,model_id,team,team_alias,user; no chart identity/dimension role	LiteLLM Prometheus callback; prometheus_metrics_config may select families/labels	source-derived synthetic shape/routing proof; exclusion reason is runtime-validated	job-excluded	recommended job exclusion; lost question documented in OPERATOR-MODEL.md	BerriAI/litellm @ 23de7a15d9d40006ee596e617475ba101d60c5e9; litellm/integrations/prometheus*.py and update callsites audited in OPERATOR-MODEL.md
litellm_cache_misses_metric_total	litellm_cache_misses_metric_total	litellm_cache_misses_metric_total	counter	api_key_alias,api_provider,end_user,hashed_api_key,model,model_id,team,team_alias,user	LiteLLM/Caching	<global>	error/outcome	Total number of LiteLLM cache misses	independent source family unless a source-defined relationship is stated in OPERATOR-MODEL.md	raw counter -> incremental -> lookups/s; counted/measured object: Total number of LiteLLM cache misses	identity=<global>; remaining=api_key_alias,api_provider,end_user,hashed_api_key,model,model_id,team,team_alias,user retained as source metadata or intentionally aggregated by this chart; label availability follows exporter configuration; no optional label is used as instance identity unless the chart route requires it	LiteLLM Prometheus callback; prometheus_metrics_config may select families/labels	source-derived synthetic shape/routing proof; does not prove live enablement, values, cadence, or cardinality	chart	LiteLLM/Caching / Cache Outcomes [cache_outcomes; lookups/s; incremental]	BerriAI/litellm @ 23de7a15d9d40006ee596e617475ba101d60c5e9; litellm/integrations/prometheus*.py and update callsites audited in OPERATOR-MODEL.md
"litellm_cache_misses_metric_total{api_provider=~"".+"",model=~"".+""}"	litellm_cache_misses_metric_total	litellm_cache_misses_metric_total	counter	api_key_alias,api_provider,end_user,hashed_api_key,model,model_id,team,team_alias,user	LiteLLM/Caching/By Provider and Model	api_provider,model	error/outcome	Total number of LiteLLM cache misses	independent source family unless a source-defined relationship is stated in OPERATOR-MODEL.md	raw counter -> incremental -> lookups/s; counted/measured object: Total number of LiteLLM cache misses	identity=api_provider,model; routing=api_provider,model; complementary blank/nonblank routes mark those labels optional; remaining=api_key_alias,end_user,hashed_api_key,model_id,team,team_alias,user retained as source metadata or intentionally aggregated by this chart; label availability follows exporter configuration; no optional label is used as instance identity unless the chart route requires it	LiteLLM Prometheus callback; prometheus_metrics_config may select families/labels	source-derived synthetic shape/routing proof; does not prove live enablement, values, cadence, or cardinality	chart	LiteLLM/Caching/By Provider and Model / Cache Outcomes by Provider and Model [cache_outcomes_by_provider_model; lookups/s; incremental]	BerriAI/litellm @ 23de7a15d9d40006ee596e617475ba101d60c5e9; litellm/integrations/prometheus*.py and update callsites audited in OPERATOR-MODEL.md
litellm_cached_tokens_metric_created	litellm_cached_tokens_metric_created	litellm_cached_tokens_metric_created	gauge	api_key_alias,api_provider,end_user,hashed_api_key,model,model_id,team,team_alias,user	<excluded>	<none>	workload/outcome	Total tokens served from LiteLLM cache	generated registration-timestamp companion; excluded from operational charts	raw gauge; no rendered unit because job-excluded	source labels=api_key_alias,api_provider,end_user,hashed_api_key,model,model_id,team,team_alias,user; no chart identity/dimension role	LiteLLM Prometheus callback; prometheus_metrics_config may select families/labels	source-derived synthetic shape/routing proof; exclusion reason is runtime-validated	job-excluded	recommended job exclusion; lost question documented in OPERATOR-MODEL.md	BerriAI/litellm @ 23de7a15d9d40006ee596e617475ba101d60c5e9; litellm/integrations/prometheus*.py and update callsites audited in OPERATOR-MODEL.md
litellm_cached_tokens_metric_total	litellm_cached_tokens_metric_total	litellm_cached_tokens_metric_total	counter	api_key_alias,api_provider,end_user,hashed_api_key,model,model_id,team,team_alias,user	LiteLLM/Caching	<global>	workload/outcome	Total tokens served from LiteLLM cache	independent source family unless a source-defined relationship is stated in OPERATOR-MODEL.md	raw counter -> incremental -> tokens/s; counted/measured object: Total tokens served from LiteLLM cache	identity=<global>; remaining=api_key_alias,api_provider,end_user,hashed_api_key,model,model_id,team,team_alias,user retained as source metadata or intentionally aggregated by this chart; label availability follows exporter configuration; no optional label is used as instance identity unless the chart route requires it	LiteLLM Prometheus callback; prometheus_metrics_config may select families/labels	source-derived synthetic shape/routing proof; does not prove live enablement, values, cadence, or cardinality	chart	LiteLLM/Caching / LiteLLM Cached Token Throughput [litellm_cached_token_throughput; tokens/s; incremental]	BerriAI/litellm @ 23de7a15d9d40006ee596e617475ba101d60c5e9; litellm/integrations/prometheus*.py and update callsites audited in OPERATOR-MODEL.md
"litellm_cached_tokens_metric_total{api_provider=~"".+"",model=~"".+""}"	litellm_cached_tokens_metric_total	litellm_cached_tokens_metric_total	counter	api_key_alias,api_provider,end_user,hashed_api_key,model,model_id,team,team_alias,user	LiteLLM/Caching/By Provider and Model	api_provider,model	workload/outcome	Total tokens served from LiteLLM cache	independent source family unless a source-defined relationship is stated in OPERATOR-MODEL.md	raw counter -> incremental -> tokens/s; counted/measured object: Total tokens served from LiteLLM cache	identity=api_provider,model; routing=api_provider,model; complementary blank/nonblank routes mark those labels optional; remaining=api_key_alias,end_user,hashed_api_key,model_id,team,team_alias,user retained as source metadata or intentionally aggregated by this chart; label availability follows exporter configuration; no optional label is used as instance identity unless the chart route requires it	LiteLLM Prometheus callback; prometheus_metrics_config may select families/labels	source-derived synthetic shape/routing proof; does not prove live enablement, values, cadence, or cardinality	chart	LiteLLM/Caching/By Provider and Model / LiteLLM Cached Token Throughput by Provider and Model [litellm_cached_token_throughput_by_provider_model; tokens/s; incremental]	BerriAI/litellm @ 23de7a15d9d40006ee596e617475ba101d60c5e9; litellm/integrations/prometheus*.py and update callsites audited in OPERATOR-MODEL.md
litellm_callback_logging_failures_metric_created	litellm_callback_logging_failures_metric_created	litellm_callback_logging_failures_metric_created	gauge	callback_name	<excluded>	<none>	error/outcome	Total number of failures when emitting logs to callbacks (e.g. s3_v2, langfuse, etc)	generated registration-timestamp companion; excluded from operational charts	raw gauge; no rendered unit because job-excluded	source labels=callback_name; no chart identity/dimension role	callback instrumentation	source-derived synthetic shape/routing proof; exclusion reason is runtime-validated	job-excluded	recommended job exclusion; lost question documented in OPERATOR-MODEL.md	BerriAI/litellm @ 23de7a15d9d40006ee596e617475ba101d60c5e9; litellm/integrations/prometheus*.py and update callsites audited in OPERATOR-MODEL.md
litellm_callback_logging_failures_metric_total	litellm_callback_logging_failures_metric_total	litellm_callback_logging_failures_metric_total	counter	callback_name	LiteLLM/Callbacks and Inventory	<global>	error/outcome	Total number of failures when emitting logs to callbacks (e.g. s3_v2, langfuse, etc)	independent source family unless a source-defined relationship is stated in OPERATOR-MODEL.md	raw counter -> incremental -> failures/s; counted/measured object: Total number of failures when emitting logs to callbacks (e.g. s3_v2, langfuse, etc)	identity=<global>; remaining=callback_name retained as source metadata or intentionally aggregated by this chart; label availability follows exporter configuration; no optional label is used as instance identity unless the chart route requires it	callback instrumentation	source-derived synthetic shape/routing proof; does not prove live enablement, values, cadence, or cardinality	chart	LiteLLM/Callbacks and Inventory / Callback Logging Failures [callback_logging_failures; failures/s; incremental]	BerriAI/litellm @ 23de7a15d9d40006ee596e617475ba101d60c5e9; litellm/integrations/prometheus*.py and update callsites audited in OPERATOR-MODEL.md
"litellm_callback_logging_failures_metric_total{callback_name=~"".+""}"	litellm_callback_logging_failures_metric_total	litellm_callback_logging_failures_metric_total	counter	callback_name	LiteLLM/Callbacks and Inventory/By Callback	callback_name	error/outcome	Total number of failures when emitting logs to callbacks (e.g. s3_v2, langfuse, etc)	independent source family unless a source-defined relationship is stated in OPERATOR-MODEL.md	raw counter -> incremental -> failures/s; counted/measured object: Total number of failures when emitting logs to callbacks (e.g. s3_v2, langfuse, etc)	identity=callback_name; routing=callback_name; complementary blank/nonblank routes mark those labels optional; label availability follows exporter configuration; no optional label is used as instance identity unless the chart route requires it	callback instrumentation	source-derived synthetic shape/routing proof; does not prove live enablement, values, cadence, or cardinality	chart	LiteLLM/Callbacks and Inventory/By Callback / Callback Logging Failures by Callback [callback_logging_failures_by_callback; failures/s; incremental]	BerriAI/litellm @ 23de7a15d9d40006ee596e617475ba101d60c5e9; litellm/integrations/prometheus*.py and update callsites audited in OPERATOR-MODEL.md
litellm_check_batch_cost_errors_created	litellm_check_batch_cost_errors_created	litellm_check_batch_cost_errors_created	gauge	error_type	<excluded>	<none>	error/outcome	Total number of errors in CheckBatchCost by error type	generated registration-timestamp companion; excluded from operational charts	raw gauge; no rendered unit because job-excluded	source labels=error_type; no chart identity/dimension role	managed batch callback	source-derived synthetic shape/routing proof; exclusion reason is runtime-validated	job-excluded	recommended job exclusion; lost question documented in OPERATOR-MODEL.md	BerriAI/litellm @ 23de7a15d9d40006ee596e617475ba101d60c5e9; litellm/integrations/prometheus*.py and update callsites audited in OPERATOR-MODEL.md
litellm_check_batch_cost_errors_total	litellm_check_batch_cost_errors_total	litellm_check_batch_cost_errors_total	counter	error_type	LiteLLM/Managed Batch and Files	<global>	error/outcome	Total number of errors in CheckBatchCost by error type	independent source family unless a source-defined relationship is stated in OPERATOR-MODEL.md	raw counter -> incremental -> errors/s; counted/measured object: Total number of errors in CheckBatchCost by error type	identity=<global>; dimension=error_type; label availability follows exporter configuration; no optional label is used as instance identity unless the chart route requires it	managed batch callback	source-derived synthetic shape/routing proof; does not prove live enablement, values, cadence, or cardinality	chart	LiteLLM/Managed Batch and Files / Batch-Cost Processing Errors by Type [batch_cost_processing_errors_by_type; errors/s; incremental]	BerriAI/litellm @ 23de7a15d9d40006ee596e617475ba101d60c5e9; litellm/integrations/prometheus*.py and update callsites audited in OPERATOR-MODEL.md
litellm_check_batch_cost_jobs_polled	litellm_check_batch_cost_jobs_polled	litellm_check_batch_cost_jobs_polled	gauge	pid	LiteLLM/Managed Batch and Files/Background Poller	*	domain signal	Number of unprocessed batches found by the last CheckBatchCost poll	independent source family unless a source-defined relationship is stated in OPERATOR-MODEL.md	raw gauge -> absolute -> batches; counted/measured object: Number of unprocessed batches found by the last CheckBatchCost poll	all emitted labels are instance identity; label availability follows exporter configuration; no optional label is used as instance identity unless the chart route requires it	managed batch callback	source-derived synthetic shape/routing proof; does not prove live enablement, values, cadence, or cardinality	chart	LiteLLM/Managed Batch and Files/Background Poller / Unprocessed Batches at Last Poll [unprocessed_batches; batches; absolute]	BerriAI/litellm @ 23de7a15d9d40006ee596e617475ba101d60c5e9; litellm/integrations/prometheus*.py and update callsites audited in OPERATOR-MODEL.md
litellm_check_batch_cost_jobs_processed_created	litellm_check_batch_cost_jobs_processed_created	litellm_check_batch_cost_jobs_processed_created	gauge	api_provider,model	<excluded>	<none>	domain signal	Total number of batches successfully cost-tracked by CheckBatchCost	generated registration-timestamp companion; excluded from operational charts	raw gauge; no rendered unit because job-excluded	source labels=api_provider,model; no chart identity/dimension role	managed batch callback	source-derived synthetic shape/routing proof; exclusion reason is runtime-validated	job-excluded	recommended job exclusion; lost question documented in OPERATOR-MODEL.md	BerriAI/litellm @ 23de7a15d9d40006ee596e617475ba101d60c5e9; litellm/integrations/prometheus*.py and update callsites audited in OPERATOR-MODEL.md
litellm_check_batch_cost_jobs_processed_total	litellm_check_batch_cost_jobs_processed_total	litellm_check_batch_cost_jobs_processed_total	counter	api_provider,model	LiteLLM/Managed Batch and Files	<global>	domain signal	Total number of batches successfully cost-tracked by CheckBatchCost	independent source family unless a source-defined relationship is stated in OPERATOR-MODEL.md	raw counter -> incremental -> batches/s; counted/measured object: Total number of batches successfully cost-tracked by CheckBatchCost	identity=<global>; remaining=api_provider,model retained as source metadata or intentionally aggregated by this chart; label availability follows exporter configuration; no optional label is used as instance identity unless the chart route requires it	managed batch callback	source-derived synthetic shape/routing proof; does not prove live enablement, values, cadence, or cardinality	chart	LiteLLM/Managed Batch and Files / Managed Batch Completion and Cost Tracking [managed_batch_completion; batches/s; incremental]	BerriAI/litellm @ 23de7a15d9d40006ee596e617475ba101d60c5e9; litellm/integrations/prometheus*.py and update callsites audited in OPERATOR-MODEL.md
"litellm_check_batch_cost_jobs_processed_total{api_provider=~"".+"",model=~"".+""}"	litellm_check_batch_cost_jobs_processed_total	litellm_check_batch_cost_jobs_processed_total	counter	api_provider,model	LiteLLM/Managed Batch and Files/By Provider and Model	api_provider,model	domain signal	Total number of batches successfully cost-tracked by CheckBatchCost	independent source family unless a source-defined relationship is stated in OPERATOR-MODEL.md	raw counter -> incremental -> batches/s; counted/measured object: Total number of batches successfully cost-tracked by CheckBatchCost	identity=api_provider,model; routing=api_provider,model; complementary blank/nonblank routes mark those labels optional; label availability follows exporter configuration; no optional label is used as instance identity unless the chart route requires it	managed batch callback	source-derived synthetic shape/routing proof; does not prove live enablement, values, cadence, or cardinality	chart	LiteLLM/Managed Batch and Files/By Provider and Model / Batch Completion and Cost Tracking by Provider and Model [managed_batch_completion_by_provider_model; batches/s; incremental]	BerriAI/litellm @ 23de7a15d9d40006ee596e617475ba101d60c5e9; litellm/integrations/prometheus*.py and update callsites audited in OPERATOR-MODEL.md
litellm_check_batch_cost_last_run_timestamp	litellm_check_batch_cost_last_run_timestamp	litellm_check_batch_cost_last_run_timestamp	gauge	pid	<excluded>	<none>	domain signal	Unix timestamp of the last CheckBatchCost job run	independent source family unless a source-defined relationship is stated in OPERATOR-MODEL.md	raw gauge; no rendered unit because job-excluded	source labels=pid; no chart identity/dimension role	managed batch callback	source-derived synthetic shape/routing proof; exclusion reason is runtime-validated	job-excluded	recommended job exclusion; lost question documented in OPERATOR-MODEL.md	BerriAI/litellm @ 23de7a15d9d40006ee596e617475ba101d60c5e9; litellm/integrations/prometheus*.py and update callsites audited in OPERATOR-MODEL.md
litellm_deployment_cooled_down_created	litellm_deployment_cooled_down_created	litellm_deployment_cooled_down_created	gauge	api_base,api_provider,exception_status,litellm_model_name,model_id	<excluded>	<none>	state/configuration	LLM Deployment Analytics - Number of times a deployment has been cooled down by LiteLLM load balancing logic. exception_status is the status of the exception that caused the deployment to be cooled down	generated registration-timestamp companion; excluded from operational charts	raw gauge; no rendered unit because job-excluded	source labels=api_base,api_provider,exception_status,litellm_model_name,model_id; no chart identity/dimension role	LiteLLM Prometheus callback; prometheus_metrics_config may select families/labels	source-derived synthetic shape/routing proof; exclusion reason is runtime-validated	job-excluded	recommended job exclusion; lost question documented in OPERATOR-MODEL.md	BerriAI/litellm @ 23de7a15d9d40006ee596e617475ba101d60c5e9; litellm/integrations/prometheus*.py and update callsites audited in OPERATOR-MODEL.md
"litellm_deployment_cooled_down_total{exception_status=~"".*[^[:space:]].*""}"	litellm_deployment_cooled_down_total	litellm_deployment_cooled_down_total	counter	api_base,api_provider,exception_status,litellm_model_name,model_id	LiteLLM/Routing and Deployments	<global>	state/configuration	LLM Deployment Analytics - Number of times a deployment has been cooled down by LiteLLM load balancing logic. exception_status is the status of the exception that caused the deployment to be cooled down	independent source family unless a source-defined relationship is stated in OPERATOR-MODEL.md	raw counter -> incremental -> cooldowns/s; counted/measured object: LLM Deployment Analytics - Number of times a deployment has been cooled down by LiteLLM load balancing logic. exception_status is the status of the exception that caused the deployment to be cooled down	identity=<global>; dimension=exception_status; routing=exception_status; complementary blank/nonblank routes mark those labels optional; remaining=api_base,api_provider,litellm_model_name,model_id retained as source metadata or intentionally aggregated by this chart; label availability follows exporter configuration; no optional label is used as instance identity unless the chart route requires it	LiteLLM Prometheus callback; prometheus_metrics_config may select families/labels	source-derived synthetic shape/routing proof; does not prove live enablement, values, cadence, or cardinality	chart	LiteLLM/Routing and Deployments / Deployment Cooldowns by Status [deployment_cooldowns_by_status; cooldowns/s; incremental]	BerriAI/litellm @ 23de7a15d9d40006ee596e617475ba101d60c5e9; litellm/integrations/prometheus*.py and update callsites audited in OPERATOR-MODEL.md
"litellm_deployment_cooled_down_total{exception_status!~"".*[^[:space:]].*""}"	litellm_deployment_cooled_down_total	litellm_deployment_cooled_down_total	counter	api_base,api_provider,exception_status,litellm_model_name,model_id	LiteLLM/Routing and Deployments	<global>	state/configuration	LLM Deployment Analytics - Number of times a deployment has been cooled down by LiteLLM load balancing logic. exception_status is the status of the exception that caused the deployment to be cooled down	independent source family unless a source-defined relationship is stated in OPERATOR-MODEL.md	raw counter -> incremental -> cooldowns/s; counted/measured object: LLM Deployment Analytics - Number of times a deployment has been cooled down by LiteLLM load balancing logic. exception_status is the status of the exception that caused the deployment to be cooled down	identity=<global>; routing=exception_status; complementary blank/nonblank routes mark those labels optional; remaining=api_base,api_provider,litellm_model_name,model_id retained as source metadata or intentionally aggregated by this chart; label availability follows exporter configuration; no optional label is used as instance identity unless the chart route requires it	LiteLLM Prometheus callback; prometheus_metrics_config may select families/labels	source-derived synthetic shape/routing proof; does not prove live enablement, values, cadence, or cardinality	chart	LiteLLM/Routing and Deployments / Deployment Cooldowns by Status [deployment_cooldowns_by_status; cooldowns/s; incremental]	BerriAI/litellm @ 23de7a15d9d40006ee596e617475ba101d60c5e9; litellm/integrations/prometheus*.py and update callsites audited in OPERATOR-MODEL.md
"litellm_deployment_cooled_down_total{model_id=~"".+"",exception_status=~"".*[^[:space:]].*""}"	litellm_deployment_cooled_down_total	litellm_deployment_cooled_down_total	counter	api_base,api_provider,exception_status,litellm_model_name,model_id	LiteLLM/Routing and Deployments/By Deployment	model_id	state/configuration	LLM Deployment Analytics - Number of times a deployment has been cooled down by LiteLLM load balancing logic. exception_status is the status of the exception that caused the deployment to be cooled down	independent source family unless a source-defined relationship is stated in OPERATOR-MODEL.md	raw counter -> incremental -> cooldowns/s; counted/measured object: LLM Deployment Analytics - Number of times a deployment has been cooled down by LiteLLM load balancing logic. exception_status is the status of the exception that caused the deployment to be cooled down	identity=model_id; dimension=exception_status; routing=exception_status,model_id; complementary blank/nonblank routes mark those labels optional; remaining=api_base,api_provider,litellm_model_name retained as source metadata or intentionally aggregated by this chart; label availability follows exporter configuration; no optional label is used as instance identity unless the chart route requires it	LiteLLM Prometheus callback; prometheus_metrics_config may select families/labels	source-derived synthetic shape/routing proof; does not prove live enablement, values, cadence, or cardinality	chart	LiteLLM/Routing and Deployments/By Deployment / Cooldowns by Deployment and Status [deployment_cooldowns_by_status_by_deployment; cooldowns/s; incremental]	BerriAI/litellm @ 23de7a15d9d40006ee596e617475ba101d60c5e9; litellm/integrations/prometheus*.py and update callsites audited in OPERATOR-MODEL.md
"litellm_deployment_cooled_down_total{model_id=~"".+"",exception_status!~"".*[^[:space:]].*""}"	litellm_deployment_cooled_down_total	litellm_deployment_cooled_down_total	counter	api_base,api_provider,exception_status,litellm_model_name,model_id	LiteLLM/Routing and Deployments/By Deployment	model_id	state/configuration	LLM Deployment Analytics - Number of times a deployment has been cooled down by LiteLLM load balancing logic. exception_status is the status of the exception that caused the deployment to be cooled down	independent source family unless a source-defined relationship is stated in OPERATOR-MODEL.md	raw counter -> incremental -> cooldowns/s; counted/measured object: LLM Deployment Analytics - Number of times a deployment has been cooled down by LiteLLM load balancing logic. exception_status is the status of the exception that caused the deployment to be cooled down	identity=model_id; routing=exception_status,model_id; complementary blank/nonblank routes mark those labels optional; remaining=api_base,api_provider,litellm_model_name retained as source metadata or intentionally aggregated by this chart; label availability follows exporter configuration; no optional label is used as instance identity unless the chart route requires it	LiteLLM Prometheus callback; prometheus_metrics_config may select families/labels	source-derived synthetic shape/routing proof; does not prove live enablement, values, cadence, or cardinality	chart	LiteLLM/Routing and Deployments/By Deployment / Cooldowns by Deployment and Status [deployment_cooldowns_by_status_by_deployment; cooldowns/s; incremental]	BerriAI/litellm @ 23de7a15d9d40006ee596e617475ba101d60c5e9; litellm/integrations/prometheus*.py and update callsites audited in OPERATOR-MODEL.md
litellm_deployment_failed_fallbacks_created	litellm_deployment_failed_fallbacks_created	litellm_deployment_failed_fallbacks_created	gauge	api_key_alias,exception_class,exception_status,fallback_model,hashed_api_key,model_id,requested_model,team,team_alias	<excluded>	<none>	error/outcome	LLM Deployment Analytics - Number of failed fallback requests from primary model -> fallback model	generated registration-timestamp companion; excluded from operational charts	raw gauge; no rendered unit because job-excluded	source labels=api_key_alias,exception_class,exception_status,fallback_model,hashed_api_key,model_id,requested_model,team,team_alias; no chart identity/dimension role	LiteLLM Prometheus callback; prometheus_metrics_config may select families/labels	source-derived synthetic shape/routing proof; exclusion reason is runtime-validated	job-excluded	recommended job exclusion; lost question documented in OPERATOR-MODEL.md	BerriAI/litellm @ 23de7a15d9d40006ee596e617475ba101d60c5e9; litellm/integrations/prometheus*.py and update callsites audited in OPERATOR-MODEL.md
litellm_deployment_failed_fallbacks_total	litellm_deployment_failed_fallbacks_total	litellm_deployment_failed_fallbacks_total	counter	api_key_alias,exception_class,exception_status,fallback_model,hashed_api_key,model_id,requested_model,team,team_alias	LiteLLM/Routing and Deployments	<global>	error/outcome	LLM Deployment Analytics - Number of failed fallback requests from primary model -> fallback model	independent source family unless a source-defined relationship is stated in OPERATOR-MODEL.md	raw counter -> incremental -> fallbacks/s; counted/measured object: LLM Deployment Analytics - Number of failed fallback requests from primary model -> fallback model	identity=<global>; remaining=api_key_alias,exception_class,exception_status,fallback_model,hashed_api_key,model_id,requested_model,team,team_alias retained as source metadata or intentionally aggregated by this chart; label availability follows exporter configuration; no optional label is used as instance identity unless the chart route requires it	LiteLLM Prometheus callback; prometheus_metrics_config may select families/labels	source-derived synthetic shape/routing proof; does not prove live enablement, values, cadence, or cardinality	chart	LiteLLM/Routing and Deployments / Fallback Outcomes [fallback_outcomes; fallbacks/s; incremental]	BerriAI/litellm @ 23de7a15d9d40006ee596e617475ba101d60c5e9; litellm/integrations/prometheus*.py and update callsites audited in OPERATOR-MODEL.md
"litellm_deployment_failed_fallbacks_total{requested_model=~"".+"",fallback_model=~"".+"",model_id=~"".+""}"	litellm_deployment_failed_fallbacks_total	litellm_deployment_failed_fallbacks_total	counter	api_key_alias,exception_class,exception_status,fallback_model,hashed_api_key,model_id,requested_model,team,team_alias	LiteLLM/Routing and Deployments/By Fallback Path	requested_model,fallback_model,model_id	error/outcome	LLM Deployment Analytics - Number of failed fallback requests from primary model -> fallback model	independent source family unless a source-defined relationship is stated in OPERATOR-MODEL.md	raw counter -> incremental -> fallbacks/s; counted/measured object: LLM Deployment Analytics - Number of failed fallback requests from primary model -> fallback model	identity=requested_model,fallback_model,model_id; routing=fallback_model,model_id,requested_model; complementary blank/nonblank routes mark those labels optional; remaining=api_key_alias,exception_class,exception_status,hashed_api_key,team,team_alias retained as source metadata or intentionally aggregated by this chart; label availability follows exporter configuration; no optional label is used as instance identity unless the chart route requires it	LiteLLM Prometheus callback; prometheus_metrics_config may select families/labels	source-derived synthetic shape/routing proof; does not prove live enablement, values, cadence, or cardinality	chart	LiteLLM/Routing and Deployments/By Fallback Path / Fallback Outcomes by Requested Model and Fallback [fallback_outcomes_by_path; fallbacks/s; incremental]	BerriAI/litellm @ 23de7a15d9d40006ee596e617475ba101d60c5e9; litellm/integrations/prometheus*.py and update callsites audited in OPERATOR-MODEL.md
litellm_deployment_failure_responses_created	litellm_deployment_failure_responses_created	litellm_deployment_failure_responses_created	gauge	api_base,api_key_alias,api_provider,client_ip,exception_class,exception_status,hashed_api_key,litellm_model_name,model_id,requested_model,team,team_alias,user_agent	<excluded>	<none>	error/outcome	LLM Deployment Analytics - Total number of failed LLM API calls for a specific LLM deploymeny. exception_status is the status of the exception from the llm api	generated registration-timestamp companion; excluded from operational charts	raw gauge; no rendered unit because job-excluded	source labels=api_base,api_key_alias,api_provider,client_ip,exception_class,exception_status,hashed_api_key,litellm_model_name,model_id,requested_model,team,team_alias,user_agent; no chart identity/dimension role	LiteLLM Prometheus callback; prometheus_metrics_config may select families/labels	source-derived synthetic shape/routing proof; exclusion reason is runtime-validated	job-excluded	recommended job exclusion; lost question documented in OPERATOR-MODEL.md	BerriAI/litellm @ 23de7a15d9d40006ee596e617475ba101d60c5e9; litellm/integrations/prometheus*.py and update callsites audited in OPERATOR-MODEL.md
"litellm_deployment_failure_responses_total{exception_status=~"".*[^[:space:]].*""}"	litellm_deployment_failure_responses_total	litellm_deployment_failure_responses_total	counter	api_base,api_key_alias,api_provider,client_ip,exception_class,exception_status,hashed_api_key,litellm_model_name,model_id,requested_model,team,team_alias,user_agent	LiteLLM/Routing and Deployments	<global>	error/outcome	LLM Deployment Analytics - Total number of failed LLM API calls for a specific LLM deploymeny. exception_status is the status of the exception from the llm api	independent source family unless a source-defined relationship is stated in OPERATOR-MODEL.md	raw counter -> incremental -> failures/s; counted/measured object: LLM Deployment Analytics - Total number of failed LLM API calls for a specific LLM deploymeny. exception_status is the status of the exception from the llm api	identity=<global>; dimension=exception_status; routing=exception_status; complementary blank/nonblank routes mark those labels optional; remaining=api_base,api_key_alias,api_provider,client_ip,exception_class,hashed_api_key,litellm_model_name,model_id,requested_model,team,team_alias,user_agent retained as source metadata or intentionally aggregated by this chart; label availability follows exporter configuration; no optional label is used as instance identity unless the chart route requires it	LiteLLM Prometheus callback; prometheus_metrics_config may select families/labels	source-derived synthetic shape/routing proof; does not prove live enablement, values, cadence, or cardinality	chart	LiteLLM/Routing and Deployments / Deployment Failures by Status [deployment_failures_by_status; failures/s; incremental]	BerriAI/litellm @ 23de7a15d9d40006ee596e617475ba101d60c5e9; litellm/integrations/prometheus*.py and update callsites audited in OPERATOR-MODEL.md
"litellm_deployment_failure_responses_total{exception_status!~"".*[^[:space:]].*""}"	litellm_deployment_failure_responses_total	litellm_deployment_failure_responses_total	counter	api_base,api_key_alias,api_provider,client_ip,exception_class,exception_status,hashed_api_key,litellm_model_name,model_id,requested_model,team,team_alias,user_agent	LiteLLM/Routing and Deployments	<global>	error/outcome	LLM Deployment Analytics - Total number of failed LLM API calls for a specific LLM deploymeny. exception_status is the status of the exception from the llm api	independent source family unless a source-defined relationship is stated in OPERATOR-MODEL.md	raw counter -> incremental -> failures/s; counted/measured object: LLM Deployment Analytics - Total number of failed LLM API calls for a specific LLM deploymeny. exception_status is the status of the exception from the llm api	identity=<global>; routing=exception_status; complementary blank/nonblank routes mark those labels optional; remaining=api_base,api_key_alias,api_provider,client_ip,exception_class,hashed_api_key,litellm_model_name,model_id,requested_model,team,team_alias,user_agent retained as source metadata or intentionally aggregated by this chart; label availability follows exporter configuration; no optional label is used as instance identity unless the chart route requires it	LiteLLM Prometheus callback; prometheus_metrics_config may select families/labels	source-derived synthetic shape/routing proof; does not prove live enablement, values, cadence, or cardinality	chart	LiteLLM/Routing and Deployments / Deployment Failures by Status [deployment_failures_by_status; failures/s; incremental]	BerriAI/litellm @ 23de7a15d9d40006ee596e617475ba101d60c5e9; litellm/integrations/prometheus*.py and update callsites audited in OPERATOR-MODEL.md
"litellm_deployment_failure_responses_total{model_id=~"".+"",exception_status=~"".*[^[:space:]].*""}"	litellm_deployment_failure_responses_total	litellm_deployment_failure_responses_total	counter	api_base,api_key_alias,api_provider,client_ip,exception_class,exception_status,hashed_api_key,litellm_model_name,model_id,requested_model,team,team_alias,user_agent	LiteLLM/Routing and Deployments/By Deployment	model_id	error/outcome	LLM Deployment Analytics - Total number of failed LLM API calls for a specific LLM deploymeny. exception_status is the status of the exception from the llm api	independent source family unless a source-defined relationship is stated in OPERATOR-MODEL.md	raw counter -> incremental -> failures/s; counted/measured object: LLM Deployment Analytics - Total number of failed LLM API calls for a specific LLM deploymeny. exception_status is the status of the exception from the llm api	identity=model_id; dimension=exception_status; routing=exception_status,model_id; complementary blank/nonblank routes mark those labels optional; remaining=api_base,api_key_alias,api_provider,client_ip,exception_class,hashed_api_key,litellm_model_name,requested_model,team,team_alias,user_agent retained as source metadata or intentionally aggregated by this chart; label availability follows exporter configuration; no optional label is used as instance identity unless the chart route requires it	LiteLLM Prometheus callback; prometheus_metrics_config may select families/labels	source-derived synthetic shape/routing proof; does not prove live enablement, values, cadence, or cardinality	chart	LiteLLM/Routing and Deployments/By Deployment / Failures by Deployment and Status [deployment_failures_by_status_by_deployment; failures/s; incremental]	BerriAI/litellm @ 23de7a15d9d40006ee596e617475ba101d60c5e9; litellm/integrations/prometheus*.py and update callsites audited in OPERATOR-MODEL.md
"litellm_deployment_failure_responses_total{model_id=~"".+"",exception_status!~"".*[^[:space:]].*""}"	litellm_deployment_failure_responses_total	litellm_deployment_failure_responses_total	counter	api_base,api_key_alias,api_provider,client_ip,exception_class,exception_status,hashed_api_key,litellm_model_name,model_id,requested_model,team,team_alias,user_agent	LiteLLM/Routing and Deployments/By Deployment	model_id	error/outcome	LLM Deployment Analytics - Total number of failed LLM API calls for a specific LLM deploymeny. exception_status is the status of the exception from the llm api	independent source family unless a source-defined relationship is stated in OPERATOR-MODEL.md	raw counter -> incremental -> failures/s; counted/measured object: LLM Deployment Analytics - Total number of failed LLM API calls for a specific LLM deploymeny. exception_status is the status of the exception from the llm api	identity=model_id; routing=exception_status,model_id; complementary blank/nonblank routes mark those labels optional; remaining=api_base,api_key_alias,api_provider,client_ip,exception_class,hashed_api_key,litellm_model_name,requested_model,team,team_alias,user_agent retained as source metadata or intentionally aggregated by this chart; label availability follows exporter configuration; no optional label is used as instance identity unless the chart route requires it	LiteLLM Prometheus callback; prometheus_metrics_config may select families/labels	source-derived synthetic shape/routing proof; does not prove live enablement, values, cadence, or cardinality	chart	LiteLLM/Routing and Deployments/By Deployment / Failures by Deployment and Status [deployment_failures_by_status_by_deployment; failures/s; incremental]	BerriAI/litellm @ 23de7a15d9d40006ee596e617475ba101d60c5e9; litellm/integrations/prometheus*.py and update callsites audited in OPERATOR-MODEL.md
litellm_deployment_latency_per_output_token_bucket	litellm_deployment_latency_per_output_token_bucket	litellm_deployment_latency_per_output_token	histogram	api_base,api_key_alias,api_provider,hashed_api_key,le,litellm_model_name,model_id,org_alias,org_id,team,team_alias	LiteLLM/Routing and Deployments	<global>	latency	LLM Deployment Analytics - Latency per output token	histogram bucket component; same observation population as the family bucket/quantile, count, and sum components	raw histogram -> incremental -> observations/s; counted/measured object: LLM Deployment Analytics - Latency per output token	identity=<global>; remaining=api_base,api_key_alias,api_provider,hashed_api_key,le,litellm_model_name,model_id,org_alias,org_id,team,team_alias retained as source metadata or intentionally aggregated by this chart; label availability follows exporter configuration; no optional label is used as instance identity unless the chart route requires it	LiteLLM Prometheus callback; prometheus_metrics_config may select families/labels	source-derived synthetic shape/routing proof; does not prove live enablement, values, cadence, or cardinality	chart	LiteLLM/Routing and Deployments / Deployment Output-Token Latency Distribution [deployment_output_token_latency_distribution; observations/s; incremental]	BerriAI/litellm @ 23de7a15d9d40006ee596e617475ba101d60c5e9; litellm/integrations/prometheus*.py and update callsites audited in OPERATOR-MODEL.md
litellm_deployment_latency_per_output_token_count	litellm_deployment_latency_per_output_token_count	litellm_deployment_latency_per_output_token	histogram	api_base,api_key_alias,api_provider,hashed_api_key,le,litellm_model_name,model_id,org_alias,org_id,team,team_alias	LiteLLM/Routing and Deployments	<global>	latency	LLM Deployment Analytics - Latency per output token	histogram count component; same observation population as the family bucket/quantile, count, and sum components	raw histogram -> incremental -> requests/s; counted/measured object: LLM Deployment Analytics - Latency per output token	identity=<global>; remaining=api_base,api_key_alias,api_provider,hashed_api_key,le,litellm_model_name,model_id,org_alias,org_id,team,team_alias retained as source metadata or intentionally aggregated by this chart; label availability follows exporter configuration; no optional label is used as instance identity unless the chart route requires it	LiteLLM Prometheus callback; prometheus_metrics_config may select families/labels	source-derived synthetic shape/routing proof; does not prove live enablement, values, cadence, or cardinality	chart	LiteLLM/Routing and Deployments / Deployment Output-Token Latency Measurements [deployment_output_token_latency_measurements; requests/s; incremental]	BerriAI/litellm @ 23de7a15d9d40006ee596e617475ba101d60c5e9; litellm/integrations/prometheus*.py and update callsites audited in OPERATOR-MODEL.md
litellm_deployment_latency_per_output_token_sum	litellm_deployment_latency_per_output_token_sum	litellm_deployment_latency_per_output_token	histogram	api_base,api_key_alias,api_provider,hashed_api_key,le,litellm_model_name,model_id,org_alias,org_id,team,team_alias	LiteLLM/Routing and Deployments	<global>	latency	LLM Deployment Analytics - Latency per output token	histogram sum component; same observation population as the family bucket/quantile, count, and sum components	raw histogram -> incremental -> seconds/s; counted/measured object: LLM Deployment Analytics - Latency per output token	identity=<global>; remaining=api_base,api_key_alias,api_provider,hashed_api_key,le,litellm_model_name,model_id,org_alias,org_id,team,team_alias retained as source metadata or intentionally aggregated by this chart; label availability follows exporter configuration; no optional label is used as instance identity unless the chart route requires it	LiteLLM Prometheus callback; prometheus_metrics_config may select families/labels	source-derived synthetic shape/routing proof; does not prove live enablement, values, cadence, or cardinality	chart	LiteLLM/Routing and Deployments / Accumulated Deployment Output-Token Latency [accumulated_deployment_output_token_latency; seconds/s; incremental]	BerriAI/litellm @ 23de7a15d9d40006ee596e617475ba101d60c5e9; litellm/integrations/prometheus*.py and update callsites audited in OPERATOR-MODEL.md
"litellm_deployment_latency_per_output_token_bucket{model_id=~"".+""}"	litellm_deployment_latency_per_output_token_bucket	litellm_deployment_latency_per_output_token	histogram	api_base,api_key_alias,api_provider,hashed_api_key,le,litellm_model_name,model_id,org_alias,org_id,team,team_alias	LiteLLM/Routing and Deployments/By Deployment	model_id	latency	LLM Deployment Analytics - Latency per output token	histogram bucket component; same observation population as the family bucket/quantile, count, and sum components	raw histogram -> incremental -> observations/s; counted/measured object: LLM Deployment Analytics - Latency per output token	identity=model_id; routing=model_id; complementary blank/nonblank routes mark those labels optional; remaining=api_base,api_key_alias,api_provider,hashed_api_key,le,litellm_model_name,org_alias,org_id,team,team_alias retained as source metadata or intentionally aggregated by this chart; label availability follows exporter configuration; no optional label is used as instance identity unless the chart route requires it	LiteLLM Prometheus callback; prometheus_metrics_config may select families/labels	source-derived synthetic shape/routing proof; does not prove live enablement, values, cadence, or cardinality	chart	LiteLLM/Routing and Deployments/By Deployment / Output-Token Latency Distribution by Deployment [deployment_output_token_latency_distribution_by_deployment; observations/s; incremental]	BerriAI/litellm @ 23de7a15d9d40006ee596e617475ba101d60c5e9; litellm/integrations/prometheus*.py and update callsites audited in OPERATOR-MODEL.md
"litellm_deployment_latency_per_output_token_count{model_id=~"".+""}"	litellm_deployment_latency_per_output_token_count	litellm_deployment_latency_per_output_token	histogram	api_base,api_key_alias,api_provider,hashed_api_key,le,litellm_model_name,model_id,org_alias,org_id,team,team_alias	LiteLLM/Routing and Deployments/By Deployment	model_id	latency	LLM Deployment Analytics - Latency per output token	histogram count component; same observation population as the family bucket/quantile, count, and sum components	raw histogram -> incremental -> requests/s; counted/measured object: LLM Deployment Analytics - Latency per output token	identity=model_id; routing=model_id; complementary blank/nonblank routes mark those labels optional; remaining=api_base,api_key_alias,api_provider,hashed_api_key,le,litellm_model_name,org_alias,org_id,team,team_alias retained as source metadata or intentionally aggregated by this chart; label availability follows exporter configuration; no optional label is used as instance identity unless the chart route requires it	LiteLLM Prometheus callback; prometheus_metrics_config may select families/labels	source-derived synthetic shape/routing proof; does not prove live enablement, values, cadence, or cardinality	chart	LiteLLM/Routing and Deployments/By Deployment / Output-Token Latency Measurements by Deployment [deployment_output_token_latency_measurements_by_deployment; requests/s; incremental]	BerriAI/litellm @ 23de7a15d9d40006ee596e617475ba101d60c5e9; litellm/integrations/prometheus*.py and update callsites audited in OPERATOR-MODEL.md
"litellm_deployment_latency_per_output_token_sum{model_id=~"".+""}"	litellm_deployment_latency_per_output_token_sum	litellm_deployment_latency_per_output_token	histogram	api_base,api_key_alias,api_provider,hashed_api_key,le,litellm_model_name,model_id,org_alias,org_id,team,team_alias	LiteLLM/Routing and Deployments/By Deployment	model_id	latency	LLM Deployment Analytics - Latency per output token	histogram sum component; same observation population as the family bucket/quantile, count, and sum components	raw histogram -> incremental -> seconds/s; counted/measured object: LLM Deployment Analytics - Latency per output token	identity=model_id; routing=model_id; complementary blank/nonblank routes mark those labels optional; remaining=api_base,api_key_alias,api_provider,hashed_api_key,le,litellm_model_name,org_alias,org_id,team,team_alias retained as source metadata or intentionally aggregated by this chart; label availability follows exporter configuration; no optional label is used as instance identity unless the chart route requires it	LiteLLM Prometheus callback; prometheus_metrics_config may select families/labels	source-derived synthetic shape/routing proof; does not prove live enablement, values, cadence, or cardinality	chart	LiteLLM/Routing and Deployments/By Deployment / Accumulated Output-Token Latency by Deployment [accumulated_deployment_output_token_latency_by_deployment; seconds/s; incremental]	BerriAI/litellm @ 23de7a15d9d40006ee596e617475ba101d60c5e9; litellm/integrations/prometheus*.py and update callsites audited in OPERATOR-MODEL.md
litellm_deployment_latency_per_output_token_created	litellm_deployment_latency_per_output_token_created	litellm_deployment_latency_per_output_token_created	gauge	api_base,api_key_alias,api_provider,hashed_api_key,litellm_model_name,model_id,org_alias,org_id,team,team_alias	<excluded>	<none>	latency	LLM Deployment Analytics - Latency per output token	generated registration-timestamp companion; excluded from operational charts	raw gauge; no rendered unit because job-excluded	source labels=api_base,api_key_alias,api_provider,hashed_api_key,litellm_model_name,model_id,org_alias,org_id,team,team_alias; no chart identity/dimension role	LiteLLM Prometheus callback; prometheus_metrics_config may select families/labels	source-derived synthetic shape/routing proof; exclusion reason is runtime-validated	job-excluded	recommended job exclusion; lost question documented in OPERATOR-MODEL.md	BerriAI/litellm @ 23de7a15d9d40006ee596e617475ba101d60c5e9; litellm/integrations/prometheus*.py and update callsites audited in OPERATOR-MODEL.md
litellm_deployment_rpm_limit	litellm_deployment_rpm_limit	litellm_deployment_rpm_limit	gauge	api_base,api_provider,litellm_model_name,model_id,pid	LiteLLM/Routing and Deployments/Deployments	*	capacity/resource	Deployment RPM limit found in config	independent source family unless a source-defined relationship is stated in OPERATOR-MODEL.md	raw gauge -> absolute -> requests/min; counted/measured object: Deployment RPM limit found in config	all emitted labels are instance identity; label availability follows exporter configuration; no optional label is used as instance identity unless the chart route requires it	LiteLLM Prometheus callback; prometheus_metrics_config may select families/labels	source-derived synthetic shape/routing proof; does not prove live enablement, values, cadence, or cardinality	chart	LiteLLM/Routing and Deployments/Deployments / Deployment Request Limit [deployment_request_limit; requests/min; absolute]	BerriAI/litellm @ 23de7a15d9d40006ee596e617475ba101d60c5e9; litellm/integrations/prometheus*.py and update callsites audited in OPERATOR-MODEL.md
litellm_deployment_state	litellm_deployment_state	litellm_deployment_state	gauge	api_base,api_provider,litellm_model_name,model_id,pid	LiteLLM/Routing and Deployments/Deployments	*	state/configuration	LLM Deployment Analytics - The state of the deployment: 0 = healthy, 1 = partial outage, 2 = complete outage	independent source family unless a source-defined relationship is stated in OPERATOR-MODEL.md	raw gauge -> absolute -> state; counted/measured object: LLM Deployment Analytics - The state of the deployment: 0 = healthy, 1 = partial outage, 2 = complete outage	all emitted labels are instance identity; label availability follows exporter configuration; no optional label is used as instance identity unless the chart route requires it	LiteLLM Prometheus callback; prometheus_metrics_config may select families/labels	source-derived synthetic shape/routing proof; does not prove live enablement, values, cadence, or cardinality	chart	LiteLLM/Routing and Deployments/Deployments / Deployment State [deployment_state; state; absolute]	BerriAI/litellm @ 23de7a15d9d40006ee596e617475ba101d60c5e9; litellm/integrations/prometheus*.py and update callsites audited in OPERATOR-MODEL.md
litellm_deployment_success_responses_created	litellm_deployment_success_responses_created	litellm_deployment_success_responses_created	gauge	api_base,api_key_alias,api_provider,client_ip,hashed_api_key,litellm_model_name,model_id,requested_model,team,team_alias,user_agent	<excluded>	<none>	workload/outcome	LLM Deployment Analytics - Total number of successful LLM API calls via litellm	generated registration-timestamp companion; excluded from operational charts	raw gauge; no rendered unit because job-excluded	source labels=api_base,api_key_alias,api_provider,client_ip,hashed_api_key,litellm_model_name,model_id,requested_model,team,team_alias,user_agent; no chart identity/dimension role	LiteLLM Prometheus callback; prometheus_metrics_config may select families/labels	source-derived synthetic shape/routing proof; exclusion reason is runtime-validated	job-excluded	recommended job exclusion; lost question documented in OPERATOR-MODEL.md	BerriAI/litellm @ 23de7a15d9d40006ee596e617475ba101d60c5e9; litellm/integrations/prometheus*.py and update callsites audited in OPERATOR-MODEL.md
litellm_deployment_success_responses_total	litellm_deployment_success_responses_total	litellm_deployment_success_responses_total	counter	api_base,api_key_alias,api_provider,client_ip,hashed_api_key,litellm_model_name,model_id,requested_model,team,team_alias,user_agent	LiteLLM/Routing and Deployments	<global>	workload/outcome	LLM Deployment Analytics - Total number of successful LLM API calls via litellm	independent source family unless a source-defined relationship is stated in OPERATOR-MODEL.md	raw counter -> incremental -> requests/s; counted/measured object: LLM Deployment Analytics - Total number of successful LLM API calls via litellm	identity=<global>; remaining=api_base,api_key_alias,api_provider,client_ip,hashed_api_key,litellm_model_name,model_id,requested_model,team,team_alias,user_agent retained as source metadata or intentionally aggregated by this chart; label availability follows exporter configuration; no optional label is used as instance identity unless the chart route requires it	LiteLLM Prometheus callback; prometheus_metrics_config may select families/labels	source-derived synthetic shape/routing proof; does not prove live enablement, values, cadence, or cardinality	chart	LiteLLM/Routing and Deployments / Deployment Request Workload [deployment_request_workload; requests/s; incremental]	BerriAI/litellm @ 23de7a15d9d40006ee596e617475ba101d60c5e9; litellm/integrations/prometheus*.py and update callsites audited in OPERATOR-MODEL.md
"litellm_deployment_success_responses_total{model_id=~"".+""}"	litellm_deployment_success_responses_total	litellm_deployment_success_responses_total	counter	api_base,api_key_alias,api_provider,client_ip,hashed_api_key,litellm_model_name,model_id,requested_model,team,team_alias,user_agent	LiteLLM/Routing and Deployments/By Deployment	model_id	workload/outcome	LLM Deployment Analytics - Total number of successful LLM API calls via litellm	independent source family unless a source-defined relationship is stated in OPERATOR-MODEL.md	raw counter -> incremental -> requests/s; counted/measured object: LLM Deployment Analytics - Total number of successful LLM API calls via litellm	identity=model_id; routing=model_id; complementary blank/nonblank routes mark those labels optional; remaining=api_base,api_key_alias,api_provider,client_ip,hashed_api_key,litellm_model_name,requested_model,team,team_alias,user_agent retained as source metadata or intentionally aggregated by this chart; label availability follows exporter configuration; no optional label is used as instance identity unless the chart route requires it	LiteLLM Prometheus callback; prometheus_metrics_config may select families/labels	source-derived synthetic shape/routing proof; does not prove live enablement, values, cadence, or cardinality	chart	LiteLLM/Routing and Deployments/By Deployment / Request Workload by Deployment [deployment_request_workload_by_deployment; requests/s; incremental]	BerriAI/litellm @ 23de7a15d9d40006ee596e617475ba101d60c5e9; litellm/integrations/prometheus*.py and update callsites audited in OPERATOR-MODEL.md
litellm_deployment_successful_fallbacks_created	litellm_deployment_successful_fallbacks_created	litellm_deployment_successful_fallbacks_created	gauge	api_key_alias,exception_class,exception_status,fallback_model,hashed_api_key,model_id,requested_model,team,team_alias	<excluded>	<none>	workload/outcome	LLM Deployment Analytics - Number of successful fallback requests from primary model -> fallback model	generated registration-timestamp companion; excluded from operational charts	raw gauge; no rendered unit because job-excluded	source labels=api_key_alias,exception_class,exception_status,fallback_model,hashed_api_key,model_id,requested_model,team,team_alias; no chart identity/dimension role	LiteLLM Prometheus callback; prometheus_metrics_config may select families/labels	source-derived synthetic shape/routing proof; exclusion reason is runtime-validated	job-excluded	recommended job exclusion; lost question documented in OPERATOR-MODEL.md	BerriAI/litellm @ 23de7a15d9d40006ee596e617475ba101d60c5e9; litellm/integrations/prometheus*.py and update callsites audited in OPERATOR-MODEL.md
litellm_deployment_successful_fallbacks_total	litellm_deployment_successful_fallbacks_total	litellm_deployment_successful_fallbacks_total	counter	api_key_alias,exception_class,exception_status,fallback_model,hashed_api_key,model_id,requested_model,team,team_alias	LiteLLM/Routing and Deployments	<global>	workload/outcome	LLM Deployment Analytics - Number of successful fallback requests from primary model -> fallback model	independent source family unless a source-defined relationship is stated in OPERATOR-MODEL.md	raw counter -> incremental -> fallbacks/s; counted/measured object: LLM Deployment Analytics - Number of successful fallback requests from primary model -> fallback model	identity=<global>; remaining=api_key_alias,exception_class,exception_status,fallback_model,hashed_api_key,model_id,requested_model,team,team_alias retained as source metadata or intentionally aggregated by this chart; label availability follows exporter configuration; no optional label is used as instance identity unless the chart route requires it	LiteLLM Prometheus callback; prometheus_metrics_config may select families/labels	source-derived synthetic shape/routing proof; does not prove live enablement, values, cadence, or cardinality	chart	LiteLLM/Routing and Deployments / Fallback Outcomes [fallback_outcomes; fallbacks/s; incremental]	BerriAI/litellm @ 23de7a15d9d40006ee596e617475ba101d60c5e9; litellm/integrations/prometheus*.py and update callsites audited in OPERATOR-MODEL.md
"litellm_deployment_successful_fallbacks_total{requested_model=~"".+"",fallback_model=~"".+"",model_id=~"".+""}"	litellm_deployment_successful_fallbacks_total	litellm_deployment_successful_fallbacks_total	counter	api_key_alias,exception_class,exception_status,fallback_model,hashed_api_key,model_id,requested_model,team,team_alias	LiteLLM/Routing and Deployments/By Fallback Path	requested_model,fallback_model,model_id	workload/outcome	LLM Deployment Analytics - Number of successful fallback requests from primary model -> fallback model	independent source family unless a source-defined relationship is stated in OPERATOR-MODEL.md	raw counter -> incremental -> fallbacks/s; counted/measured object: LLM Deployment Analytics - Number of successful fallback requests from primary model -> fallback model	identity=requested_model,fallback_model,model_id; routing=fallback_model,model_id,requested_model; complementary blank/nonblank routes mark those labels optional; remaining=api_key_alias,exception_class,exception_status,hashed_api_key,team,team_alias retained as source metadata or intentionally aggregated by this chart; label availability follows exporter configuration; no optional label is used as instance identity unless the chart route requires it	LiteLLM Prometheus callback; prometheus_metrics_config may select families/labels	source-derived synthetic shape/routing proof; does not prove live enablement, values, cadence, or cardinality	chart	LiteLLM/Routing and Deployments/By Fallback Path / Fallback Outcomes by Requested Model and Fallback [fallback_outcomes_by_path; fallbacks/s; incremental]	BerriAI/litellm @ 23de7a15d9d40006ee596e617475ba101d60c5e9; litellm/integrations/prometheus*.py and update callsites audited in OPERATOR-MODEL.md
litellm_deployment_total_requests_created	litellm_deployment_total_requests_created	litellm_deployment_total_requests_created	gauge	api_base,api_key_alias,api_provider,client_ip,hashed_api_key,litellm_model_name,model_id,requested_model,team,team_alias,user_agent	<excluded>	<none>	error/outcome	LLM Deployment Analytics - Total number of LLM API calls via litellm - success + failure	generated registration-timestamp companion; excluded from operational charts	raw gauge; no rendered unit because job-excluded	source labels=api_base,api_key_alias,api_provider,client_ip,hashed_api_key,litellm_model_name,model_id,requested_model,team,team_alias,user_agent; no chart identity/dimension role	LiteLLM Prometheus callback; prometheus_metrics_config may select families/labels	source-derived synthetic shape/routing proof; exclusion reason is runtime-validated	job-excluded	recommended job exclusion; lost question documented in OPERATOR-MODEL.md	BerriAI/litellm @ 23de7a15d9d40006ee596e617475ba101d60c5e9; litellm/integrations/prometheus*.py and update callsites audited in OPERATOR-MODEL.md
litellm_deployment_total_requests_total	litellm_deployment_total_requests_total	litellm_deployment_total_requests_total	counter	api_base,api_key_alias,api_provider,client_ip,hashed_api_key,litellm_model_name,model_id,requested_model,team,team_alias,user_agent	LiteLLM/Routing and Deployments	<global>	error/outcome	LLM Deployment Analytics - Total number of LLM API calls via litellm - success + failure	independent source family unless a source-defined relationship is stated in OPERATOR-MODEL.md	raw counter -> incremental -> requests/s; counted/measured object: LLM Deployment Analytics - Total number of LLM API calls via litellm - success + failure	identity=<global>; remaining=api_base,api_key_alias,api_provider,client_ip,hashed_api_key,litellm_model_name,model_id,requested_model,team,team_alias,user_agent retained as source metadata or intentionally aggregated by this chart; label availability follows exporter configuration; no optional label is used as instance identity unless the chart route requires it	LiteLLM Prometheus callback; prometheus_metrics_config may select families/labels	source-derived synthetic shape/routing proof; does not prove live enablement, values, cadence, or cardinality	chart	LiteLLM/Routing and Deployments / Deployment Request Workload [deployment_request_workload; requests/s; incremental]	BerriAI/litellm @ 23de7a15d9d40006ee596e617475ba101d60c5e9; litellm/integrations/prometheus*.py and update callsites audited in OPERATOR-MODEL.md
"litellm_deployment_total_requests_total{model_id=~"".+""}"	litellm_deployment_total_requests_total	litellm_deployment_total_requests_total	counter	api_base,api_key_alias,api_provider,client_ip,hashed_api_key,litellm_model_name,model_id,requested_model,team,team_alias,user_agent	LiteLLM/Routing and Deployments/By Deployment	model_id	error/outcome	LLM Deployment Analytics - Total number of LLM API calls via litellm - success + failure	independent source family unless a source-defined relationship is stated in OPERATOR-MODEL.md	raw counter -> incremental -> requests/s; counted/measured object: LLM Deployment Analytics - Total number of LLM API calls via litellm - success + failure	identity=model_id; routing=model_id; complementary blank/nonblank routes mark those labels optional; remaining=api_base,api_key_alias,api_provider,client_ip,hashed_api_key,litellm_model_name,requested_model,team,team_alias,user_agent retained as source metadata or intentionally aggregated by this chart; label availability follows exporter configuration; no optional label is used as instance identity unless the chart route requires it	LiteLLM Prometheus callback; prometheus_metrics_config may select families/labels	source-derived synthetic shape/routing proof; does not prove live enablement, values, cadence, or cardinality	chart	LiteLLM/Routing and Deployments/By Deployment / Request Workload by Deployment [deployment_request_workload_by_deployment; requests/s; incremental]	BerriAI/litellm @ 23de7a15d9d40006ee596e617475ba101d60c5e9; litellm/integrations/prometheus*.py and update callsites audited in OPERATOR-MODEL.md
litellm_deployment_tpm_limit	litellm_deployment_tpm_limit	litellm_deployment_tpm_limit	gauge	api_base,api_provider,litellm_model_name,model_id,pid	LiteLLM/Routing and Deployments/Deployments	*	capacity/resource	Deployment TPM limit found in config	independent source family unless a source-defined relationship is stated in OPERATOR-MODEL.md	raw gauge -> absolute -> tokens/min; counted/measured object: Deployment TPM limit found in config	all emitted labels are instance identity; label availability follows exporter configuration; no optional label is used as instance identity unless the chart route requires it	LiteLLM Prometheus callback; prometheus_metrics_config may select families/labels	source-derived synthetic shape/routing proof; does not prove live enablement, values, cadence, or cardinality	chart	LiteLLM/Routing and Deployments/Deployments / Deployment Token Limit [deployment_token_limit; tokens/min; absolute]	BerriAI/litellm @ 23de7a15d9d40006ee596e617475ba101d60c5e9; litellm/integrations/prometheus*.py and update callsites audited in OPERATOR-MODEL.md
litellm_guardrail_errors_created	litellm_guardrail_errors_created	litellm_guardrail_errors_created	gauge	error_type,guardrail_name,hook_type	<excluded>	<none>	error/outcome	Total number of errors encountered during guardrail execution	generated registration-timestamp companion; excluded from operational charts	raw gauge; no rendered unit because job-excluded	source labels=error_type,guardrail_name,hook_type; no chart identity/dimension role	guardrail callback	source-derived synthetic shape/routing proof; exclusion reason is runtime-validated	job-excluded	recommended job exclusion; lost question documented in OPERATOR-MODEL.md	BerriAI/litellm @ 23de7a15d9d40006ee596e617475ba101d60c5e9; litellm/integrations/prometheus*.py and update callsites audited in OPERATOR-MODEL.md
litellm_guardrail_errors_total	litellm_guardrail_errors_total	litellm_guardrail_errors_total	counter	error_type,guardrail_name,hook_type	LiteLLM/Guardrails	<global>	error/outcome	Total number of errors encountered during guardrail execution	independent source family unless a source-defined relationship is stated in OPERATOR-MODEL.md	raw counter -> incremental -> errors/s; counted/measured object: Total number of errors encountered during guardrail execution	identity=<global>; dimension=error_type; remaining=guardrail_name,hook_type retained as source metadata or intentionally aggregated by this chart; label availability follows exporter configuration; no optional label is used as instance identity unless the chart route requires it	guardrail callback	source-derived synthetic shape/routing proof; does not prove live enablement, values, cadence, or cardinality	chart	LiteLLM/Guardrails / Guardrail Errors by Type [guardrail_errors_by_type; errors/s; incremental]	BerriAI/litellm @ 23de7a15d9d40006ee596e617475ba101d60c5e9; litellm/integrations/prometheus*.py and update callsites audited in OPERATOR-MODEL.md
"litellm_guardrail_errors_total{guardrail_name=~"".+"",hook_type=~"".+""}"	litellm_guardrail_errors_total	litellm_guardrail_errors_total	counter	error_type,guardrail_name,hook_type	LiteLLM/Guardrails/By Guardrail and Hook	guardrail_name,hook_type	error/outcome	Total number of errors encountered during guardrail execution	independent source family unless a source-defined relationship is stated in OPERATOR-MODEL.md	raw counter -> incremental -> errors/s; counted/measured object: Total number of errors encountered during guardrail execution	identity=guardrail_name,hook_type; dimension=error_type; routing=guardrail_name,hook_type; complementary blank/nonblank routes mark those labels optional; label availability follows exporter configuration; no optional label is used as instance identity unless the chart route requires it	guardrail callback	source-derived synthetic shape/routing proof; does not prove live enablement, values, cadence, or cardinality	chart	LiteLLM/Guardrails/By Guardrail and Hook / Errors by Guardrail, Hook, and Type [guardrail_errors_by_type_by_guardrail_hook; errors/s; incremental]	BerriAI/litellm @ 23de7a15d9d40006ee596e617475ba101d60c5e9; litellm/integrations/prometheus*.py and update callsites audited in OPERATOR-MODEL.md
litellm_guardrail_latency_seconds_bucket	litellm_guardrail_latency_seconds_bucket	litellm_guardrail_latency_seconds	histogram	error_type,guardrail_name,hook_type,le,status	LiteLLM/Guardrails	<global>	latency	Latency (seconds) for guardrail execution	histogram bucket component; same observation population as the family bucket/quantile, count, and sum components	raw histogram -> incremental -> observations/s; counted/measured object: Latency (seconds) for guardrail execution	identity=<global>; remaining=error_type,guardrail_name,hook_type,le,status retained as source metadata or intentionally aggregated by this chart; label availability follows exporter configuration; no optional label is used as instance identity unless the chart route requires it	guardrail callback	source-derived synthetic shape/routing proof; does not prove live enablement, values, cadence, or cardinality	chart	LiteLLM/Guardrails / Guardrail Latency Distribution [guardrail_latency_distribution; observations/s; incremental]	BerriAI/litellm @ 23de7a15d9d40006ee596e617475ba101d60c5e9; litellm/integrations/prometheus*.py and update callsites audited in OPERATOR-MODEL.md
litellm_guardrail_latency_seconds_count	litellm_guardrail_latency_seconds_count	litellm_guardrail_latency_seconds	histogram	error_type,guardrail_name,hook_type,le,status	LiteLLM/Guardrails	<global>	latency	Latency (seconds) for guardrail execution	histogram count component; same observation population as the family bucket/quantile, count, and sum components	raw histogram -> incremental -> invocations/s; counted/measured object: Latency (seconds) for guardrail execution	identity=<global>; dimension=status; remaining=error_type,guardrail_name,hook_type,le retained as source metadata or intentionally aggregated by this chart; label availability follows exporter configuration; no optional label is used as instance identity unless the chart route requires it	guardrail callback	source-derived synthetic shape/routing proof; does not prove live enablement, values, cadence, or cardinality	chart	LiteLLM/Guardrails / Guardrail Latency Measurements by Status [guardrail_latency_measurements_by_status; invocations/s; incremental]	BerriAI/litellm @ 23de7a15d9d40006ee596e617475ba101d60c5e9; litellm/integrations/prometheus*.py and update callsites audited in OPERATOR-MODEL.md
litellm_guardrail_latency_seconds_sum	litellm_guardrail_latency_seconds_sum	litellm_guardrail_latency_seconds	histogram	error_type,guardrail_name,hook_type,le,status	LiteLLM/Guardrails	<global>	latency	Latency (seconds) for guardrail execution	histogram sum component; same observation population as the family bucket/quantile, count, and sum components	raw histogram -> incremental -> seconds/s; counted/measured object: Latency (seconds) for guardrail execution	identity=<global>; remaining=error_type,guardrail_name,hook_type,le,status retained as source metadata or intentionally aggregated by this chart; label availability follows exporter configuration; no optional label is used as instance identity unless the chart route requires it	guardrail callback	source-derived synthetic shape/routing proof; does not prove live enablement, values, cadence, or cardinality	chart	LiteLLM/Guardrails / Accumulated Guardrail Latency [accumulated_guardrail_latency; seconds/s; incremental]	BerriAI/litellm @ 23de7a15d9d40006ee596e617475ba101d60c5e9; litellm/integrations/prometheus*.py and update callsites audited in OPERATOR-MODEL.md
"litellm_guardrail_latency_seconds_bucket{guardrail_name=~"".+"",hook_type=~"".+""}"	litellm_guardrail_latency_seconds_bucket	litellm_guardrail_latency_seconds	histogram	error_type,guardrail_name,hook_type,le,status	LiteLLM/Guardrails/By Guardrail and Hook	guardrail_name,hook_type	latency	Latency (seconds) for guardrail execution	histogram bucket component; same observation population as the family bucket/quantile, count, and sum components	raw histogram -> incremental -> observations/s; counted/measured object: Latency (seconds) for guardrail execution	identity=guardrail_name,hook_type; routing=guardrail_name,hook_type; complementary blank/nonblank routes mark those labels optional; remaining=error_type,le,status retained as source metadata or intentionally aggregated by this chart; label availability follows exporter configuration; no optional label is used as instance identity unless the chart route requires it	guardrail callback	source-derived synthetic shape/routing proof; does not prove live enablement, values, cadence, or cardinality	chart	LiteLLM/Guardrails/By Guardrail and Hook / Latency Distribution by Guardrail and Hook [guardrail_latency_distribution_by_guardrail_hook; observations/s; incremental]	BerriAI/litellm @ 23de7a15d9d40006ee596e617475ba101d60c5e9; litellm/integrations/prometheus*.py and update callsites audited in OPERATOR-MODEL.md
"litellm_guardrail_latency_seconds_count{guardrail_name=~"".+"",hook_type=~"".+""}"	litellm_guardrail_latency_seconds_count	litellm_guardrail_latency_seconds	histogram	error_type,guardrail_name,hook_type,le,status	LiteLLM/Guardrails/By Guardrail and Hook	guardrail_name,hook_type	latency	Latency (seconds) for guardrail execution	histogram count component; same observation population as the family bucket/quantile, count, and sum components	raw histogram -> incremental -> invocations/s; counted/measured object: Latency (seconds) for guardrail execution	identity=guardrail_name,hook_type; dimension=status; routing=guardrail_name,hook_type; complementary blank/nonblank routes mark those labels optional; remaining=error_type,le retained as source metadata or intentionally aggregated by this chart; label availability follows exporter configuration; no optional label is used as instance identity unless the chart route requires it	guardrail callback	source-derived synthetic shape/routing proof; does not prove live enablement, values, cadence, or cardinality	chart	LiteLLM/Guardrails/By Guardrail and Hook / Latency Measurements by Guardrail, Hook, and Status [guardrail_latency_measurements_by_status_by_guardrail_hook; invocations/s; incremental]	BerriAI/litellm @ 23de7a15d9d40006ee596e617475ba101d60c5e9; litellm/integrations/prometheus*.py and update callsites audited in OPERATOR-MODEL.md
"litellm_guardrail_latency_seconds_sum{guardrail_name=~"".+"",hook_type=~"".+""}"	litellm_guardrail_latency_seconds_sum	litellm_guardrail_latency_seconds	histogram	error_type,guardrail_name,hook_type,le,status	LiteLLM/Guardrails/By Guardrail and Hook	guardrail_name,hook_type	latency	Latency (seconds) for guardrail execution	histogram sum component; same observation population as the family bucket/quantile, count, and sum components	raw histogram -> incremental -> seconds/s; counted/measured object: Latency (seconds) for guardrail execution	identity=guardrail_name,hook_type; routing=guardrail_name,hook_type; complementary blank/nonblank routes mark those labels optional; remaining=error_type,le,status retained as source metadata or intentionally aggregated by this chart; label availability follows exporter configuration; no optional label is used as instance identity unless the chart route requires it	guardrail callback	source-derived synthetic shape/routing proof; does not prove live enablement, values, cadence, or cardinality	chart	LiteLLM/Guardrails/By Guardrail and Hook / Accumulated Latency by Guardrail and Hook [accumulated_guardrail_latency_by_guardrail_hook; seconds/s; incremental]	BerriAI/litellm @ 23de7a15d9d40006ee596e617475ba101d60c5e9; litellm/integrations/prometheus*.py and update callsites audited in OPERATOR-MODEL.md
litellm_guardrail_latency_seconds_created	litellm_guardrail_latency_seconds_created	litellm_guardrail_latency_seconds_created	gauge	error_type,guardrail_name,hook_type,status	<excluded>	<none>	latency	Latency (seconds) for guardrail execution	generated registration-timestamp companion; excluded from operational charts	raw gauge; no rendered unit because job-excluded	source labels=error_type,guardrail_name,hook_type,status; no chart identity/dimension role	guardrail callback	source-derived synthetic shape/routing proof; exclusion reason is runtime-validated	job-excluded	recommended job exclusion; lost question documented in OPERATOR-MODEL.md	BerriAI/litellm @ 23de7a15d9d40006ee596e617475ba101d60c5e9; litellm/integrations/prometheus*.py and update callsites audited in OPERATOR-MODEL.md
litellm_guardrail_requests_created	litellm_guardrail_requests_created	litellm_guardrail_requests_created	gauge	guardrail_name,hook_type,status	<excluded>	<none>	workload/outcome	Total number of guardrail invocations	generated registration-timestamp companion; excluded from operational charts	raw gauge; no rendered unit because job-excluded	source labels=guardrail_name,hook_type,status; no chart identity/dimension role	guardrail callback	source-derived synthetic shape/routing proof; exclusion reason is runtime-validated	job-excluded	recommended job exclusion; lost question documented in OPERATOR-MODEL.md	BerriAI/litellm @ 23de7a15d9d40006ee596e617475ba101d60c5e9; litellm/integrations/prometheus*.py and update callsites audited in OPERATOR-MODEL.md
litellm_guardrail_requests_total	litellm_guardrail_requests_total	litellm_guardrail_requests_total	counter	guardrail_name,hook_type,status	LiteLLM/Guardrails	<global>	state/configuration	Total number of guardrail invocations	independent source family unless a source-defined relationship is stated in OPERATOR-MODEL.md	raw counter -> incremental -> invocations/s; counted/measured object: Total number of guardrail invocations	identity=<global>; dimension=status; remaining=guardrail_name,hook_type retained as source metadata or intentionally aggregated by this chart; label availability follows exporter configuration; no optional label is used as instance identity unless the chart route requires it	guardrail callback	source-derived synthetic shape/routing proof; does not prove live enablement, values, cadence, or cardinality	chart	LiteLLM/Guardrails / Guardrail Invocations by Status [guardrail_invocations_by_status; invocations/s; incremental]	BerriAI/litellm @ 23de7a15d9d40006ee596e617475ba101d60c5e9; litellm/integrations/prometheus*.py and update callsites audited in OPERATOR-MODEL.md
"litellm_guardrail_requests_total{guardrail_name=~"".+"",hook_type=~"".+""}"	litellm_guardrail_requests_total	litellm_guardrail_requests_total	counter	guardrail_name,hook_type,status	LiteLLM/Guardrails/By Guardrail and Hook	guardrail_name,hook_type	state/configuration	Total number of guardrail invocations	independent source family unless a source-defined relationship is stated in OPERATOR-MODEL.md	raw counter -> incremental -> invocations/s; counted/measured object: Total number of guardrail invocations	identity=guardrail_name,hook_type; dimension=status; routing=guardrail_name,hook_type; complementary blank/nonblank routes mark those labels optional; label availability follows exporter configuration; no optional label is used as instance identity unless the chart route requires it	guardrail callback	source-derived synthetic shape/routing proof; does not prove live enablement, values, cadence, or cardinality	chart	LiteLLM/Guardrails/By Guardrail and Hook / Invocations by Guardrail, Hook, and Status [guardrail_invocations_by_status_by_guardrail_hook; invocations/s; incremental]	BerriAI/litellm @ 23de7a15d9d40006ee596e617475ba101d60c5e9; litellm/integrations/prometheus*.py and update callsites audited in OPERATOR-MODEL.md
litellm_images_generated_metric_created	litellm_images_generated_metric_created	litellm_images_generated_metric_created	gauge	api_key_alias,api_provider,end_user,hashed_api_key,model,model_id,org_alias,org_id,requested_model,team,team_alias,user,user_email	<excluded>	<none>	domain signal	Number of images generated, from the image generation response	generated registration-timestamp companion; excluded from operational charts	raw gauge; no rendered unit because job-excluded	source labels=api_key_alias,api_provider,end_user,hashed_api_key,model,model_id,org_alias,org_id,requested_model,team,team_alias,user,user_email; no chart identity/dimension role	LiteLLM Prometheus callback; prometheus_metrics_config may select families/labels	source-derived synthetic shape/routing proof; exclusion reason is runtime-validated	job-excluded	recommended job exclusion; lost question documented in OPERATOR-MODEL.md	BerriAI/litellm @ 23de7a15d9d40006ee596e617475ba101d60c5e9; litellm/integrations/prometheus*.py and update callsites audited in OPERATOR-MODEL.md
litellm_images_generated_metric_total	litellm_images_generated_metric_total	litellm_images_generated_metric_total	counter	api_key_alias,api_provider,end_user,hashed_api_key,model,model_id,org_alias,org_id,requested_model,team,team_alias,user,user_email	LiteLLM/Usage and Cost	<global>	domain signal	Number of images generated, from the image generation response	independent source family unless a source-defined relationship is stated in OPERATOR-MODEL.md	raw counter -> incremental -> images/s; counted/measured object: Number of images generated, from the image generation response	identity=<global>; remaining=api_key_alias,api_provider,end_user,hashed_api_key,model,model_id,org_alias,org_id,requested_model,team,team_alias,user,user_email retained as source metadata or intentionally aggregated by this chart; label availability follows exporter configuration; no optional label is used as instance identity unless the chart route requires it	LiteLLM Prometheus callback; prometheus_metrics_config may select families/labels	source-derived synthetic shape/routing proof; does not prove live enablement, values, cadence, or cardinality	chart	LiteLLM/Usage and Cost / Generated Images [generated_images; images/s; incremental]	BerriAI/litellm @ 23de7a15d9d40006ee596e617475ba101d60c5e9; litellm/integrations/prometheus*.py and update callsites audited in OPERATOR-MODEL.md
"litellm_images_generated_metric_total{api_provider=~"".+"",model=~"".+""}"	litellm_images_generated_metric_total	litellm_images_generated_metric_total	counter	api_key_alias,api_provider,end_user,hashed_api_key,model,model_id,org_alias,org_id,requested_model,team,team_alias,user,user_email	LiteLLM/Usage and Cost/By Provider and Model	api_provider,model	domain signal	Number of images generated, from the image generation response	independent source family unless a source-defined relationship is stated in OPERATOR-MODEL.md	raw counter -> incremental -> images/s; counted/measured object: Number of images generated, from the image generation response	identity=api_provider,model; routing=api_provider,model; complementary blank/nonblank routes mark those labels optional; remaining=api_key_alias,end_user,hashed_api_key,model_id,org_alias,org_id,requested_model,team,team_alias,user,user_email retained as source metadata or intentionally aggregated by this chart; label availability follows exporter configuration; no optional label is used as instance identity unless the chart route requires it	LiteLLM Prometheus callback; prometheus_metrics_config may select families/labels	source-derived synthetic shape/routing proof; does not prove live enablement, values, cadence, or cardinality	chart	LiteLLM/Usage and Cost/By Provider and Model / Generated Images by Provider and Model [generated_images_by_provider_model; images/s; incremental]	BerriAI/litellm @ 23de7a15d9d40006ee596e617475ba101d60c5e9; litellm/integrations/prometheus*.py and update callsites audited in OPERATOR-MODEL.md
litellm_in_flight_requests	litellm_in_flight_requests	litellm_in_flight_requests	gauge		LiteLLM/Gateway	<global>	saturation/state	Current number of in-flight requests being processed	independent source family unless a source-defined relationship is stated in OPERATOR-MODEL.md	raw gauge -> absolute -> requests; counted/measured object: Current number of in-flight requests being processed	identity=<global>; label availability follows exporter configuration; no optional label is used as instance identity unless the chart route requires it	LiteLLM Prometheus callback; prometheus_metrics_config may select families/labels	source-derived synthetic shape/routing proof; does not prove live enablement, values, cadence, or cardinality	chart	LiteLLM/Gateway / In-Flight Requests [in_flight_requests; requests; absolute]	BerriAI/litellm @ 23de7a15d9d40006ee596e617475ba101d60c5e9; litellm/integrations/prometheus*.py and update callsites audited in OPERATOR-MODEL.md
litellm_in_memory_daily_spend_update_queue_size	litellm_in_memory_daily_spend_update_queue_size	litellm_in_memory_daily_spend_update_queue_size	gauge	in_memory_daily_spend_update_queue,pid	LiteLLM/Internal Services/Spend Queues	*,!in_memory_daily_spend_update_queue,!in_memory_spend_update_queue,!redis_daily_agent_spend_update_queue,!redis_daily_end_user_spend_update_queue,!redis_daily_spend_update_queue,!redis_spend_update_queue	saturation/state	Gauge for in_memory_daily_spend_update_queue service	independent source family unless a source-defined relationship is stated in OPERATOR-MODEL.md	raw gauge -> absolute -> items; counted/measured object: Gauge for in_memory_daily_spend_update_queue service	identity=*,!in_memory_daily_spend_update_queue,!in_memory_spend_update_queue,!redis_daily_agent_spend_update_queue,!redis_daily_end_user_spend_update_queue,!redis_daily_spend_update_queue,!redis_spend_update_queue; remaining=in_memory_daily_spend_update_queue,pid retained as source metadata or intentionally aggregated by this chart; label availability follows exporter configuration; no optional label is used as instance identity unless the chart route requires it	spend tracking/update path	source-derived synthetic shape/routing proof; does not prove live enablement, values, cadence, or cardinality	chart	LiteLLM/Internal Services/Spend Queues / Spend-Update Queue Backlog [spend_update_queue_backlog; items; absolute]	BerriAI/litellm @ 23de7a15d9d40006ee596e617475ba101d60c5e9; litellm/integrations/prometheus*.py and update callsites audited in OPERATOR-MODEL.md
litellm_in_memory_spend_update_queue_size	litellm_in_memory_spend_update_queue_size	litellm_in_memory_spend_update_queue_size	gauge	in_memory_spend_update_queue,pid	LiteLLM/Internal Services/Spend Queues	*,!in_memory_daily_spend_update_queue,!in_memory_spend_update_queue,!redis_daily_agent_spend_update_queue,!redis_daily_end_user_spend_update_queue,!redis_daily_spend_update_queue,!redis_spend_update_queue	saturation/state	Gauge for in_memory_spend_update_queue service	independent source family unless a source-defined relationship is stated in OPERATOR-MODEL.md	raw gauge -> absolute -> items; counted/measured object: Gauge for in_memory_spend_update_queue service	identity=*,!in_memory_daily_spend_update_queue,!in_memory_spend_update_queue,!redis_daily_agent_spend_update_queue,!redis_daily_end_user_spend_update_queue,!redis_daily_spend_update_queue,!redis_spend_update_queue; remaining=in_memory_spend_update_queue,pid retained as source metadata or intentionally aggregated by this chart; label availability follows exporter configuration; no optional label is used as instance identity unless the chart route requires it	spend tracking/update path	source-derived synthetic shape/routing proof; does not prove live enablement, values, cadence, or cardinality	chart	LiteLLM/Internal Services/Spend Queues / Spend-Update Queue Backlog [spend_update_queue_backlog; items; absolute]	BerriAI/litellm @ 23de7a15d9d40006ee596e617475ba101d60c5e9; litellm/integrations/prometheus*.py and update callsites audited in OPERATOR-MODEL.md
litellm_input_audio_tokens_metric_created	litellm_input_audio_tokens_metric_created	litellm_input_audio_tokens_metric_created	gauge	api_key_alias,api_provider,end_user,hashed_api_key,model,model_id,requested_model,team,team_alias,user,user_email	<excluded>	<none>	workload/outcome	Audio input tokens reported in prompt_tokens_details.audio_tokens	generated registration-timestamp companion; excluded from operational charts	raw gauge; no rendered unit because job-excluded	source labels=api_key_alias,api_provider,end_user,hashed_api_key,model,model_id,requested_model,team,team_alias,user,user_email; no chart identity/dimension role	LiteLLM Prometheus callback; prometheus_metrics_config may select families/labels	source-derived synthetic shape/routing proof; exclusion reason is runtime-validated	job-excluded	recommended job exclusion; lost question documented in OPERATOR-MODEL.md	BerriAI/litellm @ 23de7a15d9d40006ee596e617475ba101d60c5e9; litellm/integrations/prometheus*.py and update callsites audited in OPERATOR-MODEL.md
litellm_input_audio_tokens_metric_total	litellm_input_audio_tokens_metric_total	litellm_input_audio_tokens_metric_total	counter	api_key_alias,api_provider,end_user,hashed_api_key,model,model_id,requested_model,team,team_alias,user,user_email	LiteLLM/Usage and Cost	<global>	workload/outcome	Audio input tokens reported in prompt_tokens_details.audio_tokens	independent source family unless a source-defined relationship is stated in OPERATOR-MODEL.md	raw counter -> incremental -> tokens/s; counted/measured object: Audio input tokens reported in prompt_tokens_details.audio_tokens	identity=<global>; remaining=api_key_alias,api_provider,end_user,hashed_api_key,model,model_id,requested_model,team,team_alias,user,user_email retained as source metadata or intentionally aggregated by this chart; label availability follows exporter configuration; no optional label is used as instance identity unless the chart route requires it	LiteLLM Prometheus callback; prometheus_metrics_config may select families/labels	source-derived synthetic shape/routing proof; does not prove live enablement, values, cadence, or cardinality	chart	LiteLLM/Usage and Cost / Audio and Reasoning Token Throughput [specialized_token_throughput; tokens/s; incremental]	BerriAI/litellm @ 23de7a15d9d40006ee596e617475ba101d60c5e9; litellm/integrations/prometheus*.py and update callsites audited in OPERATOR-MODEL.md
"litellm_input_audio_tokens_metric_total{api_provider=~"".+"",model=~"".+""}"	litellm_input_audio_tokens_metric_total	litellm_input_audio_tokens_metric_total	counter	api_key_alias,api_provider,end_user,hashed_api_key,model,model_id,requested_model,team,team_alias,user,user_email	LiteLLM/Usage and Cost/By Provider and Model	api_provider,model	workload/outcome	Audio input tokens reported in prompt_tokens_details.audio_tokens	independent source family unless a source-defined relationship is stated in OPERATOR-MODEL.md	raw counter -> incremental -> tokens/s; counted/measured object: Audio input tokens reported in prompt_tokens_details.audio_tokens	identity=api_provider,model; routing=api_provider,model; complementary blank/nonblank routes mark those labels optional; remaining=api_key_alias,end_user,hashed_api_key,model_id,requested_model,team,team_alias,user,user_email retained as source metadata or intentionally aggregated by this chart; label availability follows exporter configuration; no optional label is used as instance identity unless the chart route requires it	LiteLLM Prometheus callback; prometheus_metrics_config may select families/labels	source-derived synthetic shape/routing proof; does not prove live enablement, values, cadence, or cardinality	chart	LiteLLM/Usage and Cost/By Provider and Model / Audio and Reasoning Token Throughput by Provider and Model [specialized_token_throughput_by_provider_model; tokens/s; incremental]	BerriAI/litellm @ 23de7a15d9d40006ee596e617475ba101d60c5e9; litellm/integrations/prometheus*.py and update callsites audited in OPERATOR-MODEL.md
litellm_input_cache_creation_tokens_metric_created	litellm_input_cache_creation_tokens_metric_created	litellm_input_cache_creation_tokens_metric_created	gauge	api_key_alias,api_provider,end_user,hashed_api_key,model,model_id,requested_model,team,team_alias,user,user_email	<excluded>	<none>	workload/outcome	Provider-side input tokens written to prompt cache (e.g. Anthropic cache_creation_input_tokens)	generated registration-timestamp companion; excluded from operational charts	raw gauge; no rendered unit because job-excluded	source labels=api_key_alias,api_provider,end_user,hashed_api_key,model,model_id,requested_model,team,team_alias,user,user_email; no chart identity/dimension role	LiteLLM Prometheus callback; prometheus_metrics_config may select families/labels	source-derived synthetic shape/routing proof; exclusion reason is runtime-validated	job-excluded	recommended job exclusion; lost question documented in OPERATOR-MODEL.md	BerriAI/litellm @ 23de7a15d9d40006ee596e617475ba101d60c5e9; litellm/integrations/prometheus*.py and update callsites audited in OPERATOR-MODEL.md
litellm_input_cache_creation_tokens_metric_total	litellm_input_cache_creation_tokens_metric_total	litellm_input_cache_creation_tokens_metric_total	counter	api_key_alias,api_provider,end_user,hashed_api_key,model,model_id,requested_model,team,team_alias,user,user_email	LiteLLM/Caching	<global>	workload/outcome	Provider-side input tokens written to prompt cache (e.g. Anthropic cache_creation_input_tokens)	independent source family unless a source-defined relationship is stated in OPERATOR-MODEL.md	raw counter -> incremental -> tokens/s; counted/measured object: Provider-side input tokens written to prompt cache (e.g. Anthropic cache_creation_input_tokens)	identity=<global>; remaining=api_key_alias,api_provider,end_user,hashed_api_key,model,model_id,requested_model,team,team_alias,user,user_email retained as source metadata or intentionally aggregated by this chart; label availability follows exporter configuration; no optional label is used as instance identity unless the chart route requires it	LiteLLM Prometheus callback; prometheus_metrics_config may select families/labels	source-derived synthetic shape/routing proof; does not prove live enablement, values, cadence, or cardinality	chart	LiteLLM/Caching / Request Input-Cache Token Throughput [request_input_cache_token_throughput; tokens/s; incremental]	BerriAI/litellm @ 23de7a15d9d40006ee596e617475ba101d60c5e9; litellm/integrations/prometheus*.py and update callsites audited in OPERATOR-MODEL.md
"litellm_input_cache_creation_tokens_metric_total{api_provider=~"".+"",model=~"".+""}"	litellm_input_cache_creation_tokens_metric_total	litellm_input_cache_creation_tokens_metric_total	counter	api_key_alias,api_provider,end_user,hashed_api_key,model,model_id,requested_model,team,team_alias,user,user_email	LiteLLM/Caching/By Provider and Model	api_provider,model	workload/outcome	Provider-side input tokens written to prompt cache (e.g. Anthropic cache_creation_input_tokens)	independent source family unless a source-defined relationship is stated in OPERATOR-MODEL.md	raw counter -> incremental -> tokens/s; counted/measured object: Provider-side input tokens written to prompt cache (e.g. Anthropic cache_creation_input_tokens)	identity=api_provider,model; routing=api_provider,model; complementary blank/nonblank routes mark those labels optional; remaining=api_key_alias,end_user,hashed_api_key,model_id,requested_model,team,team_alias,user,user_email retained as source metadata or intentionally aggregated by this chart; label availability follows exporter configuration; no optional label is used as instance identity unless the chart route requires it	LiteLLM Prometheus callback; prometheus_metrics_config may select families/labels	source-derived synthetic shape/routing proof; does not prove live enablement, values, cadence, or cardinality	chart	LiteLLM/Caching/By Provider and Model / Request Input-Cache Token Throughput by Provider and Model [request_input_cache_token_throughput_by_provider_model; tokens/s; incremental]	BerriAI/litellm @ 23de7a15d9d40006ee596e617475ba101d60c5e9; litellm/integrations/prometheus*.py and update callsites audited in OPERATOR-MODEL.md
litellm_input_cached_tokens_metric_created	litellm_input_cached_tokens_metric_created	litellm_input_cached_tokens_metric_created	gauge	api_key_alias,api_provider,end_user,hashed_api_key,model,model_id,requested_model,team,team_alias,user,user_email	<excluded>	<none>	workload/outcome	Provider-side cached input tokens (e.g. OpenAI prompt_tokens_details.cached_tokens, Anthropic cache_read_input_tokens)	generated registration-timestamp companion; excluded from operational charts	raw gauge; no rendered unit because job-excluded	source labels=api_key_alias,api_provider,end_user,hashed_api_key,model,model_id,requested_model,team,team_alias,user,user_email; no chart identity/dimension role	LiteLLM Prometheus callback; prometheus_metrics_config may select families/labels	source-derived synthetic shape/routing proof; exclusion reason is runtime-validated	job-excluded	recommended job exclusion; lost question documented in OPERATOR-MODEL.md	BerriAI/litellm @ 23de7a15d9d40006ee596e617475ba101d60c5e9; litellm/integrations/prometheus*.py and update callsites audited in OPERATOR-MODEL.md
litellm_input_cached_tokens_metric_total	litellm_input_cached_tokens_metric_total	litellm_input_cached_tokens_metric_total	counter	api_key_alias,api_provider,end_user,hashed_api_key,model,model_id,requested_model,team,team_alias,user,user_email	LiteLLM/Caching	<global>	workload/outcome	Provider-side cached input tokens (e.g. OpenAI prompt_tokens_details.cached_tokens, Anthropic cache_read_input_tokens)	independent source family unless a source-defined relationship is stated in OPERATOR-MODEL.md	raw counter -> incremental -> tokens/s; counted/measured object: Provider-side cached input tokens (e.g. OpenAI prompt_tokens_details.cached_tokens, Anthropic cache_read_input_tokens)	identity=<global>; remaining=api_key_alias,api_provider,end_user,hashed_api_key,model,model_id,requested_model,team,team_alias,user,user_email retained as source metadata or intentionally aggregated by this chart; label availability follows exporter configuration; no optional label is used as instance identity unless the chart route requires it	LiteLLM Prometheus callback; prometheus_metrics_config may select families/labels	source-derived synthetic shape/routing proof; does not prove live enablement, values, cadence, or cardinality	chart	LiteLLM/Caching / Request Input-Cache Token Throughput [request_input_cache_token_throughput; tokens/s; incremental]	BerriAI/litellm @ 23de7a15d9d40006ee596e617475ba101d60c5e9; litellm/integrations/prometheus*.py and update callsites audited in OPERATOR-MODEL.md
"litellm_input_cached_tokens_metric_total{api_provider=~"".+"",model=~"".+""}"	litellm_input_cached_tokens_metric_total	litellm_input_cached_tokens_metric_total	counter	api_key_alias,api_provider,end_user,hashed_api_key,model,model_id,requested_model,team,team_alias,user,user_email	LiteLLM/Caching/By Provider and Model	api_provider,model	workload/outcome	Provider-side cached input tokens (e.g. OpenAI prompt_tokens_details.cached_tokens, Anthropic cache_read_input_tokens)	independent source family unless a source-defined relationship is stated in OPERATOR-MODEL.md	raw counter -> incremental -> tokens/s; counted/measured object: Provider-side cached input tokens (e.g. OpenAI prompt_tokens_details.cached_tokens, Anthropic cache_read_input_tokens)	identity=api_provider,model; routing=api_provider,model; complementary blank/nonblank routes mark those labels optional; remaining=api_key_alias,end_user,hashed_api_key,model_id,requested_model,team,team_alias,user,user_email retained as source metadata or intentionally aggregated by this chart; label availability follows exporter configuration; no optional label is used as instance identity unless the chart route requires it	LiteLLM Prometheus callback; prometheus_metrics_config may select families/labels	source-derived synthetic shape/routing proof; does not prove live enablement, values, cadence, or cardinality	chart	LiteLLM/Caching/By Provider and Model / Request Input-Cache Token Throughput by Provider and Model [request_input_cache_token_throughput_by_provider_model; tokens/s; incremental]	BerriAI/litellm @ 23de7a15d9d40006ee596e617475ba101d60c5e9; litellm/integrations/prometheus*.py and update callsites audited in OPERATOR-MODEL.md
litellm_input_tokens_metric_created	litellm_input_tokens_metric_created	litellm_input_tokens_metric_created	gauge	api_key_alias,api_provider,end_user,hashed_api_key,model,model_id,org_alias,org_id,requested_model,team,team_alias,user,user_email	<excluded>	<none>	workload/outcome	Total number of input tokens from LLM requests	generated registration-timestamp companion; excluded from operational charts	raw gauge; no rendered unit because job-excluded	source labels=api_key_alias,api_provider,end_user,hashed_api_key,model,model_id,org_alias,org_id,requested_model,team,team_alias,user,user_email; no chart identity/dimension role	LiteLLM Prometheus callback; prometheus_metrics_config may select families/labels	source-derived synthetic shape/routing proof; exclusion reason is runtime-validated	job-excluded	recommended job exclusion; lost question documented in OPERATOR-MODEL.md	BerriAI/litellm @ 23de7a15d9d40006ee596e617475ba101d60c5e9; litellm/integrations/prometheus*.py and update callsites audited in OPERATOR-MODEL.md
litellm_input_tokens_metric_total	litellm_input_tokens_metric_total	litellm_input_tokens_metric_total	counter	api_key_alias,api_provider,end_user,hashed_api_key,model,model_id,org_alias,org_id,requested_model,team,team_alias,user,user_email	LiteLLM/Usage and Cost	<global>	workload/outcome	Total number of input tokens from LLM requests	independent source family unless a source-defined relationship is stated in OPERATOR-MODEL.md	raw counter -> incremental -> tokens/s; counted/measured object: Total number of input tokens from LLM requests	identity=<global>; remaining=api_key_alias,api_provider,end_user,hashed_api_key,model,model_id,org_alias,org_id,requested_model,team,team_alias,user,user_email retained as source metadata or intentionally aggregated by this chart; label availability follows exporter configuration; no optional label is used as instance identity unless the chart route requires it	LiteLLM Prometheus callback; prometheus_metrics_config may select families/labels	source-derived synthetic shape/routing proof; does not prove live enablement, values, cadence, or cardinality	chart	LiteLLM/Usage and Cost / Request Token Throughput [request_token_throughput; tokens/s; incremental]	BerriAI/litellm @ 23de7a15d9d40006ee596e617475ba101d60c5e9; litellm/integrations/prometheus*.py and update callsites audited in OPERATOR-MODEL.md
"litellm_input_tokens_metric_total{api_provider=~"".+"",model=~"".+""}"	litellm_input_tokens_metric_total	litellm_input_tokens_metric_total	counter	api_key_alias,api_provider,end_user,hashed_api_key,model,model_id,org_alias,org_id,requested_model,team,team_alias,user,user_email	LiteLLM/Usage and Cost/By Provider and Model	api_provider,model	workload/outcome	Total number of input tokens from LLM requests	independent source family unless a source-defined relationship is stated in OPERATOR-MODEL.md	raw counter -> incremental -> tokens/s; counted/measured object: Total number of input tokens from LLM requests	identity=api_provider,model; routing=api_provider,model; complementary blank/nonblank routes mark those labels optional; remaining=api_key_alias,end_user,hashed_api_key,model_id,org_alias,org_id,requested_model,team,team_alias,user,user_email retained as source metadata or intentionally aggregated by this chart; label availability follows exporter configuration; no optional label is used as instance identity unless the chart route requires it	LiteLLM Prometheus callback; prometheus_metrics_config may select families/labels	source-derived synthetic shape/routing proof; does not prove live enablement, values, cadence, or cardinality	chart	LiteLLM/Usage and Cost/By Provider and Model / Request Token Throughput by Provider and Model [request_token_throughput_by_provider_model; tokens/s; incremental]	BerriAI/litellm @ 23de7a15d9d40006ee596e617475ba101d60c5e9; litellm/integrations/prometheus*.py and update callsites audited in OPERATOR-MODEL.md
"litellm_input_tokens_metric_total{hashed_api_key=~"".+""}"	litellm_input_tokens_metric_total	litellm_input_tokens_metric_total	counter	api_key_alias,api_provider,end_user,hashed_api_key,model,model_id,org_alias,org_id,requested_model,team,team_alias,user,user_email	LiteLLM/Usage and Cost/By API Key	hashed_api_key	workload/outcome	Total number of input tokens from LLM requests	independent source family unless a source-defined relationship is stated in OPERATOR-MODEL.md	raw counter -> incremental -> tokens/s; counted/measured object: Total number of input tokens from LLM requests	identity=hashed_api_key; routing=hashed_api_key; complementary blank/nonblank routes mark those labels optional; remaining=api_key_alias,api_provider,end_user,model,model_id,org_alias,org_id,requested_model,team,team_alias,user,user_email retained as source metadata or intentionally aggregated by this chart; label availability follows exporter configuration; no optional label is used as instance identity unless the chart route requires it	LiteLLM Prometheus callback; prometheus_metrics_config may select families/labels	source-derived synthetic shape/routing proof; does not prove live enablement, values, cadence, or cardinality	chart	LiteLLM/Usage and Cost/By API Key / Request Token Throughput by API Key [request_token_throughput_by_api_key; tokens/s; incremental]	BerriAI/litellm @ 23de7a15d9d40006ee596e617475ba101d60c5e9; litellm/integrations/prometheus*.py and update callsites audited in OPERATOR-MODEL.md
"litellm_input_tokens_metric_total{team=~"".+""}"	litellm_input_tokens_metric_total	litellm_input_tokens_metric_total	counter	api_key_alias,api_provider,end_user,hashed_api_key,model,model_id,org_alias,org_id,requested_model,team,team_alias,user,user_email	LiteLLM/Usage and Cost/By Team	team	workload/outcome	Total number of input tokens from LLM requests	independent source family unless a source-defined relationship is stated in OPERATOR-MODEL.md	raw counter -> incremental -> tokens/s; counted/measured object: Total number of input tokens from LLM requests	identity=team; routing=team; complementary blank/nonblank routes mark those labels optional; remaining=api_key_alias,api_provider,end_user,hashed_api_key,model,model_id,org_alias,org_id,requested_model,team_alias,user,user_email retained as source metadata or intentionally aggregated by this chart; label availability follows exporter configuration; no optional label is used as instance identity unless the chart route requires it	LiteLLM Prometheus callback; prometheus_metrics_config may select families/labels	source-derived synthetic shape/routing proof; does not prove live enablement, values, cadence, or cardinality	chart	LiteLLM/Usage and Cost/By Team / Request Token Throughput by Team [request_token_throughput_by_team; tokens/s; incremental]	BerriAI/litellm @ 23de7a15d9d40006ee596e617475ba101d60c5e9; litellm/integrations/prometheus*.py and update callsites audited in OPERATOR-MODEL.md
"litellm_input_tokens_metric_total{user=~"".+""}"	litellm_input_tokens_metric_total	litellm_input_tokens_metric_total	counter	api_key_alias,api_provider,end_user,hashed_api_key,model,model_id,org_alias,org_id,requested_model,team,team_alias,user,user_email	LiteLLM/Usage and Cost/By User	user	workload/outcome	Total number of input tokens from LLM requests	independent source family unless a source-defined relationship is stated in OPERATOR-MODEL.md	raw counter -> incremental -> tokens/s; counted/measured object: Total number of input tokens from LLM requests	identity=user; routing=user; complementary blank/nonblank routes mark those labels optional; remaining=api_key_alias,api_provider,end_user,hashed_api_key,model,model_id,org_alias,org_id,requested_model,team,team_alias,user_email retained as source metadata or intentionally aggregated by this chart; label availability follows exporter configuration; no optional label is used as instance identity unless the chart route requires it	LiteLLM Prometheus callback; prometheus_metrics_config may select families/labels	source-derived synthetic shape/routing proof; does not prove live enablement, values, cadence, or cardinality	chart	LiteLLM/Usage and Cost/By User / Request Token Throughput by User [request_token_throughput_by_user; tokens/s; incremental]	BerriAI/litellm @ 23de7a15d9d40006ee596e617475ba101d60c5e9; litellm/integrations/prometheus*.py and update callsites audited in OPERATOR-MODEL.md
"litellm_input_tokens_metric_total{org_id=~"".+""}"	litellm_input_tokens_metric_total	litellm_input_tokens_metric_total	counter	api_key_alias,api_provider,end_user,hashed_api_key,model,model_id,org_alias,org_id,requested_model,team,team_alias,user,user_email	LiteLLM/Usage and Cost/By Organization	org_id	workload/outcome	Total number of input tokens from LLM requests	independent source family unless a source-defined relationship is stated in OPERATOR-MODEL.md	raw counter -> incremental -> tokens/s; counted/measured object: Total number of input tokens from LLM requests	identity=org_id; routing=org_id; complementary blank/nonblank routes mark those labels optional; remaining=api_key_alias,api_provider,end_user,hashed_api_key,model,model_id,org_alias,requested_model,team,team_alias,user,user_email retained as source metadata or intentionally aggregated by this chart; label availability follows exporter configuration; no optional label is used as instance identity unless the chart route requires it	LiteLLM Prometheus callback; prometheus_metrics_config may select families/labels	source-derived synthetic shape/routing proof; does not prove live enablement, values, cadence, or cardinality	chart	LiteLLM/Usage and Cost/By Organization / Request Token Throughput by Organization [request_token_throughput_by_organization; tokens/s; incremental]	BerriAI/litellm @ 23de7a15d9d40006ee596e617475ba101d60c5e9; litellm/integrations/prometheus*.py and update callsites audited in OPERATOR-MODEL.md
"litellm_input_tokens_metric_total{end_user=~"".+""}"	litellm_input_tokens_metric_total	litellm_input_tokens_metric_total	counter	api_key_alias,api_provider,end_user,hashed_api_key,model,model_id,org_alias,org_id,requested_model,team,team_alias,user,user_email	LiteLLM/Usage and Cost/By End User	end_user	workload/outcome	Total number of input tokens from LLM requests	independent source family unless a source-defined relationship is stated in OPERATOR-MODEL.md	raw counter -> incremental -> tokens/s; counted/measured object: Total number of input tokens from LLM requests	identity=end_user; routing=end_user; complementary blank/nonblank routes mark those labels optional; remaining=api_key_alias,api_provider,hashed_api_key,model,model_id,org_alias,org_id,requested_model,team,team_alias,user,user_email retained as source metadata or intentionally aggregated by this chart; label availability follows exporter configuration; no optional label is used as instance identity unless the chart route requires it	LiteLLM Prometheus callback; prometheus_metrics_config may select families/labels	source-derived synthetic shape/routing proof; does not prove live enablement, values, cadence, or cardinality	chart	LiteLLM/Usage and Cost/By End User / Request Token Throughput by End User [request_token_throughput_by_end_user; tokens/s; incremental]	BerriAI/litellm @ 23de7a15d9d40006ee596e617475ba101d60c5e9; litellm/integrations/prometheus*.py and update callsites audited in OPERATOR-MODEL.md
"litellm_input_tokens_metric_total{requested_model=~"".+""}"	litellm_input_tokens_metric_total	litellm_input_tokens_metric_total	counter	api_key_alias,api_provider,end_user,hashed_api_key,model,model_id,org_alias,org_id,requested_model,team,team_alias,user,user_email	LiteLLM/Usage and Cost/By Requested Model	requested_model	workload/outcome	Total number of input tokens from LLM requests	independent source family unless a source-defined relationship is stated in OPERATOR-MODEL.md	raw counter -> incremental -> tokens/s; counted/measured object: Total number of input tokens from LLM requests	identity=requested_model; routing=requested_model; complementary blank/nonblank routes mark those labels optional; remaining=api_key_alias,api_provider,end_user,hashed_api_key,model,model_id,org_alias,org_id,team,team_alias,user,user_email retained as source metadata or intentionally aggregated by this chart; label availability follows exporter configuration; no optional label is used as instance identity unless the chart route requires it	LiteLLM Prometheus callback; prometheus_metrics_config may select families/labels	source-derived synthetic shape/routing proof; does not prove live enablement, values, cadence, or cardinality	chart	LiteLLM/Usage and Cost/By Requested Model / Request Token Throughput by Requested Model [request_token_throughput_by_requested_model; tokens/s; incremental]	BerriAI/litellm @ 23de7a15d9d40006ee596e617475ba101d60c5e9; litellm/integrations/prometheus*.py and update callsites audited in OPERATOR-MODEL.md
litellm_llm_api_failed_requests_metric_created	litellm_llm_api_failed_requests_metric_created	litellm_llm_api_failed_requests_metric_created	gauge	api_key_alias,end_user,hashed_api_key,model,model_id,team,team_alias,user	<excluded>	<none>	error/outcome	deprecated - use litellm_proxy_failed_requests_metric	generated registration-timestamp companion; excluded from operational charts	raw gauge; no rendered unit because job-excluded	source labels=api_key_alias,end_user,hashed_api_key,model,model_id,team,team_alias,user; no chart identity/dimension role	LiteLLM Prometheus callback; prometheus_metrics_config may select families/labels	source-derived synthetic shape/routing proof; exclusion reason is runtime-validated	job-excluded	recommended job exclusion; lost question documented in OPERATOR-MODEL.md	BerriAI/litellm @ 23de7a15d9d40006ee596e617475ba101d60c5e9; litellm/integrations/prometheus*.py and update callsites audited in OPERATOR-MODEL.md
litellm_llm_api_failed_requests_metric_total	litellm_llm_api_failed_requests_metric_total	litellm_llm_api_failed_requests_metric_total	counter	api_key_alias,end_user,hashed_api_key,model,model_id,team,team_alias,user	<excluded>	<none>	error/outcome	deprecated - use litellm_proxy_failed_requests_metric	deprecated compatibility alias excluded by the recommended job	raw counter; no rendered unit because job-excluded	source labels=api_key_alias,end_user,hashed_api_key,model,model_id,team,team_alias,user; no chart identity/dimension role	LiteLLM Prometheus callback; prometheus_metrics_config may select families/labels	source-derived synthetic shape/routing proof; exclusion reason is runtime-validated	job-excluded	recommended job exclusion; lost question documented in OPERATOR-MODEL.md	BerriAI/litellm @ 23de7a15d9d40006ee596e617475ba101d60c5e9; litellm/integrations/prometheus*.py and update callsites audited in OPERATOR-MODEL.md
litellm_llm_api_latency_metric_bucket	litellm_llm_api_latency_metric_bucket	litellm_llm_api_latency_metric	histogram	api_key_alias,api_provider,end_user,hashed_api_key,le,model,model_id,org_alias,org_id,requested_model,service_tier,team,team_alias,user	LiteLLM/Provider API	<global>	latency	Total latency (seconds) for a models LLM API call	histogram bucket component; same observation population as the family bucket/quantile, count, and sum components	raw histogram -> incremental -> observations/s; counted/measured object: Total latency (seconds) for a models LLM API call	identity=<global>; remaining=api_key_alias,api_provider,end_user,hashed_api_key,le,model,model_id,org_alias,org_id,requested_model,service_tier,team,team_alias,user retained as source metadata or intentionally aggregated by this chart; label availability follows exporter configuration; no optional label is used as instance identity unless the chart route requires it	LiteLLM Prometheus callback; prometheus_metrics_config may select families/labels	source-derived synthetic shape/routing proof; does not prove live enablement, values, cadence, or cardinality	chart	LiteLLM/Provider API / Provider API Latency Distribution [provider_api_latency_distribution; observations/s; incremental]	BerriAI/litellm @ 23de7a15d9d40006ee596e617475ba101d60c5e9; litellm/integrations/prometheus*.py and update callsites audited in OPERATOR-MODEL.md
litellm_llm_api_latency_metric_count	litellm_llm_api_latency_metric_count	litellm_llm_api_latency_metric	histogram	api_key_alias,api_provider,end_user,hashed_api_key,le,model,model_id,org_alias,org_id,requested_model,service_tier,team,team_alias,user	LiteLLM/Provider API	<global>	latency	Total latency (seconds) for a models LLM API call	histogram count component; same observation population as the family bucket/quantile, count, and sum components	raw histogram -> incremental -> requests/s; counted/measured object: Total latency (seconds) for a models LLM API call	identity=<global>; remaining=api_key_alias,api_provider,end_user,hashed_api_key,le,model,model_id,org_alias,org_id,requested_model,service_tier,team,team_alias,user retained as source metadata or intentionally aggregated by this chart; label availability follows exporter configuration; no optional label is used as instance identity unless the chart route requires it	LiteLLM Prometheus callback; prometheus_metrics_config may select families/labels	source-derived synthetic shape/routing proof; does not prove live enablement, values, cadence, or cardinality	chart	LiteLLM/Provider API / Provider Latency Measurements [provider_latency_measurements; requests/s; incremental]	BerriAI/litellm @ 23de7a15d9d40006ee596e617475ba101d60c5e9; litellm/integrations/prometheus*.py and update callsites audited in OPERATOR-MODEL.md
"litellm_llm_api_latency_metric_count{service_tier=~""^([^N[:space:]][^[:space:]]*|N|N[^o[:space:]][^[:space:]]*|No|No[^n[:space:]][^[:space:]]*|Non|Non[^e[:space:]][^[:space:]]*|None[^[:space:]]+)$""}"	litellm_llm_api_latency_metric_count	litellm_llm_api_latency_metric	histogram	api_key_alias,api_provider,end_user,hashed_api_key,le,model,model_id,org_alias,org_id,requested_model,service_tier,team,team_alias,user	LiteLLM/Provider API/By Service Tier	<global>	latency	Total latency (seconds) for a models LLM API call	histogram count component; same observation population as the family bucket/quantile, count, and sum components	raw histogram -> incremental -> requests/s; counted/measured object: Total latency (seconds) for a models LLM API call	identity=<global>; dimension=service_tier; routing=service_tier; complementary blank/nonblank routes mark those labels optional; remaining=api_key_alias,api_provider,end_user,hashed_api_key,le,model,model_id,org_alias,org_id,requested_model,team,team_alias,user retained as source metadata or intentionally aggregated by this chart; label availability follows exporter configuration; no optional label is used as instance identity unless the chart route requires it	LiteLLM Prometheus callback; prometheus_metrics_config may select families/labels	source-derived synthetic shape/routing proof; does not prove live enablement, values, cadence, or cardinality	chart	LiteLLM/Provider API/By Service Tier / Provider API Latency Measurements by Service Tier [provider_api_latency_measurements_by_service_tier; requests/s; incremental]	BerriAI/litellm @ 23de7a15d9d40006ee596e617475ba101d60c5e9; litellm/integrations/prometheus*.py and update callsites audited in OPERATOR-MODEL.md
"litellm_llm_api_latency_metric_count{service_tier!~""^([^N[:space:]][^[:space:]]*|N|N[^o[:space:]][^[:space:]]*|No|No[^n[:space:]][^[:space:]]*|Non|Non[^e[:space:]][^[:space:]]*|None[^[:space:]]+)$""}"	litellm_llm_api_latency_metric_count	litellm_llm_api_latency_metric	histogram	api_key_alias,api_provider,end_user,hashed_api_key,le,model,model_id,org_alias,org_id,requested_model,service_tier,team,team_alias,user	LiteLLM/Provider API/By Service Tier	<global>	latency	Total latency (seconds) for a models LLM API call	histogram count component; same observation population as the family bucket/quantile, count, and sum components	raw histogram -> incremental -> requests/s; counted/measured object: Total latency (seconds) for a models LLM API call	identity=<global>; routing=service_tier; complementary blank/nonblank routes mark those labels optional; remaining=api_key_alias,api_provider,end_user,hashed_api_key,le,model,model_id,org_alias,org_id,requested_model,team,team_alias,user retained as source metadata or intentionally aggregated by this chart; label availability follows exporter configuration; no optional label is used as instance identity unless the chart route requires it	LiteLLM Prometheus callback; prometheus_metrics_config may select families/labels	source-derived synthetic shape/routing proof; does not prove live enablement, values, cadence, or cardinality	chart	LiteLLM/Provider API/By Service Tier / Provider API Latency Measurements by Service Tier [provider_api_latency_measurements_by_service_tier; requests/s; incremental]	BerriAI/litellm @ 23de7a15d9d40006ee596e617475ba101d60c5e9; litellm/integrations/prometheus*.py and update callsites audited in OPERATOR-MODEL.md
litellm_llm_api_latency_metric_sum	litellm_llm_api_latency_metric_sum	litellm_llm_api_latency_metric	histogram	api_key_alias,api_provider,end_user,hashed_api_key,le,model,model_id,org_alias,org_id,requested_model,service_tier,team,team_alias,user	LiteLLM/Provider API	<global>	latency	Total latency (seconds) for a models LLM API call	histogram sum component; same observation population as the family bucket/quantile, count, and sum components	raw histogram -> incremental -> seconds/s; counted/measured object: Total latency (seconds) for a models LLM API call	identity=<global>; remaining=api_key_alias,api_provider,end_user,hashed_api_key,le,model,model_id,org_alias,org_id,requested_model,service_tier,team,team_alias,user retained as source metadata or intentionally aggregated by this chart; label availability follows exporter configuration; no optional label is used as instance identity unless the chart route requires it	LiteLLM Prometheus callback; prometheus_metrics_config may select families/labels	source-derived synthetic shape/routing proof; does not prove live enablement, values, cadence, or cardinality	chart	LiteLLM/Provider API / Accumulated Provider Latency [accumulated_provider_latency; seconds/s; incremental]	BerriAI/litellm @ 23de7a15d9d40006ee596e617475ba101d60c5e9; litellm/integrations/prometheus*.py and update callsites audited in OPERATOR-MODEL.md
"litellm_llm_api_latency_metric_sum{service_tier=~""^([^N[:space:]][^[:space:]]*|N|N[^o[:space:]][^[:space:]]*|No|No[^n[:space:]][^[:space:]]*|Non|Non[^e[:space:]][^[:space:]]*|None[^[:space:]]+)$""}"	litellm_llm_api_latency_metric_sum	litellm_llm_api_latency_metric	histogram	api_key_alias,api_provider,end_user,hashed_api_key,le,model,model_id,org_alias,org_id,requested_model,service_tier,team,team_alias,user	LiteLLM/Provider API/By Service Tier	<global>	latency	Total latency (seconds) for a models LLM API call	histogram sum component; same observation population as the family bucket/quantile, count, and sum components	raw histogram -> incremental -> seconds/s; counted/measured object: Total latency (seconds) for a models LLM API call	identity=<global>; dimension=service_tier; routing=service_tier; complementary blank/nonblank routes mark those labels optional; remaining=api_key_alias,api_provider,end_user,hashed_api_key,le,model,model_id,org_alias,org_id,requested_model,team,team_alias,user retained as source metadata or intentionally aggregated by this chart; label availability follows exporter configuration; no optional label is used as instance identity unless the chart route requires it	LiteLLM Prometheus callback; prometheus_metrics_config may select families/labels	source-derived synthetic shape/routing proof; does not prove live enablement, values, cadence, or cardinality	chart	LiteLLM/Provider API/By Service Tier / Accumulated Provider API Latency by Service Tier [accumulated_provider_api_latency_by_service_tier; seconds/s; incremental]	BerriAI/litellm @ 23de7a15d9d40006ee596e617475ba101d60c5e9; litellm/integrations/prometheus*.py and update callsites audited in OPERATOR-MODEL.md
"litellm_llm_api_latency_metric_sum{service_tier!~""^([^N[:space:]][^[:space:]]*|N|N[^o[:space:]][^[:space:]]*|No|No[^n[:space:]][^[:space:]]*|Non|Non[^e[:space:]][^[:space:]]*|None[^[:space:]]+)$""}"	litellm_llm_api_latency_metric_sum	litellm_llm_api_latency_metric	histogram	api_key_alias,api_provider,end_user,hashed_api_key,le,model,model_id,org_alias,org_id,requested_model,service_tier,team,team_alias,user	LiteLLM/Provider API/By Service Tier	<global>	latency	Total latency (seconds) for a models LLM API call	histogram sum component; same observation population as the family bucket/quantile, count, and sum components	raw histogram -> incremental -> seconds/s; counted/measured object: Total latency (seconds) for a models LLM API call	identity=<global>; routing=service_tier; complementary blank/nonblank routes mark those labels optional; remaining=api_key_alias,api_provider,end_user,hashed_api_key,le,model,model_id,org_alias,org_id,requested_model,team,team_alias,user retained as source metadata or intentionally aggregated by this chart; label availability follows exporter configuration; no optional label is used as instance identity unless the chart route requires it	LiteLLM Prometheus callback; prometheus_metrics_config may select families/labels	source-derived synthetic shape/routing proof; does not prove live enablement, values, cadence, or cardinality	chart	LiteLLM/Provider API/By Service Tier / Accumulated Provider API Latency by Service Tier [accumulated_provider_api_latency_by_service_tier; seconds/s; incremental]	BerriAI/litellm @ 23de7a15d9d40006ee596e617475ba101d60c5e9; litellm/integrations/prometheus*.py and update callsites audited in OPERATOR-MODEL.md
"litellm_llm_api_latency_metric_bucket{api_provider=~"".+"",model=~"".+""}"	litellm_llm_api_latency_metric_bucket	litellm_llm_api_latency_metric	histogram	api_key_alias,api_provider,end_user,hashed_api_key,le,model,model_id,org_alias,org_id,requested_model,service_tier,team,team_alias,user	LiteLLM/Provider API/By Provider and Model	api_provider,model	latency	Total latency (seconds) for a models LLM API call	histogram bucket component; same observation population as the family bucket/quantile, count, and sum components	raw histogram -> incremental -> observations/s; counted/measured object: Total latency (seconds) for a models LLM API call	identity=api_provider,model; routing=api_provider,model; complementary blank/nonblank routes mark those labels optional; remaining=api_key_alias,end_user,hashed_api_key,le,model_id,org_alias,org_id,requested_model,service_tier,team,team_alias,user retained as source metadata or intentionally aggregated by this chart; label availability follows exporter configuration; no optional label is used as instance identity unless the chart route requires it	LiteLLM Prometheus callback; prometheus_metrics_config may select families/labels	source-derived synthetic shape/routing proof; does not prove live enablement, values, cadence, or cardinality	chart	LiteLLM/Provider API/By Provider and Model / Provider API Latency Distribution by Provider and Model [provider_api_latency_distribution_by_provider_model; observations/s; incremental]	BerriAI/litellm @ 23de7a15d9d40006ee596e617475ba101d60c5e9; litellm/integrations/prometheus*.py and update callsites audited in OPERATOR-MODEL.md
"litellm_llm_api_latency_metric_count{api_provider=~"".+"",model=~"".+""}"	litellm_llm_api_latency_metric_count	litellm_llm_api_latency_metric	histogram	api_key_alias,api_provider,end_user,hashed_api_key,le,model,model_id,org_alias,org_id,requested_model,service_tier,team,team_alias,user	LiteLLM/Provider API/By Provider and Model	api_provider,model	latency	Total latency (seconds) for a models LLM API call	histogram count component; same observation population as the family bucket/quantile, count, and sum components	raw histogram -> incremental -> requests/s; counted/measured object: Total latency (seconds) for a models LLM API call	identity=api_provider,model; routing=api_provider,model; complementary blank/nonblank routes mark those labels optional; remaining=api_key_alias,end_user,hashed_api_key,le,model_id,org_alias,org_id,requested_model,service_tier,team,team_alias,user retained as source metadata or intentionally aggregated by this chart; label availability follows exporter configuration; no optional label is used as instance identity unless the chart route requires it	LiteLLM Prometheus callback; prometheus_metrics_config may select families/labels	source-derived synthetic shape/routing proof; does not prove live enablement, values, cadence, or cardinality	chart	LiteLLM/Provider API/By Provider and Model / Latency Measurements by Provider and Model [provider_latency_measurements_by_provider_model; requests/s; incremental]	BerriAI/litellm @ 23de7a15d9d40006ee596e617475ba101d60c5e9; litellm/integrations/prometheus*.py and update callsites audited in OPERATOR-MODEL.md
"litellm_llm_api_latency_metric_sum{api_provider=~"".+"",model=~"".+""}"	litellm_llm_api_latency_metric_sum	litellm_llm_api_latency_metric	histogram	api_key_alias,api_provider,end_user,hashed_api_key,le,model,model_id,org_alias,org_id,requested_model,service_tier,team,team_alias,user	LiteLLM/Provider API/By Provider and Model	api_provider,model	latency	Total latency (seconds) for a models LLM API call	histogram sum component; same observation population as the family bucket/quantile, count, and sum components	raw histogram -> incremental -> seconds/s; counted/measured object: Total latency (seconds) for a models LLM API call	identity=api_provider,model; routing=api_provider,model; complementary blank/nonblank routes mark those labels optional; remaining=api_key_alias,end_user,hashed_api_key,le,model_id,org_alias,org_id,requested_model,service_tier,team,team_alias,user retained as source metadata or intentionally aggregated by this chart; label availability follows exporter configuration; no optional label is used as instance identity unless the chart route requires it	LiteLLM Prometheus callback; prometheus_metrics_config may select families/labels	source-derived synthetic shape/routing proof; does not prove live enablement, values, cadence, or cardinality	chart	LiteLLM/Provider API/By Provider and Model / Accumulated Latency by Provider and Model [accumulated_provider_latency_by_provider_model; seconds/s; incremental]	BerriAI/litellm @ 23de7a15d9d40006ee596e617475ba101d60c5e9; litellm/integrations/prometheus*.py and update callsites audited in OPERATOR-MODEL.md
litellm_llm_api_latency_metric_created	litellm_llm_api_latency_metric_created	litellm_llm_api_latency_metric_created	gauge	api_key_alias,api_provider,end_user,hashed_api_key,model,model_id,org_alias,org_id,requested_model,service_tier,team,team_alias,user	<excluded>	<none>	latency	Total latency (seconds) for a models LLM API call	generated registration-timestamp companion; excluded from operational charts	raw gauge; no rendered unit because job-excluded	source labels=api_key_alias,api_provider,end_user,hashed_api_key,model,model_id,org_alias,org_id,requested_model,service_tier,team,team_alias,user; no chart identity/dimension role	LiteLLM Prometheus callback; prometheus_metrics_config may select families/labels	source-derived synthetic shape/routing proof; exclusion reason is runtime-validated	job-excluded	recommended job exclusion; lost question documented in OPERATOR-MODEL.md	BerriAI/litellm @ 23de7a15d9d40006ee596e617475ba101d60c5e9; litellm/integrations/prometheus*.py and update callsites audited in OPERATOR-MODEL.md
litellm_llm_api_time_to_first_token_metric_bucket	litellm_llm_api_time_to_first_token_metric_bucket	litellm_llm_api_time_to_first_token_metric	histogram	api_key_alias,api_provider,end_user,hashed_api_key,le,model,model_id,org_alias,org_id,requested_model,service_tier,team,team_alias,user	LiteLLM/Provider API	<global>	domain signal	Time to first token for a models LLM API call	histogram bucket component; same observation population as the family bucket/quantile, count, and sum components	raw histogram -> incremental -> observations/s; counted/measured object: Time to first token for a models LLM API call	identity=<global>; remaining=api_key_alias,api_provider,end_user,hashed_api_key,le,model,model_id,org_alias,org_id,requested_model,service_tier,team,team_alias,user retained as source metadata or intentionally aggregated by this chart; label availability follows exporter configuration; no optional label is used as instance identity unless the chart route requires it	LiteLLM Prometheus callback; prometheus_metrics_config may select families/labels	source-derived synthetic shape/routing proof; does not prove live enablement, values, cadence, or cardinality	chart	LiteLLM/Provider API / Provider Time-to-First-Token Distribution [provider_time_to_first_token_distribution; observations/s; incremental]	BerriAI/litellm @ 23de7a15d9d40006ee596e617475ba101d60c5e9; litellm/integrations/prometheus*.py and update callsites audited in OPERATOR-MODEL.md
litellm_llm_api_time_to_first_token_metric_count	litellm_llm_api_time_to_first_token_metric_count	litellm_llm_api_time_to_first_token_metric	histogram	api_key_alias,api_provider,end_user,hashed_api_key,le,model,model_id,org_alias,org_id,requested_model,service_tier,team,team_alias,user	LiteLLM/Provider API	<global>	latency	Time to first token for a models LLM API call	histogram count component; same observation population as the family bucket/quantile, count, and sum components	raw histogram -> incremental -> requests/s; counted/measured object: Time to first token for a models LLM API call	identity=<global>; remaining=api_key_alias,api_provider,end_user,hashed_api_key,le,model,model_id,org_alias,org_id,requested_model,service_tier,team,team_alias,user retained as source metadata or intentionally aggregated by this chart; label availability follows exporter configuration; no optional label is used as instance identity unless the chart route requires it	LiteLLM Prometheus callback; prometheus_metrics_config may select families/labels	source-derived synthetic shape/routing proof; does not prove live enablement, values, cadence, or cardinality	chart	LiteLLM/Provider API / Provider Latency Measurements [provider_latency_measurements; requests/s; incremental]	BerriAI/litellm @ 23de7a15d9d40006ee596e617475ba101d60c5e9; litellm/integrations/prometheus*.py and update callsites audited in OPERATOR-MODEL.md
"litellm_llm_api_time_to_first_token_metric_count{service_tier=~""^([^N[:space:]][^[:space:]]*|N|N[^o[:space:]][^[:space:]]*|No|No[^n[:space:]][^[:space:]]*|Non|Non[^e[:space:]][^[:space:]]*|None[^[:space:]]+)$""}"	litellm_llm_api_time_to_first_token_metric_count	litellm_llm_api_time_to_first_token_metric	histogram	api_key_alias,api_provider,end_user,hashed_api_key,le,model,model_id,org_alias,org_id,requested_model,service_tier,team,team_alias,user	LiteLLM/Provider API/By Service Tier	<global>	domain signal	Time to first token for a models LLM API call	histogram count component; same observation population as the family bucket/quantile, count, and sum components	raw histogram -> incremental -> requests/s; counted/measured object: Time to first token for a models LLM API call	identity=<global>; dimension=service_tier; routing=service_tier; complementary blank/nonblank routes mark those labels optional; remaining=api_key_alias,api_provider,end_user,hashed_api_key,le,model,model_id,org_alias,org_id,requested_model,team,team_alias,user retained as source metadata or intentionally aggregated by this chart; label availability follows exporter configuration; no optional label is used as instance identity unless the chart route requires it	LiteLLM Prometheus callback; prometheus_metrics_config may select families/labels	source-derived synthetic shape/routing proof; does not prove live enablement, values, cadence, or cardinality	chart	LiteLLM/Provider API/By Service Tier / Provider Time-to-First-Token Measurements by Service Tier [provider_time_to_first_token_measurements_by_service_tier; requests/s; incremental]	BerriAI/litellm @ 23de7a15d9d40006ee596e617475ba101d60c5e9; litellm/integrations/prometheus*.py and update callsites audited in OPERATOR-MODEL.md
"litellm_llm_api_time_to_first_token_metric_count{service_tier!~""^([^N[:space:]][^[:space:]]*|N|N[^o[:space:]][^[:space:]]*|No|No[^n[:space:]][^[:space:]]*|Non|Non[^e[:space:]][^[:space:]]*|None[^[:space:]]+)$""}"	litellm_llm_api_time_to_first_token_metric_count	litellm_llm_api_time_to_first_token_metric	histogram	api_key_alias,api_provider,end_user,hashed_api_key,le,model,model_id,org_alias,org_id,requested_model,service_tier,team,team_alias,user	LiteLLM/Provider API/By Service Tier	<global>	domain signal	Time to first token for a models LLM API call	histogram count component; same observation population as the family bucket/quantile, count, and sum components	raw histogram -> incremental -> requests/s; counted/measured object: Time to first token for a models LLM API call	identity=<global>; routing=service_tier; complementary blank/nonblank routes mark those labels optional; remaining=api_key_alias,api_provider,end_user,hashed_api_key,le,model,model_id,org_alias,org_id,requested_model,team,team_alias,user retained as source metadata or intentionally aggregated by this chart; label availability follows exporter configuration; no optional label is used as instance identity unless the chart route requires it	LiteLLM Prometheus callback; prometheus_metrics_config may select families/labels	source-derived synthetic shape/routing proof; does not prove live enablement, values, cadence, or cardinality	chart	LiteLLM/Provider API/By Service Tier / Provider Time-to-First-Token Measurements by Service Tier [provider_time_to_first_token_measurements_by_service_tier; requests/s; incremental]	BerriAI/litellm @ 23de7a15d9d40006ee596e617475ba101d60c5e9; litellm/integrations/prometheus*.py and update callsites audited in OPERATOR-MODEL.md
litellm_llm_api_time_to_first_token_metric_sum	litellm_llm_api_time_to_first_token_metric_sum	litellm_llm_api_time_to_first_token_metric	histogram	api_key_alias,api_provider,end_user,hashed_api_key,le,model,model_id,org_alias,org_id,requested_model,service_tier,team,team_alias,user	LiteLLM/Provider API	<global>	latency	Time to first token for a models LLM API call	histogram sum component; same observation population as the family bucket/quantile, count, and sum components	raw histogram -> incremental -> seconds/s; counted/measured object: Time to first token for a models LLM API call	identity=<global>; remaining=api_key_alias,api_provider,end_user,hashed_api_key,le,model,model_id,org_alias,org_id,requested_model,service_tier,team,team_alias,user retained as source metadata or intentionally aggregated by this chart; label availability follows exporter configuration; no optional label is used as instance identity unless the chart route requires it	LiteLLM Prometheus callback; prometheus_metrics_config may select families/labels	source-derived synthetic shape/routing proof; does not prove live enablement, values, cadence, or cardinality	chart	LiteLLM/Provider API / Accumulated Provider Latency [accumulated_provider_latency; seconds/s; incremental]	BerriAI/litellm @ 23de7a15d9d40006ee596e617475ba101d60c5e9; litellm/integrations/prometheus*.py and update callsites audited in OPERATOR-MODEL.md
"litellm_llm_api_time_to_first_token_metric_sum{service_tier=~""^([^N[:space:]][^[:space:]]*|N|N[^o[:space:]][^[:space:]]*|No|No[^n[:space:]][^[:space:]]*|Non|Non[^e[:space:]][^[:space:]]*|None[^[:space:]]+)$""}"	litellm_llm_api_time_to_first_token_metric_sum	litellm_llm_api_time_to_first_token_metric	histogram	api_key_alias,api_provider,end_user,hashed_api_key,le,model,model_id,org_alias,org_id,requested_model,service_tier,team,team_alias,user	LiteLLM/Provider API/By Service Tier	<global>	domain signal	Time to first token for a models LLM API call	histogram sum component; same observation population as the family bucket/quantile, count, and sum components	raw histogram -> incremental -> seconds/s; counted/measured object: Time to first token for a models LLM API call	identity=<global>; dimension=service_tier; routing=service_tier; complementary blank/nonblank routes mark those labels optional; remaining=api_key_alias,api_provider,end_user,hashed_api_key,le,model,model_id,org_alias,org_id,requested_model,team,team_alias,user retained as source metadata or intentionally aggregated by this chart; label availability follows exporter configuration; no optional label is used as instance identity unless the chart route requires it	LiteLLM Prometheus callback; prometheus_metrics_config may select families/labels	source-derived synthetic shape/routing proof; does not prove live enablement, values, cadence, or cardinality	chart	LiteLLM/Provider API/By Service Tier / Accumulated Provider Time-to-First-Token by Service Tier [accumulated_provider_time_to_first_token_by_service_tier; seconds/s; incremental]	BerriAI/litellm @ 23de7a15d9d40006ee596e617475ba101d60c5e9; litellm/integrations/prometheus*.py and update callsites audited in OPERATOR-MODEL.md
"litellm_llm_api_time_to_first_token_metric_sum{service_tier!~""^([^N[:space:]][^[:space:]]*|N|N[^o[:space:]][^[:space:]]*|No|No[^n[:space:]][^[:space:]]*|Non|Non[^e[:space:]][^[:space:]]*|None[^[:space:]]+)$""}"	litellm_llm_api_time_to_first_token_metric_sum	litellm_llm_api_time_to_first_token_metric	histogram	api_key_alias,api_provider,end_user,hashed_api_key,le,model,model_id,org_alias,org_id,requested_model,service_tier,team,team_alias,user	LiteLLM/Provider API/By Service Tier	<global>	domain signal	Time to first token for a models LLM API call	histogram sum component; same observation population as the family bucket/quantile, count, and sum components	raw histogram -> incremental -> seconds/s; counted/measured object: Time to first token for a models LLM API call	identity=<global>; routing=service_tier; complementary blank/nonblank routes mark those labels optional; remaining=api_key_alias,api_provider,end_user,hashed_api_key,le,model,model_id,org_alias,org_id,requested_model,team,team_alias,user retained as source metadata or intentionally aggregated by this chart; label availability follows exporter configuration; no optional label is used as instance identity unless the chart route requires it	LiteLLM Prometheus callback; prometheus_metrics_config may select families/labels	source-derived synthetic shape/routing proof; does not prove live enablement, values, cadence, or cardinality	chart	LiteLLM/Provider API/By Service Tier / Accumulated Provider Time-to-First-Token by Service Tier [accumulated_provider_time_to_first_token_by_service_tier; seconds/s; incremental]	BerriAI/litellm @ 23de7a15d9d40006ee596e617475ba101d60c5e9; litellm/integrations/prometheus*.py and update callsites audited in OPERATOR-MODEL.md
"litellm_llm_api_time_to_first_token_metric_bucket{api_provider=~"".+"",model=~"".+""}"	litellm_llm_api_time_to_first_token_metric_bucket	litellm_llm_api_time_to_first_token_metric	histogram	api_key_alias,api_provider,end_user,hashed_api_key,le,model,model_id,org_alias,org_id,requested_model,service_tier,team,team_alias,user	LiteLLM/Provider API/By Provider and Model	api_provider,model	domain signal	Time to first token for a models LLM API call	histogram bucket component; same observation population as the family bucket/quantile, count, and sum components	raw histogram -> incremental -> observations/s; counted/measured object: Time to first token for a models LLM API call	identity=api_provider,model; routing=api_provider,model; complementary blank/nonblank routes mark those labels optional; remaining=api_key_alias,end_user,hashed_api_key,le,model_id,org_alias,org_id,requested_model,service_tier,team,team_alias,user retained as source metadata or intentionally aggregated by this chart; label availability follows exporter configuration; no optional label is used as instance identity unless the chart route requires it	LiteLLM Prometheus callback; prometheus_metrics_config may select families/labels	source-derived synthetic shape/routing proof; does not prove live enablement, values, cadence, or cardinality	chart	LiteLLM/Provider API/By Provider and Model / Time-to-First-Token Distribution by Provider and Model [provider_time_to_first_token_distribution_by_provider_model; observations/s; incremental]	BerriAI/litellm @ 23de7a15d9d40006ee596e617475ba101d60c5e9; litellm/integrations/prometheus*.py and update callsites audited in OPERATOR-MODEL.md
"litellm_llm_api_time_to_first_token_metric_count{api_provider=~"".+"",model=~"".+""}"	litellm_llm_api_time_to_first_token_metric_count	litellm_llm_api_time_to_first_token_metric	histogram	api_key_alias,api_provider,end_user,hashed_api_key,le,model,model_id,org_alias,org_id,requested_model,service_tier,team,team_alias,user	LiteLLM/Provider API/By Provider and Model	api_provider,model	latency	Time to first token for a models LLM API call	histogram count component; same observation population as the family bucket/quantile, count, and sum components	raw histogram -> incremental -> requests/s; counted/measured object: Time to first token for a models LLM API call	identity=api_provider,model; routing=api_provider,model; complementary blank/nonblank routes mark those labels optional; remaining=api_key_alias,end_user,hashed_api_key,le,model_id,org_alias,org_id,requested_model,service_tier,team,team_alias,user retained as source metadata or intentionally aggregated by this chart; label availability follows exporter configuration; no optional label is used as instance identity unless the chart route requires it	LiteLLM Prometheus callback; prometheus_metrics_config may select families/labels	source-derived synthetic shape/routing proof; does not prove live enablement, values, cadence, or cardinality	chart	LiteLLM/Provider API/By Provider and Model / Latency Measurements by Provider and Model [provider_latency_measurements_by_provider_model; requests/s; incremental]	BerriAI/litellm @ 23de7a15d9d40006ee596e617475ba101d60c5e9; litellm/integrations/prometheus*.py and update callsites audited in OPERATOR-MODEL.md
"litellm_llm_api_time_to_first_token_metric_sum{api_provider=~"".+"",model=~"".+""}"	litellm_llm_api_time_to_first_token_metric_sum	litellm_llm_api_time_to_first_token_metric	histogram	api_key_alias,api_provider,end_user,hashed_api_key,le,model,model_id,org_alias,org_id,requested_model,service_tier,team,team_alias,user	LiteLLM/Provider API/By Provider and Model	api_provider,model	latency	Time to first token for a models LLM API call	histogram sum component; same observation population as the family bucket/quantile, count, and sum components	raw histogram -> incremental -> seconds/s; counted/measured object: Time to first token for a models LLM API call	identity=api_provider,model; routing=api_provider,model; complementary blank/nonblank routes mark those labels optional; remaining=api_key_alias,end_user,hashed_api_key,le,model_id,org_alias,org_id,requested_model,service_tier,team,team_alias,user retained as source metadata or intentionally aggregated by this chart; label availability follows exporter configuration; no optional label is used as instance identity unless the chart route requires it	LiteLLM Prometheus callback; prometheus_metrics_config may select families/labels	source-derived synthetic shape/routing proof; does not prove live enablement, values, cadence, or cardinality	chart	LiteLLM/Provider API/By Provider and Model / Accumulated Latency by Provider and Model [accumulated_provider_latency_by_provider_model; seconds/s; incremental]	BerriAI/litellm @ 23de7a15d9d40006ee596e617475ba101d60c5e9; litellm/integrations/prometheus*.py and update callsites audited in OPERATOR-MODEL.md
litellm_llm_api_time_to_first_token_metric_created	litellm_llm_api_time_to_first_token_metric_created	litellm_llm_api_time_to_first_token_metric_created	gauge	api_key_alias,api_provider,end_user,hashed_api_key,model,model_id,org_alias,org_id,requested_model,service_tier,team,team_alias,user	<excluded>	<none>	domain signal	Time to first token for a models LLM API call	generated registration-timestamp companion; excluded from operational charts	raw gauge; no rendered unit because job-excluded	source labels=api_key_alias,api_provider,end_user,hashed_api_key,model,model_id,org_alias,org_id,requested_model,service_tier,team,team_alias,user; no chart identity/dimension role	LiteLLM Prometheus callback; prometheus_metrics_config may select families/labels	source-derived synthetic shape/routing proof; exclusion reason is runtime-validated	job-excluded	recommended job exclusion; lost question documented in OPERATOR-MODEL.md	BerriAI/litellm @ 23de7a15d9d40006ee596e617475ba101d60c5e9; litellm/integrations/prometheus*.py and update callsites audited in OPERATOR-MODEL.md
litellm_managed_batch_created_created	litellm_managed_batch_created_created	litellm_managed_batch_created_created	gauge	api_key_alias,api_provider,model,user,user_email	<excluded>	<none>	domain signal	Total number of managed batches created	generated registration-timestamp companion; excluded from operational charts	raw gauge; no rendered unit because job-excluded	source labels=api_key_alias,api_provider,model,user,user_email; no chart identity/dimension role	managed batch callback	source-derived synthetic shape/routing proof; exclusion reason is runtime-validated	job-excluded	recommended job exclusion; lost question documented in OPERATOR-MODEL.md	BerriAI/litellm @ 23de7a15d9d40006ee596e617475ba101d60c5e9; litellm/integrations/prometheus*.py and update callsites audited in OPERATOR-MODEL.md
litellm_managed_batch_created_total	litellm_managed_batch_created_total	litellm_managed_batch_created_total	counter	api_key_alias,api_provider,model,user,user_email	LiteLLM/Managed Batch and Files	<global>	domain signal	Total number of managed batches created	independent source family unless a source-defined relationship is stated in OPERATOR-MODEL.md	raw counter -> incremental -> batches/s; counted/measured object: Total number of managed batches created	identity=<global>; remaining=api_key_alias,api_provider,model,user,user_email retained as source metadata or intentionally aggregated by this chart; label availability follows exporter configuration; no optional label is used as instance identity unless the chart route requires it	managed batch callback	source-derived synthetic shape/routing proof; does not prove live enablement, values, cadence, or cardinality	chart	LiteLLM/Managed Batch and Files / Managed Batches Created [managed_batches_created; batches/s; incremental]	BerriAI/litellm @ 23de7a15d9d40006ee596e617475ba101d60c5e9; litellm/integrations/prometheus*.py and update callsites audited in OPERATOR-MODEL.md
"litellm_managed_batch_created_total{api_provider=~"".+"",model=~"".+""}"	litellm_managed_batch_created_total	litellm_managed_batch_created_total	counter	api_key_alias,api_provider,model,user,user_email	LiteLLM/Managed Batch and Files/By Provider and Model	api_provider,model	domain signal	Total number of managed batches created	independent source family unless a source-defined relationship is stated in OPERATOR-MODEL.md	raw counter -> incremental -> batches/s; counted/measured object: Total number of managed batches created	identity=api_provider,model; routing=api_provider,model; complementary blank/nonblank routes mark those labels optional; remaining=api_key_alias,user,user_email retained as source metadata or intentionally aggregated by this chart; label availability follows exporter configuration; no optional label is used as instance identity unless the chart route requires it	managed batch callback	source-derived synthetic shape/routing proof; does not prove live enablement, values, cadence, or cardinality	chart	LiteLLM/Managed Batch and Files/By Provider and Model / Managed Batches Created by Provider and Model [managed_batches_created_by_provider_model; batches/s; incremental]	BerriAI/litellm @ 23de7a15d9d40006ee596e617475ba101d60c5e9; litellm/integrations/prometheus*.py and update callsites audited in OPERATOR-MODEL.md
litellm_managed_batch_duration_seconds_count	litellm_managed_batch_duration_seconds_count	litellm_managed_batch_duration_seconds	histogram	api_provider,le,model	LiteLLM/Managed Batch and Files	<global>	latency	Duration of completed managed batches in seconds (completed_at - created_at)	histogram count component; same observation population as the family bucket/quantile, count, and sum components	raw histogram -> incremental -> batches/s; counted/measured object: Duration of completed managed batches in seconds (completed_at - created_at)	identity=<global>; remaining=api_provider,le,model retained as source metadata or intentionally aggregated by this chart; label availability follows exporter configuration; no optional label is used as instance identity unless the chart route requires it	managed batch callback	source-derived synthetic shape/routing proof; does not prove live enablement, values, cadence, or cardinality	chart	LiteLLM/Managed Batch and Files / Managed Batch Completion and Cost Tracking [managed_batch_completion; batches/s; incremental]	BerriAI/litellm @ 23de7a15d9d40006ee596e617475ba101d60c5e9; litellm/integrations/prometheus*.py and update callsites audited in OPERATOR-MODEL.md
litellm_managed_batch_duration_seconds_bucket	litellm_managed_batch_duration_seconds_bucket	litellm_managed_batch_duration_seconds	histogram	api_provider,le,model	LiteLLM/Managed Batch and Files	<global>	latency	Duration of completed managed batches in seconds (completed_at - created_at)	histogram bucket component; same observation population as the family bucket/quantile, count, and sum components	raw histogram -> incremental -> observations/s; counted/measured object: Duration of completed managed batches in seconds (completed_at - created_at)	identity=<global>; remaining=api_provider,le,model retained as source metadata or intentionally aggregated by this chart; label availability follows exporter configuration; no optional label is used as instance identity unless the chart route requires it	managed batch callback	source-derived synthetic shape/routing proof; does not prove live enablement, values, cadence, or cardinality	chart	LiteLLM/Managed Batch and Files / Managed Batch Duration Distribution [managed_batch_duration_distribution; observations/s; incremental]	BerriAI/litellm @ 23de7a15d9d40006ee596e617475ba101d60c5e9; litellm/integrations/prometheus*.py and update callsites audited in OPERATOR-MODEL.md
litellm_managed_batch_duration_seconds_sum	litellm_managed_batch_duration_seconds_sum	litellm_managed_batch_duration_seconds	histogram	api_provider,le,model	LiteLLM/Managed Batch and Files	<global>	latency	Duration of completed managed batches in seconds (completed_at - created_at)	histogram sum component; same observation population as the family bucket/quantile, count, and sum components	raw histogram -> incremental -> seconds/s; counted/measured object: Duration of completed managed batches in seconds (completed_at - created_at)	identity=<global>; remaining=api_provider,le,model retained as source metadata or intentionally aggregated by this chart; label availability follows exporter configuration; no optional label is used as instance identity unless the chart route requires it	managed batch callback	source-derived synthetic shape/routing proof; does not prove live enablement, values, cadence, or cardinality	chart	LiteLLM/Managed Batch and Files / Accumulated Managed Batch Duration [accumulated_managed_batch_duration; seconds/s; incremental]	BerriAI/litellm @ 23de7a15d9d40006ee596e617475ba101d60c5e9; litellm/integrations/prometheus*.py and update callsites audited in OPERATOR-MODEL.md
"litellm_managed_batch_duration_seconds_count{api_provider=~"".+"",model=~"".+""}"	litellm_managed_batch_duration_seconds_count	litellm_managed_batch_duration_seconds	histogram	api_provider,le,model	LiteLLM/Managed Batch and Files/By Provider and Model	api_provider,model	latency	Duration of completed managed batches in seconds (completed_at - created_at)	histogram count component; same observation population as the family bucket/quantile, count, and sum components	raw histogram -> incremental -> batches/s; counted/measured object: Duration of completed managed batches in seconds (completed_at - created_at)	identity=api_provider,model; routing=api_provider,model; complementary blank/nonblank routes mark those labels optional; remaining=le retained as source metadata or intentionally aggregated by this chart; label availability follows exporter configuration; no optional label is used as instance identity unless the chart route requires it	managed batch callback	source-derived synthetic shape/routing proof; does not prove live enablement, values, cadence, or cardinality	chart	LiteLLM/Managed Batch and Files/By Provider and Model / Batch Completion and Cost Tracking by Provider and Model [managed_batch_completion_by_provider_model; batches/s; incremental]	BerriAI/litellm @ 23de7a15d9d40006ee596e617475ba101d60c5e9; litellm/integrations/prometheus*.py and update callsites audited in OPERATOR-MODEL.md
"litellm_managed_batch_duration_seconds_bucket{api_provider=~"".+"",model=~"".+""}"	litellm_managed_batch_duration_seconds_bucket	litellm_managed_batch_duration_seconds	histogram	api_provider,le,model	LiteLLM/Managed Batch and Files/By Provider and Model	api_provider,model	latency	Duration of completed managed batches in seconds (completed_at - created_at)	histogram bucket component; same observation population as the family bucket/quantile, count, and sum components	raw histogram -> incremental -> observations/s; counted/measured object: Duration of completed managed batches in seconds (completed_at - created_at)	identity=api_provider,model; routing=api_provider,model; complementary blank/nonblank routes mark those labels optional; remaining=le retained as source metadata or intentionally aggregated by this chart; label availability follows exporter configuration; no optional label is used as instance identity unless the chart route requires it	managed batch callback	source-derived synthetic shape/routing proof; does not prove live enablement, values, cadence, or cardinality	chart	LiteLLM/Managed Batch and Files/By Provider and Model / Managed Batch Duration Distribution by Provider and Model [managed_batch_duration_distribution_by_provider_model; observations/s; incremental]	BerriAI/litellm @ 23de7a15d9d40006ee596e617475ba101d60c5e9; litellm/integrations/prometheus*.py and update callsites audited in OPERATOR-MODEL.md
"litellm_managed_batch_duration_seconds_sum{api_provider=~"".+"",model=~"".+""}"	litellm_managed_batch_duration_seconds_sum	litellm_managed_batch_duration_seconds	histogram	api_provider,le,model	LiteLLM/Managed Batch and Files/By Provider and Model	api_provider,model	latency	Duration of completed managed batches in seconds (completed_at - created_at)	histogram sum component; same observation population as the family bucket/quantile, count, and sum components	raw histogram -> incremental -> seconds/s; counted/measured object: Duration of completed managed batches in seconds (completed_at - created_at)	identity=api_provider,model; routing=api_provider,model; complementary blank/nonblank routes mark those labels optional; remaining=le retained as source metadata or intentionally aggregated by this chart; label availability follows exporter configuration; no optional label is used as instance identity unless the chart route requires it	managed batch callback	source-derived synthetic shape/routing proof; does not prove live enablement, values, cadence, or cardinality	chart	LiteLLM/Managed Batch and Files/By Provider and Model / Accumulated Managed Batch Duration by Provider and Model [accumulated_managed_batch_duration_by_provider_model; seconds/s; incremental]	BerriAI/litellm @ 23de7a15d9d40006ee596e617475ba101d60c5e9; litellm/integrations/prometheus*.py and update callsites audited in OPERATOR-MODEL.md
litellm_managed_batch_duration_seconds_created	litellm_managed_batch_duration_seconds_created	litellm_managed_batch_duration_seconds_created	gauge	api_provider,model	<excluded>	<none>	latency	Duration of completed managed batches in seconds (completed_at - created_at)	generated registration-timestamp companion; excluded from operational charts	raw gauge; no rendered unit because job-excluded	source labels=api_provider,model; no chart identity/dimension role	managed batch callback	source-derived synthetic shape/routing proof; exclusion reason is runtime-validated	job-excluded	recommended job exclusion; lost question documented in OPERATOR-MODEL.md	BerriAI/litellm @ 23de7a15d9d40006ee596e617475ba101d60c5e9; litellm/integrations/prometheus*.py and update callsites audited in OPERATOR-MODEL.md
litellm_managed_file_created_created	litellm_managed_file_created_created	litellm_managed_file_created_created	gauge	api_key_alias,api_provider,model,user,user_email	<excluded>	<none>	domain signal	Total number of managed files created	generated registration-timestamp companion; excluded from operational charts	raw gauge; no rendered unit because job-excluded	source labels=api_key_alias,api_provider,model,user,user_email; no chart identity/dimension role	managed-file callback	source-derived synthetic shape/routing proof; exclusion reason is runtime-validated	job-excluded	recommended job exclusion; lost question documented in OPERATOR-MODEL.md	BerriAI/litellm @ 23de7a15d9d40006ee596e617475ba101d60c5e9; litellm/integrations/prometheus*.py and update callsites audited in OPERATOR-MODEL.md
litellm_managed_file_created_total	litellm_managed_file_created_total	litellm_managed_file_created_total	counter	api_key_alias,api_provider,model,user,user_email	LiteLLM/Managed Batch and Files	<global>	domain signal	Total number of managed files created	independent source family unless a source-defined relationship is stated in OPERATOR-MODEL.md	raw counter -> incremental -> files/s; counted/measured object: Total number of managed files created	identity=<global>; remaining=api_key_alias,api_provider,model,user,user_email retained as source metadata or intentionally aggregated by this chart; label availability follows exporter configuration; no optional label is used as instance identity unless the chart route requires it	managed-file callback	source-derived synthetic shape/routing proof; does not prove live enablement, values, cadence, or cardinality	chart	LiteLLM/Managed Batch and Files / Managed Files Created [managed_files_created; files/s; incremental]	BerriAI/litellm @ 23de7a15d9d40006ee596e617475ba101d60c5e9; litellm/integrations/prometheus*.py and update callsites audited in OPERATOR-MODEL.md
"litellm_managed_file_created_total{api_provider=~"".+"",model=~"".+""}"	litellm_managed_file_created_total	litellm_managed_file_created_total	counter	api_key_alias,api_provider,model,user,user_email	LiteLLM/Managed Batch and Files/By Provider and Model	api_provider,model	domain signal	Total number of managed files created	independent source family unless a source-defined relationship is stated in OPERATOR-MODEL.md	raw counter -> incremental -> files/s; counted/measured object: Total number of managed files created	identity=api_provider,model; routing=api_provider,model; complementary blank/nonblank routes mark those labels optional; remaining=api_key_alias,user,user_email retained as source metadata or intentionally aggregated by this chart; label availability follows exporter configuration; no optional label is used as instance identity unless the chart route requires it	managed-file callback	source-derived synthetic shape/routing proof; does not prove live enablement, values, cadence, or cardinality	chart	LiteLLM/Managed Batch and Files/By Provider and Model / Managed Files Created by Provider and Model [managed_files_created_by_provider_model; files/s; incremental]	BerriAI/litellm @ 23de7a15d9d40006ee596e617475ba101d60c5e9; litellm/integrations/prometheus*.py and update callsites audited in OPERATOR-MODEL.md
litellm_managed_file_deleted_created	litellm_managed_file_deleted_created	litellm_managed_file_deleted_created	gauge	result	<excluded>	<none>	domain signal	Total number of managed file deletions (success or blocked)	generated registration-timestamp companion; excluded from operational charts	raw gauge; no rendered unit because job-excluded	source labels=result; no chart identity/dimension role	managed-file callback	source-derived synthetic shape/routing proof; exclusion reason is runtime-validated	job-excluded	recommended job exclusion; lost question documented in OPERATOR-MODEL.md	BerriAI/litellm @ 23de7a15d9d40006ee596e617475ba101d60c5e9; litellm/integrations/prometheus*.py and update callsites audited in OPERATOR-MODEL.md
litellm_managed_file_deleted_total	litellm_managed_file_deleted_total	litellm_managed_file_deleted_total	counter	result	LiteLLM/Managed Batch and Files	<global>	domain signal	Total number of managed file deletions (success or blocked)	independent source family unless a source-defined relationship is stated in OPERATOR-MODEL.md	raw counter -> incremental -> files/s; counted/measured object: Total number of managed file deletions (success or blocked)	identity=<global>; dimension=result; label availability follows exporter configuration; no optional label is used as instance identity unless the chart route requires it	managed-file callback	source-derived synthetic shape/routing proof; does not prove live enablement, values, cadence, or cardinality	chart	LiteLLM/Managed Batch and Files / Managed File Deletions by Result [managed_file_deletions_by_result; files/s; incremental]	BerriAI/litellm @ 23de7a15d9d40006ee596e617475ba101d60c5e9; litellm/integrations/prometheus*.py and update callsites audited in OPERATOR-MODEL.md
litellm_managed_file_size_bytes	litellm_managed_file_size_bytes	litellm_managed_file_size_bytes	gauge	api_provider,file_type,model,pid,purpose,user	LiteLLM/Managed Batch and Files/Managed Files	*	workload/outcome	Size of the most recent managed batch file in bytes (last-seen value per label combination)	independent source family unless a source-defined relationship is stated in OPERATOR-MODEL.md	raw gauge -> absolute -> bytes; counted/measured object: Size of the most recent managed batch file in bytes (last-seen value per label combination)	all emitted labels are instance identity; label availability follows exporter configuration; no optional label is used as instance identity unless the chart route requires it	managed-file callback	source-derived synthetic shape/routing proof; does not prove live enablement, values, cadence, or cardinality	chart	LiteLLM/Managed Batch and Files/Managed Files / Last-Seen Managed File Size [managed_file_size; bytes; absolute]	BerriAI/litellm @ 23de7a15d9d40006ee596e617475ba101d60c5e9; litellm/integrations/prometheus*.py and update callsites audited in OPERATOR-MODEL.md
litellm_mcp_tool_call_spend_metric_created	litellm_mcp_tool_call_spend_metric_created	litellm_mcp_tool_call_spend_metric_created	gauge	api_key_alias,end_user,hashed_api_key,mcp_server_name,mcp_tool_name,team,team_alias,user	<excluded>	<none>	workload/outcome	Total spend on MCP tool calls, segmented by tool and server name	generated registration-timestamp companion; excluded from operational charts	raw gauge; no rendered unit because job-excluded	source labels=api_key_alias,end_user,hashed_api_key,mcp_server_name,mcp_tool_name,team,team_alias,user; no chart identity/dimension role	MCP callback	source-derived synthetic shape/routing proof; exclusion reason is runtime-validated	job-excluded	recommended job exclusion; lost question documented in OPERATOR-MODEL.md	BerriAI/litellm @ 23de7a15d9d40006ee596e617475ba101d60c5e9; litellm/integrations/prometheus*.py and update callsites audited in OPERATOR-MODEL.md
litellm_mcp_tool_call_spend_metric_total	litellm_mcp_tool_call_spend_metric_total	litellm_mcp_tool_call_spend_metric_total	counter	api_key_alias,end_user,hashed_api_key,mcp_server_name,mcp_tool_name,team,team_alias,user	LiteLLM/MCP Gateway	<global>	workload/outcome	Total spend on MCP tool calls, segmented by tool and server name	independent source family unless a source-defined relationship is stated in OPERATOR-MODEL.md	raw counter -> incremental -> USD/s; counted/measured object: Total spend on MCP tool calls, segmented by tool and server name	identity=<global>; remaining=api_key_alias,end_user,hashed_api_key,mcp_server_name,mcp_tool_name,team,team_alias,user retained as source metadata or intentionally aggregated by this chart; label availability follows exporter configuration; no optional label is used as instance identity unless the chart route requires it	MCP callback	source-derived synthetic shape/routing proof; does not prove live enablement, values, cadence, or cardinality	chart	LiteLLM/MCP Gateway / MCP Tool-Call Spend [mcp_tool_call_spend; USD/s; incremental]	BerriAI/litellm @ 23de7a15d9d40006ee596e617475ba101d60c5e9; litellm/integrations/prometheus*.py and update callsites audited in OPERATOR-MODEL.md
"litellm_mcp_tool_call_spend_metric_total{mcp_server_name=~"".+"",mcp_tool_name=~"".+""}"	litellm_mcp_tool_call_spend_metric_total	litellm_mcp_tool_call_spend_metric_total	counter	api_key_alias,end_user,hashed_api_key,mcp_server_name,mcp_tool_name,team,team_alias,user	LiteLLM/MCP Gateway/By Server and Tool	mcp_server_name,mcp_tool_name	workload/outcome	Total spend on MCP tool calls, segmented by tool and server name	independent source family unless a source-defined relationship is stated in OPERATOR-MODEL.md	raw counter -> incremental -> USD/s; counted/measured object: Total spend on MCP tool calls, segmented by tool and server name	identity=mcp_server_name,mcp_tool_name; routing=mcp_server_name,mcp_tool_name; complementary blank/nonblank routes mark those labels optional; remaining=api_key_alias,end_user,hashed_api_key,team,team_alias,user retained as source metadata or intentionally aggregated by this chart; label availability follows exporter configuration; no optional label is used as instance identity unless the chart route requires it	MCP callback	source-derived synthetic shape/routing proof; does not prove live enablement, values, cadence, or cardinality	chart	LiteLLM/MCP Gateway/By Server and Tool / MCP Tool-Call Spend by Server and Tool [mcp_tool_call_spend_by_server_tool; USD/s; incremental]	BerriAI/litellm @ 23de7a15d9d40006ee596e617475ba101d60c5e9; litellm/integrations/prometheus*.py and update callsites audited in OPERATOR-MODEL.md
litellm_mcp_tool_calls_created	litellm_mcp_tool_calls_created	litellm_mcp_tool_calls_created	gauge	api_key_alias,end_user,hashed_api_key,mcp_server_name,mcp_tool_name,team,team_alias,user	<excluded>	<none>	workload/outcome	Total MCP tool calls, segmented by tool and server name	generated registration-timestamp companion; excluded from operational charts	raw gauge; no rendered unit because job-excluded	source labels=api_key_alias,end_user,hashed_api_key,mcp_server_name,mcp_tool_name,team,team_alias,user; no chart identity/dimension role	MCP callback	source-derived synthetic shape/routing proof; exclusion reason is runtime-validated	job-excluded	recommended job exclusion; lost question documented in OPERATOR-MODEL.md	BerriAI/litellm @ 23de7a15d9d40006ee596e617475ba101d60c5e9; litellm/integrations/prometheus*.py and update callsites audited in OPERATOR-MODEL.md
litellm_mcp_tool_calls_total	litellm_mcp_tool_calls_total	litellm_mcp_tool_calls_total	counter	api_key_alias,end_user,hashed_api_key,mcp_server_name,mcp_tool_name,team,team_alias,user	LiteLLM/MCP Gateway	<global>	workload/outcome	Total MCP tool calls, segmented by tool and server name	independent source family unless a source-defined relationship is stated in OPERATOR-MODEL.md	raw counter -> incremental -> calls/s; counted/measured object: Total MCP tool calls, segmented by tool and server name	identity=<global>; remaining=api_key_alias,end_user,hashed_api_key,mcp_server_name,mcp_tool_name,team,team_alias,user retained as source metadata or intentionally aggregated by this chart; label availability follows exporter configuration; no optional label is used as instance identity unless the chart route requires it	MCP callback	source-derived synthetic shape/routing proof; does not prove live enablement, values, cadence, or cardinality	chart	LiteLLM/MCP Gateway / MCP Tool Calls [mcp_tool_calls; calls/s; incremental]	BerriAI/litellm @ 23de7a15d9d40006ee596e617475ba101d60c5e9; litellm/integrations/prometheus*.py and update callsites audited in OPERATOR-MODEL.md
"litellm_mcp_tool_calls_total{mcp_server_name=~"".+"",mcp_tool_name=~"".+""}"	litellm_mcp_tool_calls_total	litellm_mcp_tool_calls_total	counter	api_key_alias,end_user,hashed_api_key,mcp_server_name,mcp_tool_name,team,team_alias,user	LiteLLM/MCP Gateway/By Server and Tool	mcp_server_name,mcp_tool_name	workload/outcome	Total MCP tool calls, segmented by tool and server name	independent source family unless a source-defined relationship is stated in OPERATOR-MODEL.md	raw counter -> incremental -> calls/s; counted/measured object: Total MCP tool calls, segmented by tool and server name	identity=mcp_server_name,mcp_tool_name; routing=mcp_server_name,mcp_tool_name; complementary blank/nonblank routes mark those labels optional; remaining=api_key_alias,end_user,hashed_api_key,team,team_alias,user retained as source metadata or intentionally aggregated by this chart; label availability follows exporter configuration; no optional label is used as instance identity unless the chart route requires it	MCP callback	source-derived synthetic shape/routing proof; does not prove live enablement, values, cadence, or cardinality	chart	LiteLLM/MCP Gateway/By Server and Tool / MCP Tool Calls by Server and Tool [mcp_tool_calls_by_server_tool; calls/s; incremental]	BerriAI/litellm @ 23de7a15d9d40006ee596e617475ba101d60c5e9; litellm/integrations/prometheus*.py and update callsites audited in OPERATOR-MODEL.md
litellm_org_budget_remaining_hours_metric	litellm_org_budget_remaining_hours_metric	litellm_org_budget_remaining_hours_metric	gauge	org_alias,org_id,pid	LiteLLM/Governance/Organizations	*	capacity/resource	Remaining hours for org budget to be reset	independent source family unless a source-defined relationship is stated in OPERATOR-MODEL.md	raw gauge -> absolute -> hours; counted/measured object: Remaining hours for org budget to be reset	all emitted labels are instance identity; label availability follows exporter configuration; no optional label is used as instance identity unless the chart route requires it	budget tracking	source-derived synthetic shape/routing proof; does not prove live enablement, values, cadence, or cardinality	chart	LiteLLM/Governance/Organizations / Organization Budget Reset Window [organization_budget_reset_window; hours; absolute]	BerriAI/litellm @ 23de7a15d9d40006ee596e617475ba101d60c5e9; litellm/integrations/prometheus*.py and update callsites audited in OPERATOR-MODEL.md
litellm_org_max_budget_metric	litellm_org_max_budget_metric	litellm_org_max_budget_metric	gauge	org_alias,org_id,pid	LiteLLM/Governance/Organizations	*	capacity/resource	Maximum budget set for org	independent source family unless a source-defined relationship is stated in OPERATOR-MODEL.md	raw gauge -> absolute -> USD; counted/measured object: Maximum budget set for org	all emitted labels are instance identity; label availability follows exporter configuration; no optional label is used as instance identity unless the chart route requires it	budget tracking	source-derived synthetic shape/routing proof; does not prove live enablement, values, cadence, or cardinality	chart	LiteLLM/Governance/Organizations / Organization Budget [organization_budget; USD; absolute]	BerriAI/litellm @ 23de7a15d9d40006ee596e617475ba101d60c5e9; litellm/integrations/prometheus*.py and update callsites audited in OPERATOR-MODEL.md
litellm_output_audio_tokens_metric_created	litellm_output_audio_tokens_metric_created	litellm_output_audio_tokens_metric_created	gauge	api_key_alias,api_provider,end_user,hashed_api_key,model,model_id,requested_model,team,team_alias,user,user_email	<excluded>	<none>	workload/outcome	Audio output tokens reported in completion_tokens_details.audio_tokens	generated registration-timestamp companion; excluded from operational charts	raw gauge; no rendered unit because job-excluded	source labels=api_key_alias,api_provider,end_user,hashed_api_key,model,model_id,requested_model,team,team_alias,user,user_email; no chart identity/dimension role	LiteLLM Prometheus callback; prometheus_metrics_config may select families/labels	source-derived synthetic shape/routing proof; exclusion reason is runtime-validated	job-excluded	recommended job exclusion; lost question documented in OPERATOR-MODEL.md	BerriAI/litellm @ 23de7a15d9d40006ee596e617475ba101d60c5e9; litellm/integrations/prometheus*.py and update callsites audited in OPERATOR-MODEL.md
litellm_output_audio_tokens_metric_total	litellm_output_audio_tokens_metric_total	litellm_output_audio_tokens_metric_total	counter	api_key_alias,api_provider,end_user,hashed_api_key,model,model_id,requested_model,team,team_alias,user,user_email	LiteLLM/Usage and Cost	<global>	workload/outcome	Audio output tokens reported in completion_tokens_details.audio_tokens	independent source family unless a source-defined relationship is stated in OPERATOR-MODEL.md	raw counter -> incremental -> tokens/s; counted/measured object: Audio output tokens reported in completion_tokens_details.audio_tokens	identity=<global>; remaining=api_key_alias,api_provider,end_user,hashed_api_key,model,model_id,requested_model,team,team_alias,user,user_email retained as source metadata or intentionally aggregated by this chart; label availability follows exporter configuration; no optional label is used as instance identity unless the chart route requires it	LiteLLM Prometheus callback; prometheus_metrics_config may select families/labels	source-derived synthetic shape/routing proof; does not prove live enablement, values, cadence, or cardinality	chart	LiteLLM/Usage and Cost / Audio and Reasoning Token Throughput [specialized_token_throughput; tokens/s; incremental]	BerriAI/litellm @ 23de7a15d9d40006ee596e617475ba101d60c5e9; litellm/integrations/prometheus*.py and update callsites audited in OPERATOR-MODEL.md
"litellm_output_audio_tokens_metric_total{api_provider=~"".+"",model=~"".+""}"	litellm_output_audio_tokens_metric_total	litellm_output_audio_tokens_metric_total	counter	api_key_alias,api_provider,end_user,hashed_api_key,model,model_id,requested_model,team,team_alias,user,user_email	LiteLLM/Usage and Cost/By Provider and Model	api_provider,model	workload/outcome	Audio output tokens reported in completion_tokens_details.audio_tokens	independent source family unless a source-defined relationship is stated in OPERATOR-MODEL.md	raw counter -> incremental -> tokens/s; counted/measured object: Audio output tokens reported in completion_tokens_details.audio_tokens	identity=api_provider,model; routing=api_provider,model; complementary blank/nonblank routes mark those labels optional; remaining=api_key_alias,end_user,hashed_api_key,model_id,requested_model,team,team_alias,user,user_email retained as source metadata or intentionally aggregated by this chart; label availability follows exporter configuration; no optional label is used as instance identity unless the chart route requires it	LiteLLM Prometheus callback; prometheus_metrics_config may select families/labels	source-derived synthetic shape/routing proof; does not prove live enablement, values, cadence, or cardinality	chart	LiteLLM/Usage and Cost/By Provider and Model / Audio and Reasoning Token Throughput by Provider and Model [specialized_token_throughput_by_provider_model; tokens/s; incremental]	BerriAI/litellm @ 23de7a15d9d40006ee596e617475ba101d60c5e9; litellm/integrations/prometheus*.py and update callsites audited in OPERATOR-MODEL.md
litellm_output_reasoning_tokens_metric_created	litellm_output_reasoning_tokens_metric_created	litellm_output_reasoning_tokens_metric_created	gauge	api_key_alias,api_provider,end_user,hashed_api_key,model,model_id,requested_model,team,team_alias,user,user_email	<excluded>	<none>	workload/outcome	Reasoning tokens reported in completion_tokens_details.reasoning_tokens	generated registration-timestamp companion; excluded from operational charts	raw gauge; no rendered unit because job-excluded	source labels=api_key_alias,api_provider,end_user,hashed_api_key,model,model_id,requested_model,team,team_alias,user,user_email; no chart identity/dimension role	LiteLLM Prometheus callback; prometheus_metrics_config may select families/labels	source-derived synthetic shape/routing proof; exclusion reason is runtime-validated	job-excluded	recommended job exclusion; lost question documented in OPERATOR-MODEL.md	BerriAI/litellm @ 23de7a15d9d40006ee596e617475ba101d60c5e9; litellm/integrations/prometheus*.py and update callsites audited in OPERATOR-MODEL.md
litellm_output_reasoning_tokens_metric_total	litellm_output_reasoning_tokens_metric_total	litellm_output_reasoning_tokens_metric_total	counter	api_key_alias,api_provider,end_user,hashed_api_key,model,model_id,requested_model,team,team_alias,user,user_email	LiteLLM/Usage and Cost	<global>	workload/outcome	Reasoning tokens reported in completion_tokens_details.reasoning_tokens	independent source family unless a source-defined relationship is stated in OPERATOR-MODEL.md	raw counter -> incremental -> tokens/s; counted/measured object: Reasoning tokens reported in completion_tokens_details.reasoning_tokens	identity=<global>; remaining=api_key_alias,api_provider,end_user,hashed_api_key,model,model_id,requested_model,team,team_alias,user,user_email retained as source metadata or intentionally aggregated by this chart; label availability follows exporter configuration; no optional label is used as instance identity unless the chart route requires it	LiteLLM Prometheus callback; prometheus_metrics_config may select families/labels	source-derived synthetic shape/routing proof; does not prove live enablement, values, cadence, or cardinality	chart	LiteLLM/Usage and Cost / Audio and Reasoning Token Throughput [specialized_token_throughput; tokens/s; incremental]	BerriAI/litellm @ 23de7a15d9d40006ee596e617475ba101d60c5e9; litellm/integrations/prometheus*.py and update callsites audited in OPERATOR-MODEL.md
"litellm_output_reasoning_tokens_metric_total{api_provider=~"".+"",model=~"".+""}"	litellm_output_reasoning_tokens_metric_total	litellm_output_reasoning_tokens_metric_total	counter	api_key_alias,api_provider,end_user,hashed_api_key,model,model_id,requested_model,team,team_alias,user,user_email	LiteLLM/Usage and Cost/By Provider and Model	api_provider,model	workload/outcome	Reasoning tokens reported in completion_tokens_details.reasoning_tokens	independent source family unless a source-defined relationship is stated in OPERATOR-MODEL.md	raw counter -> incremental -> tokens/s; counted/measured object: Reasoning tokens reported in completion_tokens_details.reasoning_tokens	identity=api_provider,model; routing=api_provider,model; complementary blank/nonblank routes mark those labels optional; remaining=api_key_alias,end_user,hashed_api_key,model_id,requested_model,team,team_alias,user,user_email retained as source metadata or intentionally aggregated by this chart; label availability follows exporter configuration; no optional label is used as instance identity unless the chart route requires it	LiteLLM Prometheus callback; prometheus_metrics_config may select families/labels	source-derived synthetic shape/routing proof; does not prove live enablement, values, cadence, or cardinality	chart	LiteLLM/Usage and Cost/By Provider and Model / Audio and Reasoning Token Throughput by Provider and Model [specialized_token_throughput_by_provider_model; tokens/s; incremental]	BerriAI/litellm @ 23de7a15d9d40006ee596e617475ba101d60c5e9; litellm/integrations/prometheus*.py and update callsites audited in OPERATOR-MODEL.md
litellm_output_tokens_metric_created	litellm_output_tokens_metric_created	litellm_output_tokens_metric_created	gauge	api_key_alias,api_provider,end_user,hashed_api_key,model,model_id,org_alias,org_id,requested_model,team,team_alias,user,user_email	<excluded>	<none>	workload/outcome	Total number of output tokens from LLM requests	generated registration-timestamp companion; excluded from operational charts	raw gauge; no rendered unit because job-excluded	source labels=api_key_alias,api_provider,end_user,hashed_api_key,model,model_id,org_alias,org_id,requested_model,team,team_alias,user,user_email; no chart identity/dimension role	LiteLLM Prometheus callback; prometheus_metrics_config may select families/labels	source-derived synthetic shape/routing proof; exclusion reason is runtime-validated	job-excluded	recommended job exclusion; lost question documented in OPERATOR-MODEL.md	BerriAI/litellm @ 23de7a15d9d40006ee596e617475ba101d60c5e9; litellm/integrations/prometheus*.py and update callsites audited in OPERATOR-MODEL.md
litellm_output_tokens_metric_total	litellm_output_tokens_metric_total	litellm_output_tokens_metric_total	counter	api_key_alias,api_provider,end_user,hashed_api_key,model,model_id,org_alias,org_id,requested_model,team,team_alias,user,user_email	LiteLLM/Usage and Cost	<global>	workload/outcome	Total number of output tokens from LLM requests	independent source family unless a source-defined relationship is stated in OPERATOR-MODEL.md	raw counter -> incremental -> tokens/s; counted/measured object: Total number of output tokens from LLM requests	identity=<global>; remaining=api_key_alias,api_provider,end_user,hashed_api_key,model,model_id,org_alias,org_id,requested_model,team,team_alias,user,user_email retained as source metadata or intentionally aggregated by this chart; label availability follows exporter configuration; no optional label is used as instance identity unless the chart route requires it	LiteLLM Prometheus callback; prometheus_metrics_config may select families/labels	source-derived synthetic shape/routing proof; does not prove live enablement, values, cadence, or cardinality	chart	LiteLLM/Usage and Cost / Request Token Throughput [request_token_throughput; tokens/s; incremental]	BerriAI/litellm @ 23de7a15d9d40006ee596e617475ba101d60c5e9; litellm/integrations/prometheus*.py and update callsites audited in OPERATOR-MODEL.md
"litellm_output_tokens_metric_total{api_provider=~"".+"",model=~"".+""}"	litellm_output_tokens_metric_total	litellm_output_tokens_metric_total	counter	api_key_alias,api_provider,end_user,hashed_api_key,model,model_id,org_alias,org_id,requested_model,team,team_alias,user,user_email	LiteLLM/Usage and Cost/By Provider and Model	api_provider,model	workload/outcome	Total number of output tokens from LLM requests	independent source family unless a source-defined relationship is stated in OPERATOR-MODEL.md	raw counter -> incremental -> tokens/s; counted/measured object: Total number of output tokens from LLM requests	identity=api_provider,model; routing=api_provider,model; complementary blank/nonblank routes mark those labels optional; remaining=api_key_alias,end_user,hashed_api_key,model_id,org_alias,org_id,requested_model,team,team_alias,user,user_email retained as source metadata or intentionally aggregated by this chart; label availability follows exporter configuration; no optional label is used as instance identity unless the chart route requires it	LiteLLM Prometheus callback; prometheus_metrics_config may select families/labels	source-derived synthetic shape/routing proof; does not prove live enablement, values, cadence, or cardinality	chart	LiteLLM/Usage and Cost/By Provider and Model / Request Token Throughput by Provider and Model [request_token_throughput_by_provider_model; tokens/s; incremental]	BerriAI/litellm @ 23de7a15d9d40006ee596e617475ba101d60c5e9; litellm/integrations/prometheus*.py and update callsites audited in OPERATOR-MODEL.md
"litellm_output_tokens_metric_total{hashed_api_key=~"".+""}"	litellm_output_tokens_metric_total	litellm_output_tokens_metric_total	counter	api_key_alias,api_provider,end_user,hashed_api_key,model,model_id,org_alias,org_id,requested_model,team,team_alias,user,user_email	LiteLLM/Usage and Cost/By API Key	hashed_api_key	workload/outcome	Total number of output tokens from LLM requests	independent source family unless a source-defined relationship is stated in OPERATOR-MODEL.md	raw counter -> incremental -> tokens/s; counted/measured object: Total number of output tokens from LLM requests	identity=hashed_api_key; routing=hashed_api_key; complementary blank/nonblank routes mark those labels optional; remaining=api_key_alias,api_provider,end_user,model,model_id,org_alias,org_id,requested_model,team,team_alias,user,user_email retained as source metadata or intentionally aggregated by this chart; label availability follows exporter configuration; no optional label is used as instance identity unless the chart route requires it	LiteLLM Prometheus callback; prometheus_metrics_config may select families/labels	source-derived synthetic shape/routing proof; does not prove live enablement, values, cadence, or cardinality	chart	LiteLLM/Usage and Cost/By API Key / Request Token Throughput by API Key [request_token_throughput_by_api_key; tokens/s; incremental]	BerriAI/litellm @ 23de7a15d9d40006ee596e617475ba101d60c5e9; litellm/integrations/prometheus*.py and update callsites audited in OPERATOR-MODEL.md
"litellm_output_tokens_metric_total{team=~"".+""}"	litellm_output_tokens_metric_total	litellm_output_tokens_metric_total	counter	api_key_alias,api_provider,end_user,hashed_api_key,model,model_id,org_alias,org_id,requested_model,team,team_alias,user,user_email	LiteLLM/Usage and Cost/By Team	team	workload/outcome	Total number of output tokens from LLM requests	independent source family unless a source-defined relationship is stated in OPERATOR-MODEL.md	raw counter -> incremental -> tokens/s; counted/measured object: Total number of output tokens from LLM requests	identity=team; routing=team; complementary blank/nonblank routes mark those labels optional; remaining=api_key_alias,api_provider,end_user,hashed_api_key,model,model_id,org_alias,org_id,requested_model,team_alias,user,user_email retained as source metadata or intentionally aggregated by this chart; label availability follows exporter configuration; no optional label is used as instance identity unless the chart route requires it	LiteLLM Prometheus callback; prometheus_metrics_config may select families/labels	source-derived synthetic shape/routing proof; does not prove live enablement, values, cadence, or cardinality	chart	LiteLLM/Usage and Cost/By Team / Request Token Throughput by Team [request_token_throughput_by_team; tokens/s; incremental]	BerriAI/litellm @ 23de7a15d9d40006ee596e617475ba101d60c5e9; litellm/integrations/prometheus*.py and update callsites audited in OPERATOR-MODEL.md
"litellm_output_tokens_metric_total{user=~"".+""}"	litellm_output_tokens_metric_total	litellm_output_tokens_metric_total	counter	api_key_alias,api_provider,end_user,hashed_api_key,model,model_id,org_alias,org_id,requested_model,team,team_alias,user,user_email	LiteLLM/Usage and Cost/By User	user	workload/outcome	Total number of output tokens from LLM requests	independent source family unless a source-defined relationship is stated in OPERATOR-MODEL.md	raw counter -> incremental -> tokens/s; counted/measured object: Total number of output tokens from LLM requests	identity=user; routing=user; complementary blank/nonblank routes mark those labels optional; remaining=api_key_alias,api_provider,end_user,hashed_api_key,model,model_id,org_alias,org_id,requested_model,team,team_alias,user_email retained as source metadata or intentionally aggregated by this chart; label availability follows exporter configuration; no optional label is used as instance identity unless the chart route requires it	LiteLLM Prometheus callback; prometheus_metrics_config may select families/labels	source-derived synthetic shape/routing proof; does not prove live enablement, values, cadence, or cardinality	chart	LiteLLM/Usage and Cost/By User / Request Token Throughput by User [request_token_throughput_by_user; tokens/s; incremental]	BerriAI/litellm @ 23de7a15d9d40006ee596e617475ba101d60c5e9; litellm/integrations/prometheus*.py and update callsites audited in OPERATOR-MODEL.md
"litellm_output_tokens_metric_total{org_id=~"".+""}"	litellm_output_tokens_metric_total	litellm_output_tokens_metric_total	counter	api_key_alias,api_provider,end_user,hashed_api_key,model,model_id,org_alias,org_id,requested_model,team,team_alias,user,user_email	LiteLLM/Usage and Cost/By Organization	org_id	workload/outcome	Total number of output tokens from LLM requests	independent source family unless a source-defined relationship is stated in OPERATOR-MODEL.md	raw counter -> incremental -> tokens/s; counted/measured object: Total number of output tokens from LLM requests	identity=org_id; routing=org_id; complementary blank/nonblank routes mark those labels optional; remaining=api_key_alias,api_provider,end_user,hashed_api_key,model,model_id,org_alias,requested_model,team,team_alias,user,user_email retained as source metadata or intentionally aggregated by this chart; label availability follows exporter configuration; no optional label is used as instance identity unless the chart route requires it	LiteLLM Prometheus callback; prometheus_metrics_config may select families/labels	source-derived synthetic shape/routing proof; does not prove live enablement, values, cadence, or cardinality	chart	LiteLLM/Usage and Cost/By Organization / Request Token Throughput by Organization [request_token_throughput_by_organization; tokens/s; incremental]	BerriAI/litellm @ 23de7a15d9d40006ee596e617475ba101d60c5e9; litellm/integrations/prometheus*.py and update callsites audited in OPERATOR-MODEL.md
"litellm_output_tokens_metric_total{end_user=~"".+""}"	litellm_output_tokens_metric_total	litellm_output_tokens_metric_total	counter	api_key_alias,api_provider,end_user,hashed_api_key,model,model_id,org_alias,org_id,requested_model,team,team_alias,user,user_email	LiteLLM/Usage and Cost/By End User	end_user	workload/outcome	Total number of output tokens from LLM requests	independent source family unless a source-defined relationship is stated in OPERATOR-MODEL.md	raw counter -> incremental -> tokens/s; counted/measured object: Total number of output tokens from LLM requests	identity=end_user; routing=end_user; complementary blank/nonblank routes mark those labels optional; remaining=api_key_alias,api_provider,hashed_api_key,model,model_id,org_alias,org_id,requested_model,team,team_alias,user,user_email retained as source metadata or intentionally aggregated by this chart; label availability follows exporter configuration; no optional label is used as instance identity unless the chart route requires it	LiteLLM Prometheus callback; prometheus_metrics_config may select families/labels	source-derived synthetic shape/routing proof; does not prove live enablement, values, cadence, or cardinality	chart	LiteLLM/Usage and Cost/By End User / Request Token Throughput by End User [request_token_throughput_by_end_user; tokens/s; incremental]	BerriAI/litellm @ 23de7a15d9d40006ee596e617475ba101d60c5e9; litellm/integrations/prometheus*.py and update callsites audited in OPERATOR-MODEL.md
"litellm_output_tokens_metric_total{requested_model=~"".+""}"	litellm_output_tokens_metric_total	litellm_output_tokens_metric_total	counter	api_key_alias,api_provider,end_user,hashed_api_key,model,model_id,org_alias,org_id,requested_model,team,team_alias,user,user_email	LiteLLM/Usage and Cost/By Requested Model	requested_model	workload/outcome	Total number of output tokens from LLM requests	independent source family unless a source-defined relationship is stated in OPERATOR-MODEL.md	raw counter -> incremental -> tokens/s; counted/measured object: Total number of output tokens from LLM requests	identity=requested_model; routing=requested_model; complementary blank/nonblank routes mark those labels optional; remaining=api_key_alias,api_provider,end_user,hashed_api_key,model,model_id,org_alias,org_id,team,team_alias,user,user_email retained as source metadata or intentionally aggregated by this chart; label availability follows exporter configuration; no optional label is used as instance identity unless the chart route requires it	LiteLLM Prometheus callback; prometheus_metrics_config may select families/labels	source-derived synthetic shape/routing proof; does not prove live enablement, values, cadence, or cardinality	chart	LiteLLM/Usage and Cost/By Requested Model / Request Token Throughput by Requested Model [request_token_throughput_by_requested_model; tokens/s; incremental]	BerriAI/litellm @ 23de7a15d9d40006ee596e617475ba101d60c5e9; litellm/integrations/prometheus*.py and update callsites audited in OPERATOR-MODEL.md
litellm_overhead_latency_metric_bucket	litellm_overhead_latency_metric_bucket	litellm_overhead_latency_metric	histogram	api_base,api_key_alias,api_provider,hashed_api_key,le,litellm_model_name,model_group,model_id	LiteLLM/Gateway	<global>	latency	Latency overhead (milliseconds) added by LiteLLM processing	histogram bucket component; same observation population as the family bucket/quantile, count, and sum components	raw histogram -> incremental -> observations/s; counted/measured object: Latency overhead (milliseconds) added by LiteLLM processing	identity=<global>; remaining=api_base,api_key_alias,api_provider,hashed_api_key,le,litellm_model_name,model_group,model_id retained as source metadata or intentionally aggregated by this chart; label availability follows exporter configuration; no optional label is used as instance identity unless the chart route requires it	LiteLLM Prometheus callback; prometheus_metrics_config may select families/labels	source-derived synthetic shape/routing proof; does not prove live enablement, values, cadence, or cardinality	chart	LiteLLM/Gateway / LiteLLM Overhead-Latency Distribution [overhead_latency_distribution; observations/s; incremental]	BerriAI/litellm @ 23de7a15d9d40006ee596e617475ba101d60c5e9; litellm/integrations/prometheus*.py and update callsites audited in OPERATOR-MODEL.md
litellm_overhead_latency_metric_count	litellm_overhead_latency_metric_count	litellm_overhead_latency_metric	histogram	api_base,api_key_alias,api_provider,hashed_api_key,le,litellm_model_name,model_group,model_id	LiteLLM/Gateway	<global>	latency	Latency overhead (milliseconds) added by LiteLLM processing	histogram count component; same observation population as the family bucket/quantile, count, and sum components	raw histogram -> incremental -> requests/s; counted/measured object: Latency overhead (milliseconds) added by LiteLLM processing	identity=<global>; remaining=api_base,api_key_alias,api_provider,hashed_api_key,le,litellm_model_name,model_group,model_id retained as source metadata or intentionally aggregated by this chart; label availability follows exporter configuration; no optional label is used as instance identity unless the chart route requires it	LiteLLM Prometheus callback; prometheus_metrics_config may select families/labels	source-derived synthetic shape/routing proof; does not prove live enablement, values, cadence, or cardinality	chart	LiteLLM/Gateway / Internal Overhead Measurements [internal_overhead_measurements; requests/s; incremental]	BerriAI/litellm @ 23de7a15d9d40006ee596e617475ba101d60c5e9; litellm/integrations/prometheus*.py and update callsites audited in OPERATOR-MODEL.md
litellm_overhead_latency_metric_sum	litellm_overhead_latency_metric_sum	litellm_overhead_latency_metric	histogram	api_base,api_key_alias,api_provider,hashed_api_key,le,litellm_model_name,model_group,model_id	LiteLLM/Gateway	<global>	latency	Latency overhead (milliseconds) added by LiteLLM processing	histogram sum component; same observation population as the family bucket/quantile, count, and sum components	raw histogram -> incremental -> seconds/s; counted/measured object: Latency overhead (milliseconds) added by LiteLLM processing	identity=<global>; remaining=api_base,api_key_alias,api_provider,hashed_api_key,le,litellm_model_name,model_group,model_id retained as source metadata or intentionally aggregated by this chart; label availability follows exporter configuration; no optional label is used as instance identity unless the chart route requires it	LiteLLM Prometheus callback; prometheus_metrics_config may select families/labels	source-derived synthetic shape/routing proof; does not prove live enablement, values, cadence, or cardinality	chart	LiteLLM/Gateway / Accumulated Internal Overhead [accumulated_internal_overhead; seconds/s; incremental]	BerriAI/litellm @ 23de7a15d9d40006ee596e617475ba101d60c5e9; litellm/integrations/prometheus*.py and update callsites audited in OPERATOR-MODEL.md
"litellm_overhead_latency_metric_bucket{api_provider=~"".+"",litellm_model_name=~"".+""}"	litellm_overhead_latency_metric_bucket	litellm_overhead_latency_metric	histogram	api_base,api_key_alias,api_provider,hashed_api_key,le,litellm_model_name,model_group,model_id	LiteLLM/Gateway/By Provider and LiteLLM Model	api_provider,litellm_model_name	latency	Latency overhead (milliseconds) added by LiteLLM processing	histogram bucket component; same observation population as the family bucket/quantile, count, and sum components	raw histogram -> incremental -> observations/s; counted/measured object: Latency overhead (milliseconds) added by LiteLLM processing	identity=api_provider,litellm_model_name; routing=api_provider,litellm_model_name; complementary blank/nonblank routes mark those labels optional; remaining=api_base,api_key_alias,hashed_api_key,le,model_group,model_id retained as source metadata or intentionally aggregated by this chart; label availability follows exporter configuration; no optional label is used as instance identity unless the chart route requires it	LiteLLM Prometheus callback; prometheus_metrics_config may select families/labels	source-derived synthetic shape/routing proof; does not prove live enablement, values, cadence, or cardinality	chart	LiteLLM/Gateway/By Provider and LiteLLM Model / LiteLLM Overhead-Latency Distribution by Provider and LiteLLM Model [overhead_latency_distribution_by_provider_litellm_model; observations/s; incremental]	BerriAI/litellm @ 23de7a15d9d40006ee596e617475ba101d60c5e9; litellm/integrations/prometheus*.py and update callsites audited in OPERATOR-MODEL.md
"litellm_overhead_latency_metric_count{api_provider=~"".+"",litellm_model_name=~"".+""}"	litellm_overhead_latency_metric_count	litellm_overhead_latency_metric	histogram	api_base,api_key_alias,api_provider,hashed_api_key,le,litellm_model_name,model_group,model_id	LiteLLM/Gateway/By Provider and LiteLLM Model	api_provider,litellm_model_name	latency	Latency overhead (milliseconds) added by LiteLLM processing	histogram count component; same observation population as the family bucket/quantile, count, and sum components	raw histogram -> incremental -> requests/s; counted/measured object: Latency overhead (milliseconds) added by LiteLLM processing	identity=api_provider,litellm_model_name; routing=api_provider,litellm_model_name; complementary blank/nonblank routes mark those labels optional; remaining=api_base,api_key_alias,hashed_api_key,le,model_group,model_id retained as source metadata or intentionally aggregated by this chart; label availability follows exporter configuration; no optional label is used as instance identity unless the chart route requires it	LiteLLM Prometheus callback; prometheus_metrics_config may select families/labels	source-derived synthetic shape/routing proof; does not prove live enablement, values, cadence, or cardinality	chart	LiteLLM/Gateway/By Provider and LiteLLM Model / Internal Overhead Measurements by Provider and LiteLLM Model [internal_overhead_measurements_by_provider_litellm_model; requests/s; incremental]	BerriAI/litellm @ 23de7a15d9d40006ee596e617475ba101d60c5e9; litellm/integrations/prometheus*.py and update callsites audited in OPERATOR-MODEL.md
"litellm_overhead_latency_metric_sum{api_provider=~"".+"",litellm_model_name=~"".+""}"	litellm_overhead_latency_metric_sum	litellm_overhead_latency_metric	histogram	api_base,api_key_alias,api_provider,hashed_api_key,le,litellm_model_name,model_group,model_id	LiteLLM/Gateway/By Provider and LiteLLM Model	api_provider,litellm_model_name	latency	Latency overhead (milliseconds) added by LiteLLM processing	histogram sum component; same observation population as the family bucket/quantile, count, and sum components	raw histogram -> incremental -> seconds/s; counted/measured object: Latency overhead (milliseconds) added by LiteLLM processing	identity=api_provider,litellm_model_name; routing=api_provider,litellm_model_name; complementary blank/nonblank routes mark those labels optional; remaining=api_base,api_key_alias,hashed_api_key,le,model_group,model_id retained as source metadata or intentionally aggregated by this chart; label availability follows exporter configuration; no optional label is used as instance identity unless the chart route requires it	LiteLLM Prometheus callback; prometheus_metrics_config may select families/labels	source-derived synthetic shape/routing proof; does not prove live enablement, values, cadence, or cardinality	chart	LiteLLM/Gateway/By Provider and LiteLLM Model / Accumulated Internal Overhead by Provider and LiteLLM Model [accumulated_internal_overhead_by_provider_litellm_model; seconds/s; incremental]	BerriAI/litellm @ 23de7a15d9d40006ee596e617475ba101d60c5e9; litellm/integrations/prometheus*.py and update callsites audited in OPERATOR-MODEL.md
litellm_overhead_latency_metric_created	litellm_overhead_latency_metric_created	litellm_overhead_latency_metric_created	gauge	api_base,api_key_alias,api_provider,hashed_api_key,litellm_model_name,model_group,model_id	<excluded>	<none>	latency	Latency overhead (milliseconds) added by LiteLLM processing	generated registration-timestamp companion; excluded from operational charts	raw gauge; no rendered unit because job-excluded	source labels=api_base,api_key_alias,api_provider,hashed_api_key,litellm_model_name,model_group,model_id; no chart identity/dimension role	LiteLLM Prometheus callback; prometheus_metrics_config may select families/labels	source-derived synthetic shape/routing proof; exclusion reason is runtime-validated	job-excluded	recommended job exclusion; lost question documented in OPERATOR-MODEL.md	BerriAI/litellm @ 23de7a15d9d40006ee596e617475ba101d60c5e9; litellm/integrations/prometheus*.py and update callsites audited in OPERATOR-MODEL.md
litellm_overhead_with_guardrails_latency_metric_bucket	litellm_overhead_with_guardrails_latency_metric_bucket	litellm_overhead_with_guardrails_latency_metric	histogram	api_base,api_key_alias,api_provider,hashed_api_key,le,litellm_model_name,model_group,model_id	LiteLLM/Gateway	<global>	latency	Total internal latency (seconds) added by LiteLLM, including pre/post-call guardrails (excludes the LLM API call)	histogram bucket component; same observation population as the family bucket/quantile, count, and sum components	raw histogram -> incremental -> observations/s; counted/measured object: Total internal latency (seconds) added by LiteLLM, including pre/post-call guardrails (excludes the LLM API call)	identity=<global>; remaining=api_base,api_key_alias,api_provider,hashed_api_key,le,litellm_model_name,model_group,model_id retained as source metadata or intentionally aggregated by this chart; label availability follows exporter configuration; no optional label is used as instance identity unless the chart route requires it	guardrail callback	source-derived synthetic shape/routing proof; does not prove live enablement, values, cadence, or cardinality	chart	LiteLLM/Gateway / Guardrail-Inclusive Overhead Distribution [overhead_with_guardrails_distribution; observations/s; incremental]	BerriAI/litellm @ 23de7a15d9d40006ee596e617475ba101d60c5e9; litellm/integrations/prometheus*.py and update callsites audited in OPERATOR-MODEL.md
litellm_overhead_with_guardrails_latency_metric_count	litellm_overhead_with_guardrails_latency_metric_count	litellm_overhead_with_guardrails_latency_metric	histogram	api_base,api_key_alias,api_provider,hashed_api_key,le,litellm_model_name,model_group,model_id	LiteLLM/Gateway	<global>	latency	Total internal latency (seconds) added by LiteLLM, including pre/post-call guardrails (excludes the LLM API call)	histogram count component; same observation population as the family bucket/quantile, count, and sum components	raw histogram -> incremental -> requests/s; counted/measured object: Total internal latency (seconds) added by LiteLLM, including pre/post-call guardrails (excludes the LLM API call)	identity=<global>; remaining=api_base,api_key_alias,api_provider,hashed_api_key,le,litellm_model_name,model_group,model_id retained as source metadata or intentionally aggregated by this chart; label availability follows exporter configuration; no optional label is used as instance identity unless the chart route requires it	guardrail callback	source-derived synthetic shape/routing proof; does not prove live enablement, values, cadence, or cardinality	chart	LiteLLM/Gateway / Internal Overhead Measurements [internal_overhead_measurements; requests/s; incremental]	BerriAI/litellm @ 23de7a15d9d40006ee596e617475ba101d60c5e9; litellm/integrations/prometheus*.py and update callsites audited in OPERATOR-MODEL.md
litellm_overhead_with_guardrails_latency_metric_sum	litellm_overhead_with_guardrails_latency_metric_sum	litellm_overhead_with_guardrails_latency_metric	histogram	api_base,api_key_alias,api_provider,hashed_api_key,le,litellm_model_name,model_group,model_id	LiteLLM/Gateway	<global>	latency	Total internal latency (seconds) added by LiteLLM, including pre/post-call guardrails (excludes the LLM API call)	histogram sum component; same observation population as the family bucket/quantile, count, and sum components	raw histogram -> incremental -> seconds/s; counted/measured object: Total internal latency (seconds) added by LiteLLM, including pre/post-call guardrails (excludes the LLM API call)	identity=<global>; remaining=api_base,api_key_alias,api_provider,hashed_api_key,le,litellm_model_name,model_group,model_id retained as source metadata or intentionally aggregated by this chart; label availability follows exporter configuration; no optional label is used as instance identity unless the chart route requires it	guardrail callback	source-derived synthetic shape/routing proof; does not prove live enablement, values, cadence, or cardinality	chart	LiteLLM/Gateway / Accumulated Internal Overhead [accumulated_internal_overhead; seconds/s; incremental]	BerriAI/litellm @ 23de7a15d9d40006ee596e617475ba101d60c5e9; litellm/integrations/prometheus*.py and update callsites audited in OPERATOR-MODEL.md
"litellm_overhead_with_guardrails_latency_metric_bucket{api_provider=~"".+"",litellm_model_name=~"".+""}"	litellm_overhead_with_guardrails_latency_metric_bucket	litellm_overhead_with_guardrails_latency_metric	histogram	api_base,api_key_alias,api_provider,hashed_api_key,le,litellm_model_name,model_group,model_id	LiteLLM/Gateway/By Provider and LiteLLM Model	api_provider,litellm_model_name	latency	Total internal latency (seconds) added by LiteLLM, including pre/post-call guardrails (excludes the LLM API call)	histogram bucket component; same observation population as the family bucket/quantile, count, and sum components	raw histogram -> incremental -> observations/s; counted/measured object: Total internal latency (seconds) added by LiteLLM, including pre/post-call guardrails (excludes the LLM API call)	identity=api_provider,litellm_model_name; routing=api_provider,litellm_model_name; complementary blank/nonblank routes mark those labels optional; remaining=api_base,api_key_alias,hashed_api_key,le,model_group,model_id retained as source metadata or intentionally aggregated by this chart; label availability follows exporter configuration; no optional label is used as instance identity unless the chart route requires it	guardrail callback	source-derived synthetic shape/routing proof; does not prove live enablement, values, cadence, or cardinality	chart	LiteLLM/Gateway/By Provider and LiteLLM Model / Guardrail-Inclusive Overhead Distribution by Provider and LiteLLM Model [overhead_with_guardrails_distribution_by_provider_litellm_model; observations/s; incremental]	BerriAI/litellm @ 23de7a15d9d40006ee596e617475ba101d60c5e9; litellm/integrations/prometheus*.py and update callsites audited in OPERATOR-MODEL.md
"litellm_overhead_with_guardrails_latency_metric_count{api_provider=~"".+"",litellm_model_name=~"".+""}"	litellm_overhead_with_guardrails_latency_metric_count	litellm_overhead_with_guardrails_latency_metric	histogram	api_base,api_key_alias,api_provider,hashed_api_key,le,litellm_model_name,model_group,model_id	LiteLLM/Gateway/By Provider and LiteLLM Model	api_provider,litellm_model_name	latency	Total internal latency (seconds) added by LiteLLM, including pre/post-call guardrails (excludes the LLM API call)	histogram count component; same observation population as the family bucket/quantile, count, and sum components	raw histogram -> incremental -> requests/s; counted/measured object: Total internal latency (seconds) added by LiteLLM, including pre/post-call guardrails (excludes the LLM API call)	identity=api_provider,litellm_model_name; routing=api_provider,litellm_model_name; complementary blank/nonblank routes mark those labels optional; remaining=api_base,api_key_alias,hashed_api_key,le,model_group,model_id retained as source metadata or intentionally aggregated by this chart; label availability follows exporter configuration; no optional label is used as instance identity unless the chart route requires it	guardrail callback	source-derived synthetic shape/routing proof; does not prove live enablement, values, cadence, or cardinality	chart	LiteLLM/Gateway/By Provider and LiteLLM Model / Internal Overhead Measurements by Provider and LiteLLM Model [internal_overhead_measurements_by_provider_litellm_model; requests/s; incremental]	BerriAI/litellm @ 23de7a15d9d40006ee596e617475ba101d60c5e9; litellm/integrations/prometheus*.py and update callsites audited in OPERATOR-MODEL.md
"litellm_overhead_with_guardrails_latency_metric_sum{api_provider=~"".+"",litellm_model_name=~"".+""}"	litellm_overhead_with_guardrails_latency_metric_sum	litellm_overhead_with_guardrails_latency_metric	histogram	api_base,api_key_alias,api_provider,hashed_api_key,le,litellm_model_name,model_group,model_id	LiteLLM/Gateway/By Provider and LiteLLM Model	api_provider,litellm_model_name	latency	Total internal latency (seconds) added by LiteLLM, including pre/post-call guardrails (excludes the LLM API call)	histogram sum component; same observation population as the family bucket/quantile, count, and sum components	raw histogram -> incremental -> seconds/s; counted/measured object: Total internal latency (seconds) added by LiteLLM, including pre/post-call guardrails (excludes the LLM API call)	identity=api_provider,litellm_model_name; routing=api_provider,litellm_model_name; complementary blank/nonblank routes mark those labels optional; remaining=api_base,api_key_alias,hashed_api_key,le,model_group,model_id retained as source metadata or intentionally aggregated by this chart; label availability follows exporter configuration; no optional label is used as instance identity unless the chart route requires it	guardrail callback	source-derived synthetic shape/routing proof; does not prove live enablement, values, cadence, or cardinality	chart	LiteLLM/Gateway/By Provider and LiteLLM Model / Accumulated Internal Overhead by Provider and LiteLLM Model [accumulated_internal_overhead_by_provider_litellm_model; seconds/s; incremental]	BerriAI/litellm @ 23de7a15d9d40006ee596e617475ba101d60c5e9; litellm/integrations/prometheus*.py and update callsites audited in OPERATOR-MODEL.md
litellm_overhead_with_guardrails_latency_metric_created	litellm_overhead_with_guardrails_latency_metric_created	litellm_overhead_with_guardrails_latency_metric_created	gauge	api_base,api_key_alias,api_provider,hashed_api_key,litellm_model_name,model_group,model_id	<excluded>	<none>	latency	Total internal latency (seconds) added by LiteLLM, including pre/post-call guardrails (excludes the LLM API call)	generated registration-timestamp companion; excluded from operational charts	raw gauge; no rendered unit because job-excluded	source labels=api_base,api_key_alias,api_provider,hashed_api_key,litellm_model_name,model_group,model_id; no chart identity/dimension role	guardrail callback	source-derived synthetic shape/routing proof; exclusion reason is runtime-validated	job-excluded	recommended job exclusion; lost question documented in OPERATOR-MODEL.md	BerriAI/litellm @ 23de7a15d9d40006ee596e617475ba101d60c5e9; litellm/integrations/prometheus*.py and update callsites audited in OPERATOR-MODEL.md
litellm_pod_lock_manager_size	litellm_pod_lock_manager_size	litellm_pod_lock_manager_size	gauge	pid,pod_lock_manager	LiteLLM/Internal Services/Pod Locks	*	domain signal	Gauge for pod_lock_manager service	independent source family unless a source-defined relationship is stated in OPERATOR-MODEL.md	raw gauge -> absolute -> locks; counted/measured object: Gauge for pod_lock_manager service	all emitted labels are instance identity; label availability follows exporter configuration; no optional label is used as instance identity unless the chart route requires it	LiteLLM Prometheus callback; prometheus_metrics_config may select families/labels	source-derived synthetic shape/routing proof; does not prove live enablement, values, cadence, or cardinality	chart	LiteLLM/Internal Services/Pod Locks / Pod-Lock Manager Size [pod_lock_manager_size; locks; absolute]	BerriAI/litellm @ 23de7a15d9d40006ee596e617475ba101d60c5e9; litellm/integrations/prometheus*.py and update callsites audited in OPERATOR-MODEL.md
litellm_postgres_failed_requests_created	litellm_postgres_failed_requests_created	litellm_postgres_failed_requests_created	gauge	error_class,function_name,postgres	<excluded>	<none>	error/outcome	Total failed_requests for postgres service	generated registration-timestamp companion; excluded from operational charts	raw gauge; no rendered unit because job-excluded	source labels=error_class,function_name,postgres; no chart identity/dimension role	PostgreSQL integration	source-derived synthetic shape/routing proof; exclusion reason is runtime-validated	job-excluded	recommended job exclusion; lost question documented in OPERATOR-MODEL.md	BerriAI/litellm @ 23de7a15d9d40006ee596e617475ba101d60c5e9; litellm/integrations/prometheus*.py and update callsites audited in OPERATOR-MODEL.md
litellm_postgres_failed_requests_total	litellm_postgres_failed_requests_total	litellm_postgres_failed_requests_total	counter	error_class,function_name,postgres	LiteLLM/Internal Services	<global>	error/outcome	Total failed_requests for postgres service	independent source family unless a source-defined relationship is stated in OPERATOR-MODEL.md	raw counter -> incremental -> failures/s; counted/measured object: Total failed_requests for postgres service	identity=<global>; remaining=error_class,function_name,postgres retained as source metadata or intentionally aggregated by this chart; label availability follows exporter configuration; no optional label is used as instance identity unless the chart route requires it	PostgreSQL integration	source-derived synthetic shape/routing proof; does not prove live enablement, values, cadence, or cardinality	chart	LiteLLM/Internal Services / Internal Service Failures [internal_service_failures; failures/s; incremental]	BerriAI/litellm @ 23de7a15d9d40006ee596e617475ba101d60c5e9; litellm/integrations/prometheus*.py and update callsites audited in OPERATOR-MODEL.md
litellm_postgres_latency_bucket	litellm_postgres_latency_bucket	litellm_postgres_latency	histogram	le,postgres	LiteLLM/Internal Services	<global>	latency	Latency for postgres service	histogram bucket component; same observation population as the family bucket/quantile, count, and sum components	raw histogram -> incremental -> observations/s; counted/measured object: Latency for postgres service	identity=<global>; remaining=le,postgres retained as source metadata or intentionally aggregated by this chart; label availability follows exporter configuration; no optional label is used as instance identity unless the chart route requires it	PostgreSQL integration	source-derived synthetic shape/routing proof; does not prove live enablement, values, cadence, or cardinality	chart	LiteLLM/Internal Services / Postgres Latency Distribution [postgres_latency_distribution; observations/s; incremental]	BerriAI/litellm @ 23de7a15d9d40006ee596e617475ba101d60c5e9; litellm/integrations/prometheus*.py and update callsites audited in OPERATOR-MODEL.md
litellm_postgres_latency_count	litellm_postgres_latency_count	litellm_postgres_latency	histogram	le,postgres	LiteLLM/Internal Services	<global>	latency	Latency for postgres service	histogram count component; same observation population as the family bucket/quantile, count, and sum components	raw histogram -> incremental -> requests/s; counted/measured object: Latency for postgres service	identity=<global>; remaining=le,postgres retained as source metadata or intentionally aggregated by this chart; label availability follows exporter configuration; no optional label is used as instance identity unless the chart route requires it	PostgreSQL integration	source-derived synthetic shape/routing proof; does not prove live enablement, values, cadence, or cardinality	chart	LiteLLM/Internal Services / Internal Service Latency Measurements [internal_service_latency_measurements; requests/s; incremental]	BerriAI/litellm @ 23de7a15d9d40006ee596e617475ba101d60c5e9; litellm/integrations/prometheus*.py and update callsites audited in OPERATOR-MODEL.md
litellm_postgres_latency_sum	litellm_postgres_latency_sum	litellm_postgres_latency	histogram	le,postgres	LiteLLM/Internal Services	<global>	latency	Latency for postgres service	histogram sum component; same observation population as the family bucket/quantile, count, and sum components	raw histogram -> incremental -> seconds/s; counted/measured object: Latency for postgres service	identity=<global>; remaining=le,postgres retained as source metadata or intentionally aggregated by this chart; label availability follows exporter configuration; no optional label is used as instance identity unless the chart route requires it	PostgreSQL integration	source-derived synthetic shape/routing proof; does not prove live enablement, values, cadence, or cardinality	chart	LiteLLM/Internal Services / Accumulated Internal Service Latency [accumulated_internal_service_latency; seconds/s; incremental]	BerriAI/litellm @ 23de7a15d9d40006ee596e617475ba101d60c5e9; litellm/integrations/prometheus*.py and update callsites audited in OPERATOR-MODEL.md
litellm_postgres_latency_created	litellm_postgres_latency_created	litellm_postgres_latency_created	gauge	postgres	<excluded>	<none>	latency	Latency for postgres service	generated registration-timestamp companion; excluded from operational charts	raw gauge; no rendered unit because job-excluded	source labels=postgres; no chart identity/dimension role	PostgreSQL integration	source-derived synthetic shape/routing proof; exclusion reason is runtime-validated	job-excluded	recommended job exclusion; lost question documented in OPERATOR-MODEL.md	BerriAI/litellm @ 23de7a15d9d40006ee596e617475ba101d60c5e9; litellm/integrations/prometheus*.py and update callsites audited in OPERATOR-MODEL.md
litellm_postgres_total_requests_created	litellm_postgres_total_requests_created	litellm_postgres_total_requests_created	gauge	postgres	<excluded>	<none>	workload/outcome	Total total_requests for postgres service	generated registration-timestamp companion; excluded from operational charts	raw gauge; no rendered unit because job-excluded	source labels=postgres; no chart identity/dimension role	PostgreSQL integration	source-derived synthetic shape/routing proof; exclusion reason is runtime-validated	job-excluded	recommended job exclusion; lost question documented in OPERATOR-MODEL.md	BerriAI/litellm @ 23de7a15d9d40006ee596e617475ba101d60c5e9; litellm/integrations/prometheus*.py and update callsites audited in OPERATOR-MODEL.md
litellm_postgres_total_requests_total	litellm_postgres_total_requests_total	litellm_postgres_total_requests_total	counter	postgres	LiteLLM/Internal Services	<global>	workload/outcome	Total total_requests for postgres service	independent source family unless a source-defined relationship is stated in OPERATOR-MODEL.md	raw counter -> incremental -> requests/s; counted/measured object: Total total_requests for postgres service	identity=<global>; remaining=postgres retained as source metadata or intentionally aggregated by this chart; label availability follows exporter configuration; no optional label is used as instance identity unless the chart route requires it	PostgreSQL integration	source-derived synthetic shape/routing proof; does not prove live enablement, values, cadence, or cardinality	chart	LiteLLM/Internal Services / Internal Service Requests [internal_service_requests; requests/s; incremental]	BerriAI/litellm @ 23de7a15d9d40006ee596e617475ba101d60c5e9; litellm/integrations/prometheus*.py and update callsites audited in OPERATOR-MODEL.md
litellm_provider_cache_creation_input_tokens_metric_created	litellm_provider_cache_creation_input_tokens_metric_created	litellm_provider_cache_creation_input_tokens_metric_created	gauge	api_key_alias,api_provider,end_user,hashed_api_key,model,model_id,team,team_alias,user	<excluded>	<none>	workload/outcome	Total prompt/input tokens written to provider prompt cache (e.g. Anthropic/Bedrock)	generated registration-timestamp companion; excluded from operational charts	raw gauge; no rendered unit because job-excluded	source labels=api_key_alias,api_provider,end_user,hashed_api_key,model,model_id,team,team_alias,user; no chart identity/dimension role	LiteLLM Prometheus callback; prometheus_metrics_config may select families/labels	source-derived synthetic shape/routing proof; exclusion reason is runtime-validated	job-excluded	recommended job exclusion; lost question documented in OPERATOR-MODEL.md	BerriAI/litellm @ 23de7a15d9d40006ee596e617475ba101d60c5e9; litellm/integrations/prometheus*.py and update callsites audited in OPERATOR-MODEL.md
litellm_provider_cache_creation_input_tokens_metric_total	litellm_provider_cache_creation_input_tokens_metric_total	litellm_provider_cache_creation_input_tokens_metric_total	counter	api_key_alias,api_provider,end_user,hashed_api_key,model,model_id,team,team_alias,user	LiteLLM/Caching	<global>	workload/outcome	Total prompt/input tokens written to provider prompt cache (e.g. Anthropic/Bedrock)	independent source family unless a source-defined relationship is stated in OPERATOR-MODEL.md	raw counter -> incremental -> tokens/s; counted/measured object: Total prompt/input tokens written to provider prompt cache (e.g. Anthropic/Bedrock)	identity=<global>; remaining=api_key_alias,api_provider,end_user,hashed_api_key,model,model_id,team,team_alias,user retained as source metadata or intentionally aggregated by this chart; label availability follows exporter configuration; no optional label is used as instance identity unless the chart route requires it	LiteLLM Prometheus callback; prometheus_metrics_config may select families/labels	source-derived synthetic shape/routing proof; does not prove live enablement, values, cadence, or cardinality	chart	LiteLLM/Caching / Provider Cache Token Throughput [provider_cache_token_throughput; tokens/s; incremental]	BerriAI/litellm @ 23de7a15d9d40006ee596e617475ba101d60c5e9; litellm/integrations/prometheus*.py and update callsites audited in OPERATOR-MODEL.md
"litellm_provider_cache_creation_input_tokens_metric_total{api_provider=~"".+"",model=~"".+""}"	litellm_provider_cache_creation_input_tokens_metric_total	litellm_provider_cache_creation_input_tokens_metric_total	counter	api_key_alias,api_provider,end_user,hashed_api_key,model,model_id,team,team_alias,user	LiteLLM/Caching/By Provider and Model	api_provider,model	workload/outcome	Total prompt/input tokens written to provider prompt cache (e.g. Anthropic/Bedrock)	independent source family unless a source-defined relationship is stated in OPERATOR-MODEL.md	raw counter -> incremental -> tokens/s; counted/measured object: Total prompt/input tokens written to provider prompt cache (e.g. Anthropic/Bedrock)	identity=api_provider,model; routing=api_provider,model; complementary blank/nonblank routes mark those labels optional; remaining=api_key_alias,end_user,hashed_api_key,model_id,team,team_alias,user retained as source metadata or intentionally aggregated by this chart; label availability follows exporter configuration; no optional label is used as instance identity unless the chart route requires it	LiteLLM Prometheus callback; prometheus_metrics_config may select families/labels	source-derived synthetic shape/routing proof; does not prove live enablement, values, cadence, or cardinality	chart	LiteLLM/Caching/By Provider and Model / Provider Cache Token Throughput by Provider and Model [provider_cache_token_throughput_by_provider_model; tokens/s; incremental]	BerriAI/litellm @ 23de7a15d9d40006ee596e617475ba101d60c5e9; litellm/integrations/prometheus*.py and update callsites audited in OPERATOR-MODEL.md
litellm_provider_cache_read_input_tokens_metric_created	litellm_provider_cache_read_input_tokens_metric_created	litellm_provider_cache_read_input_tokens_metric_created	gauge	api_key_alias,api_provider,end_user,hashed_api_key,model,model_id,team,team_alias,user	<excluded>	<none>	workload/outcome	Total prompt/input tokens read from provider prompt cache (e.g. OpenAI/Anthropic/Gemini/Bedrock)	generated registration-timestamp companion; excluded from operational charts	raw gauge; no rendered unit because job-excluded	source labels=api_key_alias,api_provider,end_user,hashed_api_key,model,model_id,team,team_alias,user; no chart identity/dimension role	LiteLLM Prometheus callback; prometheus_metrics_config may select families/labels	source-derived synthetic shape/routing proof; exclusion reason is runtime-validated	job-excluded	recommended job exclusion; lost question documented in OPERATOR-MODEL.md	BerriAI/litellm @ 23de7a15d9d40006ee596e617475ba101d60c5e9; litellm/integrations/prometheus*.py and update callsites audited in OPERATOR-MODEL.md
litellm_provider_cache_read_input_tokens_metric_total	litellm_provider_cache_read_input_tokens_metric_total	litellm_provider_cache_read_input_tokens_metric_total	counter	api_key_alias,api_provider,end_user,hashed_api_key,model,model_id,team,team_alias,user	LiteLLM/Caching	<global>	workload/outcome	Total prompt/input tokens read from provider prompt cache (e.g. OpenAI/Anthropic/Gemini/Bedrock)	independent source family unless a source-defined relationship is stated in OPERATOR-MODEL.md	raw counter -> incremental -> tokens/s; counted/measured object: Total prompt/input tokens read from provider prompt cache (e.g. OpenAI/Anthropic/Gemini/Bedrock)	identity=<global>; remaining=api_key_alias,api_provider,end_user,hashed_api_key,model,model_id,team,team_alias,user retained as source metadata or intentionally aggregated by this chart; label availability follows exporter configuration; no optional label is used as instance identity unless the chart route requires it	LiteLLM Prometheus callback; prometheus_metrics_config may select families/labels	source-derived synthetic shape/routing proof; does not prove live enablement, values, cadence, or cardinality	chart	LiteLLM/Caching / Provider Cache Token Throughput [provider_cache_token_throughput; tokens/s; incremental]	BerriAI/litellm @ 23de7a15d9d40006ee596e617475ba101d60c5e9; litellm/integrations/prometheus*.py and update callsites audited in OPERATOR-MODEL.md
"litellm_provider_cache_read_input_tokens_metric_total{api_provider=~"".+"",model=~"".+""}"	litellm_provider_cache_read_input_tokens_metric_total	litellm_provider_cache_read_input_tokens_metric_total	counter	api_key_alias,api_provider,end_user,hashed_api_key,model,model_id,team,team_alias,user	LiteLLM/Caching/By Provider and Model	api_provider,model	workload/outcome	Total prompt/input tokens read from provider prompt cache (e.g. OpenAI/Anthropic/Gemini/Bedrock)	independent source family unless a source-defined relationship is stated in OPERATOR-MODEL.md	raw counter -> incremental -> tokens/s; counted/measured object: Total prompt/input tokens read from provider prompt cache (e.g. OpenAI/Anthropic/Gemini/Bedrock)	identity=api_provider,model; routing=api_provider,model; complementary blank/nonblank routes mark those labels optional; remaining=api_key_alias,end_user,hashed_api_key,model_id,team,team_alias,user retained as source metadata or intentionally aggregated by this chart; label availability follows exporter configuration; no optional label is used as instance identity unless the chart route requires it	LiteLLM Prometheus callback; prometheus_metrics_config may select families/labels	source-derived synthetic shape/routing proof; does not prove live enablement, values, cadence, or cardinality	chart	LiteLLM/Caching/By Provider and Model / Provider Cache Token Throughput by Provider and Model [provider_cache_token_throughput_by_provider_model; tokens/s; incremental]	BerriAI/litellm @ 23de7a15d9d40006ee596e617475ba101d60c5e9; litellm/integrations/prometheus*.py and update callsites audited in OPERATOR-MODEL.md
litellm_provider_remaining_budget_metric	litellm_provider_remaining_budget_metric	litellm_provider_remaining_budget_metric	gauge	api_provider,pid	LiteLLM/Governance/Providers	*	capacity/resource	Remaining budget for provider - used when you set provider budget limits	independent source family unless a source-defined relationship is stated in OPERATOR-MODEL.md	raw gauge -> absolute -> USD; counted/measured object: Remaining budget for provider - used when you set provider budget limits	all emitted labels are instance identity; label availability follows exporter configuration; no optional label is used as instance identity unless the chart route requires it	budget tracking	source-derived synthetic shape/routing proof; does not prove live enablement, values, cadence, or cardinality	chart	LiteLLM/Governance/Providers / Provider Remaining Budget [provider_remaining_budget; USD; absolute]	BerriAI/litellm @ 23de7a15d9d40006ee596e617475ba101d60c5e9; litellm/integrations/prometheus*.py and update callsites audited in OPERATOR-MODEL.md
litellm_proxy_failed_requests_metric_created	litellm_proxy_failed_requests_metric_created	litellm_proxy_failed_requests_metric_created	gauge	api_key_alias,api_provider,client_ip,end_user,exception_class,exception_status,hashed_api_key,model_id,org_alias,org_id,requested_model,route,team,team_alias,user,user_agent,user_email	<excluded>	<none>	error/outcome	Total number of failed responses from proxy - the client did not get a success response from litellm proxy	generated registration-timestamp companion; excluded from operational charts	raw gauge; no rendered unit because job-excluded	source labels=api_key_alias,api_provider,client_ip,end_user,exception_class,exception_status,hashed_api_key,model_id,org_alias,org_id,requested_model,route,team,team_alias,user,user_agent,user_email; no chart identity/dimension role	LiteLLM Prometheus callback; prometheus_metrics_config may select families/labels	source-derived synthetic shape/routing proof; exclusion reason is runtime-validated	job-excluded	recommended job exclusion; lost question documented in OPERATOR-MODEL.md	BerriAI/litellm @ 23de7a15d9d40006ee596e617475ba101d60c5e9; litellm/integrations/prometheus*.py and update callsites audited in OPERATOR-MODEL.md
"litellm_proxy_failed_requests_metric_total{exception_status=~"".*[^[:space:]].*""}"	litellm_proxy_failed_requests_metric_total	litellm_proxy_failed_requests_metric_total	counter	api_key_alias,api_provider,client_ip,end_user,exception_class,exception_status,hashed_api_key,model_id,org_alias,org_id,rate_limit_category,rate_limit_type,requested_model,route,team,team_alias,user,user_agent,user_email	LiteLLM/Gateway	<global>	error/outcome	Total number of failed responses from proxy - the client did not get a success response from litellm proxy	independent source family unless a source-defined relationship is stated in OPERATOR-MODEL.md	raw counter -> incremental -> failures/s; counted/measured object: Total number of failed responses from proxy - the client did not get a success response from litellm proxy	identity=<global>; dimension=exception_status; routing=exception_status; complementary blank/nonblank routes mark those labels optional; remaining=api_key_alias,api_provider,client_ip,end_user,exception_class,hashed_api_key,model_id,org_alias,org_id,rate_limit_category,rate_limit_type,requested_model,route,team,team_alias,user,user_agent,user_email retained as source metadata or intentionally aggregated by this chart; label availability follows exporter configuration; no optional label is used as instance identity unless the chart route requires it	LiteLLM Prometheus callback; prometheus_metrics_config may select families/labels	source-derived synthetic shape/routing proof; does not prove live enablement, values, cadence, or cardinality	chart	LiteLLM/Gateway / Client Failures by Status [client_failures_by_status; failures/s; incremental]	BerriAI/litellm @ 23de7a15d9d40006ee596e617475ba101d60c5e9; litellm/integrations/prometheus*.py and update callsites audited in OPERATOR-MODEL.md
"litellm_proxy_failed_requests_metric_total{exception_status!~"".*[^[:space:]].*""}"	litellm_proxy_failed_requests_metric_total	litellm_proxy_failed_requests_metric_total	counter	api_key_alias,api_provider,client_ip,end_user,exception_class,exception_status,hashed_api_key,model_id,org_alias,org_id,rate_limit_category,rate_limit_type,requested_model,route,team,team_alias,user,user_agent,user_email	LiteLLM/Gateway	<global>	error/outcome	Total number of failed responses from proxy - the client did not get a success response from litellm proxy	independent source family unless a source-defined relationship is stated in OPERATOR-MODEL.md	raw counter -> incremental -> failures/s; counted/measured object: Total number of failed responses from proxy - the client did not get a success response from litellm proxy	identity=<global>; routing=exception_status; complementary blank/nonblank routes mark those labels optional; remaining=api_key_alias,api_provider,client_ip,end_user,exception_class,hashed_api_key,model_id,org_alias,org_id,rate_limit_category,rate_limit_type,requested_model,route,team,team_alias,user,user_agent,user_email retained as source metadata or intentionally aggregated by this chart; label availability follows exporter configuration; no optional label is used as instance identity unless the chart route requires it	LiteLLM Prometheus callback; prometheus_metrics_config may select families/labels	source-derived synthetic shape/routing proof; does not prove live enablement, values, cadence, or cardinality	chart	LiteLLM/Gateway / Client Failures by Status [client_failures_by_status; failures/s; incremental]	BerriAI/litellm @ 23de7a15d9d40006ee596e617475ba101d60c5e9; litellm/integrations/prometheus*.py and update callsites audited in OPERATOR-MODEL.md
"litellm_proxy_failed_requests_metric_total{rate_limit_category=~"".*[^[:space:]].*""}"	litellm_proxy_failed_requests_metric_total	litellm_proxy_failed_requests_metric_total	counter	api_key_alias,api_provider,client_ip,end_user,exception_class,exception_status,hashed_api_key,model_id,org_alias,org_id,rate_limit_category,rate_limit_type,requested_model,route,team,team_alias,user,user_agent,user_email	LiteLLM/Gateway	<global>	error/outcome	Total number of failed responses from proxy - the client did not get a success response from litellm proxy	independent source family unless a source-defined relationship is stated in OPERATOR-MODEL.md	raw counter -> incremental -> failures/s; counted/measured object: Total number of failed responses from proxy - the client did not get a success response from litellm proxy	identity=<global>; dimension=rate_limit_category; routing=rate_limit_category; complementary blank/nonblank routes mark those labels optional; remaining=api_key_alias,api_provider,client_ip,end_user,exception_class,exception_status,hashed_api_key,model_id,org_alias,org_id,rate_limit_type,requested_model,route,team,team_alias,user,user_agent,user_email retained as source metadata or intentionally aggregated by this chart; label availability follows exporter configuration; no optional label is used as instance identity unless the chart route requires it	LiteLLM Prometheus callback; prometheus_metrics_config may select families/labels	source-derived synthetic shape/routing proof; does not prove live enablement, values, cadence, or cardinality	chart	LiteLLM/Gateway / Client Failures by Rate-Limit Category [client_failures_by_rate_limit_category; failures/s; incremental]	BerriAI/litellm @ 23de7a15d9d40006ee596e617475ba101d60c5e9; litellm/integrations/prometheus*.py and update callsites audited in OPERATOR-MODEL.md
"litellm_proxy_failed_requests_metric_total{rate_limit_category!~"".*[^[:space:]].*""}"	litellm_proxy_failed_requests_metric_total	litellm_proxy_failed_requests_metric_total	counter	api_key_alias,api_provider,client_ip,end_user,exception_class,exception_status,hashed_api_key,model_id,org_alias,org_id,rate_limit_category,rate_limit_type,requested_model,route,team,team_alias,user,user_agent,user_email	LiteLLM/Gateway	<global>	error/outcome	Total number of failed responses from proxy - the client did not get a success response from litellm proxy	independent source family unless a source-defined relationship is stated in OPERATOR-MODEL.md	raw counter -> incremental -> failures/s; counted/measured object: Total number of failed responses from proxy - the client did not get a success response from litellm proxy	identity=<global>; routing=rate_limit_category; complementary blank/nonblank routes mark those labels optional; remaining=api_key_alias,api_provider,client_ip,end_user,exception_class,exception_status,hashed_api_key,model_id,org_alias,org_id,rate_limit_type,requested_model,route,team,team_alias,user,user_agent,user_email retained as source metadata or intentionally aggregated by this chart; label availability follows exporter configuration; no optional label is used as instance identity unless the chart route requires it	LiteLLM Prometheus callback; prometheus_metrics_config may select families/labels	source-derived synthetic shape/routing proof; does not prove live enablement, values, cadence, or cardinality	chart	LiteLLM/Gateway / Client Failures by Rate-Limit Category [client_failures_by_rate_limit_category; failures/s; incremental]	BerriAI/litellm @ 23de7a15d9d40006ee596e617475ba101d60c5e9; litellm/integrations/prometheus*.py and update callsites audited in OPERATOR-MODEL.md
"litellm_proxy_failed_requests_metric_total{rate_limit_type=~"".*[^[:space:]].*""}"	litellm_proxy_failed_requests_metric_total	litellm_proxy_failed_requests_metric_total	counter	api_key_alias,api_provider,client_ip,end_user,exception_class,exception_status,hashed_api_key,model_id,org_alias,org_id,rate_limit_category,rate_limit_type,requested_model,route,team,team_alias,user,user_agent,user_email	LiteLLM/Gateway	<global>	error/outcome	Total number of failed responses from proxy - the client did not get a success response from litellm proxy	independent source family unless a source-defined relationship is stated in OPERATOR-MODEL.md	raw counter -> incremental -> failures/s; counted/measured object: Total number of failed responses from proxy - the client did not get a success response from litellm proxy	identity=<global>; dimension=rate_limit_type; routing=rate_limit_type; complementary blank/nonblank routes mark those labels optional; remaining=api_key_alias,api_provider,client_ip,end_user,exception_class,exception_status,hashed_api_key,model_id,org_alias,org_id,rate_limit_category,requested_model,route,team,team_alias,user,user_agent,user_email retained as source metadata or intentionally aggregated by this chart; label availability follows exporter configuration; no optional label is used as instance identity unless the chart route requires it	LiteLLM Prometheus callback; prometheus_metrics_config may select families/labels	source-derived synthetic shape/routing proof; does not prove live enablement, values, cadence, or cardinality	chart	LiteLLM/Gateway / Client Failures by Rate-Limit Type [client_failures_by_rate_limit_type; failures/s; incremental]	BerriAI/litellm @ 23de7a15d9d40006ee596e617475ba101d60c5e9; litellm/integrations/prometheus*.py and update callsites audited in OPERATOR-MODEL.md
"litellm_proxy_failed_requests_metric_total{rate_limit_type!~"".*[^[:space:]].*""}"	litellm_proxy_failed_requests_metric_total	litellm_proxy_failed_requests_metric_total	counter	api_key_alias,api_provider,client_ip,end_user,exception_class,exception_status,hashed_api_key,model_id,org_alias,org_id,rate_limit_category,rate_limit_type,requested_model,route,team,team_alias,user,user_agent,user_email	LiteLLM/Gateway	<global>	error/outcome	Total number of failed responses from proxy - the client did not get a success response from litellm proxy	independent source family unless a source-defined relationship is stated in OPERATOR-MODEL.md	raw counter -> incremental -> failures/s; counted/measured object: Total number of failed responses from proxy - the client did not get a success response from litellm proxy	identity=<global>; routing=rate_limit_type; complementary blank/nonblank routes mark those labels optional; remaining=api_key_alias,api_provider,client_ip,end_user,exception_class,exception_status,hashed_api_key,model_id,org_alias,org_id,rate_limit_category,requested_model,route,team,team_alias,user,user_agent,user_email retained as source metadata or intentionally aggregated by this chart; label availability follows exporter configuration; no optional label is used as instance identity unless the chart route requires it	LiteLLM Prometheus callback; prometheus_metrics_config may select families/labels	source-derived synthetic shape/routing proof; does not prove live enablement, values, cadence, or cardinality	chart	LiteLLM/Gateway / Client Failures by Rate-Limit Type [client_failures_by_rate_limit_type; failures/s; incremental]	BerriAI/litellm @ 23de7a15d9d40006ee596e617475ba101d60c5e9; litellm/integrations/prometheus*.py and update callsites audited in OPERATOR-MODEL.md
"litellm_proxy_failed_requests_metric_total{api_provider=~"".+"",model_id=~"".+"",exception_status=~"".*[^[:space:]].*""}"	litellm_proxy_failed_requests_metric_total	litellm_proxy_failed_requests_metric_total	counter	api_key_alias,api_provider,client_ip,end_user,exception_class,exception_status,hashed_api_key,model_id,org_alias,org_id,rate_limit_category,rate_limit_type,requested_model,route,team,team_alias,user,user_agent,user_email	LiteLLM/Gateway/By Provider and Deployment	api_provider,model_id	error/outcome	Total number of failed responses from proxy - the client did not get a success response from litellm proxy	independent source family unless a source-defined relationship is stated in OPERATOR-MODEL.md	raw counter -> incremental -> failures/s; counted/measured object: Total number of failed responses from proxy - the client did not get a success response from litellm proxy	identity=api_provider,model_id; dimension=exception_status; routing=api_provider,exception_status,model_id; complementary blank/nonblank routes mark those labels optional; remaining=api_key_alias,client_ip,end_user,exception_class,hashed_api_key,org_alias,org_id,rate_limit_category,rate_limit_type,requested_model,route,team,team_alias,user,user_agent,user_email retained as source metadata or intentionally aggregated by this chart; label availability follows exporter configuration; no optional label is used as instance identity unless the chart route requires it	LiteLLM Prometheus callback; prometheus_metrics_config may select families/labels	source-derived synthetic shape/routing proof; does not prove live enablement, values, cadence, or cardinality	chart	LiteLLM/Gateway/By Provider and Deployment / Client Failures by Status, Provider, and Deployment [client_failures_by_status_by_provider_deployment; failures/s; incremental]	BerriAI/litellm @ 23de7a15d9d40006ee596e617475ba101d60c5e9; litellm/integrations/prometheus*.py and update callsites audited in OPERATOR-MODEL.md
"litellm_proxy_failed_requests_metric_total{api_provider=~"".+"",model_id=~"".+"",exception_status!~"".*[^[:space:]].*""}"	litellm_proxy_failed_requests_metric_total	litellm_proxy_failed_requests_metric_total	counter	api_key_alias,api_provider,client_ip,end_user,exception_class,exception_status,hashed_api_key,model_id,org_alias,org_id,rate_limit_category,rate_limit_type,requested_model,route,team,team_alias,user,user_agent,user_email	LiteLLM/Gateway/By Provider and Deployment	api_provider,model_id	error/outcome	Total number of failed responses from proxy - the client did not get a success response from litellm proxy	independent source family unless a source-defined relationship is stated in OPERATOR-MODEL.md	raw counter -> incremental -> failures/s; counted/measured object: Total number of failed responses from proxy - the client did not get a success response from litellm proxy	identity=api_provider,model_id; routing=api_provider,exception_status,model_id; complementary blank/nonblank routes mark those labels optional; remaining=api_key_alias,client_ip,end_user,exception_class,hashed_api_key,org_alias,org_id,rate_limit_category,rate_limit_type,requested_model,route,team,team_alias,user,user_agent,user_email retained as source metadata or intentionally aggregated by this chart; label availability follows exporter configuration; no optional label is used as instance identity unless the chart route requires it	LiteLLM Prometheus callback; prometheus_metrics_config may select families/labels	source-derived synthetic shape/routing proof; does not prove live enablement, values, cadence, or cardinality	chart	LiteLLM/Gateway/By Provider and Deployment / Client Failures by Status, Provider, and Deployment [client_failures_by_status_by_provider_deployment; failures/s; incremental]	BerriAI/litellm @ 23de7a15d9d40006ee596e617475ba101d60c5e9; litellm/integrations/prometheus*.py and update callsites audited in OPERATOR-MODEL.md
"litellm_proxy_failed_requests_metric_total{route=~"".+"",exception_status=~"".*[^[:space:]].*""}"	litellm_proxy_failed_requests_metric_total	litellm_proxy_failed_requests_metric_total	counter	api_key_alias,api_provider,client_ip,end_user,exception_class,exception_status,hashed_api_key,model_id,org_alias,org_id,rate_limit_category,rate_limit_type,requested_model,route,team,team_alias,user,user_agent,user_email	LiteLLM/Gateway/By Route	route	error/outcome	Total number of failed responses from proxy - the client did not get a success response from litellm proxy	independent source family unless a source-defined relationship is stated in OPERATOR-MODEL.md	raw counter -> incremental -> failures/s; counted/measured object: Total number of failed responses from proxy - the client did not get a success response from litellm proxy	identity=route; dimension=exception_status; routing=exception_status,route; complementary blank/nonblank routes mark those labels optional; remaining=api_key_alias,api_provider,client_ip,end_user,exception_class,hashed_api_key,model_id,org_alias,org_id,rate_limit_category,rate_limit_type,requested_model,team,team_alias,user,user_agent,user_email retained as source metadata or intentionally aggregated by this chart; label availability follows exporter configuration; no optional label is used as instance identity unless the chart route requires it	LiteLLM Prometheus callback; prometheus_metrics_config may select families/labels	source-derived synthetic shape/routing proof; does not prove live enablement, values, cadence, or cardinality	chart	LiteLLM/Gateway/By Route / Client Failures by Status and Route [client_failures_by_status_by_route; failures/s; incremental]	BerriAI/litellm @ 23de7a15d9d40006ee596e617475ba101d60c5e9; litellm/integrations/prometheus*.py and update callsites audited in OPERATOR-MODEL.md
"litellm_proxy_failed_requests_metric_total{route=~"".+"",exception_status!~"".*[^[:space:]].*""}"	litellm_proxy_failed_requests_metric_total	litellm_proxy_failed_requests_metric_total	counter	api_key_alias,api_provider,client_ip,end_user,exception_class,exception_status,hashed_api_key,model_id,org_alias,org_id,rate_limit_category,rate_limit_type,requested_model,route,team,team_alias,user,user_agent,user_email	LiteLLM/Gateway/By Route	route	error/outcome	Total number of failed responses from proxy - the client did not get a success response from litellm proxy	independent source family unless a source-defined relationship is stated in OPERATOR-MODEL.md	raw counter -> incremental -> failures/s; counted/measured object: Total number of failed responses from proxy - the client did not get a success response from litellm proxy	identity=route; routing=exception_status,route; complementary blank/nonblank routes mark those labels optional; remaining=api_key_alias,api_provider,client_ip,end_user,exception_class,hashed_api_key,model_id,org_alias,org_id,rate_limit_category,rate_limit_type,requested_model,team,team_alias,user,user_agent,user_email retained as source metadata or intentionally aggregated by this chart; label availability follows exporter configuration; no optional label is used as instance identity unless the chart route requires it	LiteLLM Prometheus callback; prometheus_metrics_config may select families/labels	source-derived synthetic shape/routing proof; does not prove live enablement, values, cadence, or cardinality	chart	LiteLLM/Gateway/By Route / Client Failures by Status and Route [client_failures_by_status_by_route; failures/s; incremental]	BerriAI/litellm @ 23de7a15d9d40006ee596e617475ba101d60c5e9; litellm/integrations/prometheus*.py and update callsites audited in OPERATOR-MODEL.md
litellm_proxy_pre_call_failed_requests_created	litellm_proxy_pre_call_failed_requests_created	litellm_proxy_pre_call_failed_requests_created	gauge	error_class,function_name,proxy_pre_call	<excluded>	<none>	error/outcome	Total failed_requests for proxy_pre_call service	generated registration-timestamp companion; excluded from operational charts	raw gauge; no rendered unit because job-excluded	source labels=error_class,function_name,proxy_pre_call; no chart identity/dimension role	LiteLLM Prometheus callback; prometheus_metrics_config may select families/labels	source-derived synthetic shape/routing proof; exclusion reason is runtime-validated	job-excluded	recommended job exclusion; lost question documented in OPERATOR-MODEL.md	BerriAI/litellm @ 23de7a15d9d40006ee596e617475ba101d60c5e9; litellm/integrations/prometheus*.py and update callsites audited in OPERATOR-MODEL.md
litellm_proxy_pre_call_failed_requests_total	litellm_proxy_pre_call_failed_requests_total	litellm_proxy_pre_call_failed_requests_total	counter	error_class,function_name,proxy_pre_call	LiteLLM/Internal Services	<global>	error/outcome	Total failed_requests for proxy_pre_call service	independent source family unless a source-defined relationship is stated in OPERATOR-MODEL.md	raw counter -> incremental -> failures/s; counted/measured object: Total failed_requests for proxy_pre_call service	identity=<global>; remaining=error_class,function_name,proxy_pre_call retained as source metadata or intentionally aggregated by this chart; label availability follows exporter configuration; no optional label is used as instance identity unless the chart route requires it	LiteLLM Prometheus callback; prometheus_metrics_config may select families/labels	source-derived synthetic shape/routing proof; does not prove live enablement, values, cadence, or cardinality	chart	LiteLLM/Internal Services / Internal Service Failures [internal_service_failures; failures/s; incremental]	BerriAI/litellm @ 23de7a15d9d40006ee596e617475ba101d60c5e9; litellm/integrations/prometheus*.py and update callsites audited in OPERATOR-MODEL.md
litellm_proxy_pre_call_latency_bucket	litellm_proxy_pre_call_latency_bucket	litellm_proxy_pre_call_latency	histogram	le,proxy_pre_call	LiteLLM/Internal Services	<global>	latency	Latency for proxy_pre_call service	histogram bucket component; same observation population as the family bucket/quantile, count, and sum components	raw histogram -> incremental -> observations/s; counted/measured object: Latency for proxy_pre_call service	identity=<global>; remaining=le,proxy_pre_call retained as source metadata or intentionally aggregated by this chart; label availability follows exporter configuration; no optional label is used as instance identity unless the chart route requires it	LiteLLM Prometheus callback; prometheus_metrics_config may select families/labels	source-derived synthetic shape/routing proof; does not prove live enablement, values, cadence, or cardinality	chart	LiteLLM/Internal Services / Proxy Pre-Call Latency Distribution [proxy_pre_call_latency_distribution; observations/s; incremental]	BerriAI/litellm @ 23de7a15d9d40006ee596e617475ba101d60c5e9; litellm/integrations/prometheus*.py and update callsites audited in OPERATOR-MODEL.md
litellm_proxy_pre_call_latency_count	litellm_proxy_pre_call_latency_count	litellm_proxy_pre_call_latency	histogram	le,proxy_pre_call	LiteLLM/Internal Services	<global>	latency	Latency for proxy_pre_call service	histogram count component; same observation population as the family bucket/quantile, count, and sum components	raw histogram -> incremental -> requests/s; counted/measured object: Latency for proxy_pre_call service	identity=<global>; remaining=le,proxy_pre_call retained as source metadata or intentionally aggregated by this chart; label availability follows exporter configuration; no optional label is used as instance identity unless the chart route requires it	LiteLLM Prometheus callback; prometheus_metrics_config may select families/labels	source-derived synthetic shape/routing proof; does not prove live enablement, values, cadence, or cardinality	chart	LiteLLM/Internal Services / Internal Service Latency Measurements [internal_service_latency_measurements; requests/s; incremental]	BerriAI/litellm @ 23de7a15d9d40006ee596e617475ba101d60c5e9; litellm/integrations/prometheus*.py and update callsites audited in OPERATOR-MODEL.md
litellm_proxy_pre_call_latency_sum	litellm_proxy_pre_call_latency_sum	litellm_proxy_pre_call_latency	histogram	le,proxy_pre_call	LiteLLM/Internal Services	<global>	latency	Latency for proxy_pre_call service	histogram sum component; same observation population as the family bucket/quantile, count, and sum components	raw histogram -> incremental -> seconds/s; counted/measured object: Latency for proxy_pre_call service	identity=<global>; remaining=le,proxy_pre_call retained as source metadata or intentionally aggregated by this chart; label availability follows exporter configuration; no optional label is used as instance identity unless the chart route requires it	LiteLLM Prometheus callback; prometheus_metrics_config may select families/labels	source-derived synthetic shape/routing proof; does not prove live enablement, values, cadence, or cardinality	chart	LiteLLM/Internal Services / Accumulated Internal Service Latency [accumulated_internal_service_latency; seconds/s; incremental]	BerriAI/litellm @ 23de7a15d9d40006ee596e617475ba101d60c5e9; litellm/integrations/prometheus*.py and update callsites audited in OPERATOR-MODEL.md
litellm_proxy_pre_call_latency_created	litellm_proxy_pre_call_latency_created	litellm_proxy_pre_call_latency_created	gauge	proxy_pre_call	<excluded>	<none>	latency	Latency for proxy_pre_call service	generated registration-timestamp companion; excluded from operational charts	raw gauge; no rendered unit because job-excluded	source labels=proxy_pre_call; no chart identity/dimension role	LiteLLM Prometheus callback; prometheus_metrics_config may select families/labels	source-derived synthetic shape/routing proof; exclusion reason is runtime-validated	job-excluded	recommended job exclusion; lost question documented in OPERATOR-MODEL.md	BerriAI/litellm @ 23de7a15d9d40006ee596e617475ba101d60c5e9; litellm/integrations/prometheus*.py and update callsites audited in OPERATOR-MODEL.md
litellm_proxy_pre_call_total_requests_created	litellm_proxy_pre_call_total_requests_created	litellm_proxy_pre_call_total_requests_created	gauge	proxy_pre_call	<excluded>	<none>	workload/outcome	Total total_requests for proxy_pre_call service	generated registration-timestamp companion; excluded from operational charts	raw gauge; no rendered unit because job-excluded	source labels=proxy_pre_call; no chart identity/dimension role	LiteLLM Prometheus callback; prometheus_metrics_config may select families/labels	source-derived synthetic shape/routing proof; exclusion reason is runtime-validated	job-excluded	recommended job exclusion; lost question documented in OPERATOR-MODEL.md	BerriAI/litellm @ 23de7a15d9d40006ee596e617475ba101d60c5e9; litellm/integrations/prometheus*.py and update callsites audited in OPERATOR-MODEL.md
litellm_proxy_pre_call_total_requests_total	litellm_proxy_pre_call_total_requests_total	litellm_proxy_pre_call_total_requests_total	counter	proxy_pre_call	LiteLLM/Internal Services	<global>	workload/outcome	Total total_requests for proxy_pre_call service	independent source family unless a source-defined relationship is stated in OPERATOR-MODEL.md	raw counter -> incremental -> requests/s; counted/measured object: Total total_requests for proxy_pre_call service	identity=<global>; remaining=proxy_pre_call retained as source metadata or intentionally aggregated by this chart; label availability follows exporter configuration; no optional label is used as instance identity unless the chart route requires it	LiteLLM Prometheus callback; prometheus_metrics_config may select families/labels	source-derived synthetic shape/routing proof; does not prove live enablement, values, cadence, or cardinality	chart	LiteLLM/Internal Services / Internal Service Requests [internal_service_requests; requests/s; incremental]	BerriAI/litellm @ 23de7a15d9d40006ee596e617475ba101d60c5e9; litellm/integrations/prometheus*.py and update callsites audited in OPERATOR-MODEL.md
litellm_proxy_total_requests_metric_created	litellm_proxy_total_requests_metric_created	litellm_proxy_total_requests_metric_created	gauge	api_key_alias,api_provider,client_ip,end_user,hashed_api_key,model_id,org_alias,org_id,requested_model,route,status_code,team,team_alias,user,user_agent,user_email	<excluded>	<none>	workload/outcome	Total number of requests made to the proxy server - track number of client side requests	generated registration-timestamp companion; excluded from operational charts	raw gauge; no rendered unit because job-excluded	source labels=api_key_alias,api_provider,client_ip,end_user,hashed_api_key,model_id,org_alias,org_id,requested_model,route,status_code,team,team_alias,user,user_agent,user_email; no chart identity/dimension role	LiteLLM Prometheus callback; prometheus_metrics_config may select families/labels	source-derived synthetic shape/routing proof; exclusion reason is runtime-validated	job-excluded	recommended job exclusion; lost question documented in OPERATOR-MODEL.md	BerriAI/litellm @ 23de7a15d9d40006ee596e617475ba101d60c5e9; litellm/integrations/prometheus*.py and update callsites audited in OPERATOR-MODEL.md
"litellm_proxy_total_requests_metric_total{status_code=~"".*[^[:space:]].*""}"	litellm_proxy_total_requests_metric_total	litellm_proxy_total_requests_metric_total	counter	api_key_alias,api_provider,client_ip,end_user,hashed_api_key,metadata_project,model_id,org_alias,org_id,requested_model,route,status_code,stream,tag_prod,team,team_alias,user,user_agent,user_email	LiteLLM/Gateway	<global>	state/configuration	Total number of requests made to the proxy server - track number of client side requests	independent source family unless a source-defined relationship is stated in OPERATOR-MODEL.md	raw counter -> incremental -> requests/s; counted/measured object: Total number of requests made to the proxy server - track number of client side requests	identity=<global>; dimension=status_code; routing=status_code; complementary blank/nonblank routes mark those labels optional; remaining=api_key_alias,api_provider,client_ip,end_user,hashed_api_key,metadata_project,model_id,org_alias,org_id,requested_model,route,stream,tag_prod,team,team_alias,user,user_agent,user_email retained as source metadata or intentionally aggregated by this chart; label availability follows exporter configuration; no optional label is used as instance identity unless the chart route requires it	LiteLLM Prometheus callback; prometheus_metrics_config may select families/labels	source-derived synthetic shape/routing proof; does not prove live enablement, values, cadence, or cardinality	chart	LiteLLM/Gateway / Client Responses by Status [client_responses_by_status; requests/s; incremental]	BerriAI/litellm @ 23de7a15d9d40006ee596e617475ba101d60c5e9; litellm/integrations/prometheus*.py and update callsites audited in OPERATOR-MODEL.md
"litellm_proxy_total_requests_metric_total{status_code!~"".*[^[:space:]].*""}"	litellm_proxy_total_requests_metric_total	litellm_proxy_total_requests_metric_total	counter	api_key_alias,api_provider,client_ip,end_user,hashed_api_key,metadata_project,model_id,org_alias,org_id,requested_model,route,status_code,stream,tag_prod,team,team_alias,user,user_agent,user_email	LiteLLM/Gateway	<global>	state/configuration	Total number of requests made to the proxy server - track number of client side requests	independent source family unless a source-defined relationship is stated in OPERATOR-MODEL.md	raw counter -> incremental -> requests/s; counted/measured object: Total number of requests made to the proxy server - track number of client side requests	identity=<global>; routing=status_code; complementary blank/nonblank routes mark those labels optional; remaining=api_key_alias,api_provider,client_ip,end_user,hashed_api_key,metadata_project,model_id,org_alias,org_id,requested_model,route,stream,tag_prod,team,team_alias,user,user_agent,user_email retained as source metadata or intentionally aggregated by this chart; label availability follows exporter configuration; no optional label is used as instance identity unless the chart route requires it	LiteLLM Prometheus callback; prometheus_metrics_config may select families/labels	source-derived synthetic shape/routing proof; does not prove live enablement, values, cadence, or cardinality	chart	LiteLLM/Gateway / Client Responses by Status [client_responses_by_status; requests/s; incremental]	BerriAI/litellm @ 23de7a15d9d40006ee596e617475ba101d60c5e9; litellm/integrations/prometheus*.py and update callsites audited in OPERATOR-MODEL.md
"litellm_proxy_total_requests_metric_total{stream=~"".*[^[:space:]].*""}"	litellm_proxy_total_requests_metric_total	litellm_proxy_total_requests_metric_total	counter	api_key_alias,api_provider,client_ip,end_user,hashed_api_key,metadata_project,model_id,org_alias,org_id,requested_model,route,status_code,stream,tag_prod,team,team_alias,user,user_agent,user_email	LiteLLM/Gateway	<global>	workload/outcome	Total number of requests made to the proxy server - track number of client side requests	independent source family unless a source-defined relationship is stated in OPERATOR-MODEL.md	raw counter -> incremental -> requests/s; counted/measured object: Total number of requests made to the proxy server - track number of client side requests	identity=<global>; dimension=stream; routing=stream; complementary blank/nonblank routes mark those labels optional; remaining=api_key_alias,api_provider,client_ip,end_user,hashed_api_key,metadata_project,model_id,org_alias,org_id,requested_model,route,status_code,tag_prod,team,team_alias,user,user_agent,user_email retained as source metadata or intentionally aggregated by this chart; label availability follows exporter configuration; no optional label is used as instance identity unless the chart route requires it	LiteLLM Prometheus callback; prometheus_metrics_config may select families/labels	source-derived synthetic shape/routing proof; does not prove live enablement, values, cadence, or cardinality	chart	LiteLLM/Gateway / Client Responses by Stream Mode [client_responses_by_stream_mode; requests/s; incremental]	BerriAI/litellm @ 23de7a15d9d40006ee596e617475ba101d60c5e9; litellm/integrations/prometheus*.py and update callsites audited in OPERATOR-MODEL.md
"litellm_proxy_total_requests_metric_total{stream!~"".*[^[:space:]].*""}"	litellm_proxy_total_requests_metric_total	litellm_proxy_total_requests_metric_total	counter	api_key_alias,api_provider,client_ip,end_user,hashed_api_key,metadata_project,model_id,org_alias,org_id,requested_model,route,status_code,stream,tag_prod,team,team_alias,user,user_agent,user_email	LiteLLM/Gateway	<global>	workload/outcome	Total number of requests made to the proxy server - track number of client side requests	independent source family unless a source-defined relationship is stated in OPERATOR-MODEL.md	raw counter -> incremental -> requests/s; counted/measured object: Total number of requests made to the proxy server - track number of client side requests	identity=<global>; routing=stream; complementary blank/nonblank routes mark those labels optional; remaining=api_key_alias,api_provider,client_ip,end_user,hashed_api_key,metadata_project,model_id,org_alias,org_id,requested_model,route,status_code,tag_prod,team,team_alias,user,user_agent,user_email retained as source metadata or intentionally aggregated by this chart; label availability follows exporter configuration; no optional label is used as instance identity unless the chart route requires it	LiteLLM Prometheus callback; prometheus_metrics_config may select families/labels	source-derived synthetic shape/routing proof; does not prove live enablement, values, cadence, or cardinality	chart	LiteLLM/Gateway / Client Responses by Stream Mode [client_responses_by_stream_mode; requests/s; incremental]	BerriAI/litellm @ 23de7a15d9d40006ee596e617475ba101d60c5e9; litellm/integrations/prometheus*.py and update callsites audited in OPERATOR-MODEL.md
"litellm_proxy_total_requests_metric_total{api_provider=~"".+"",model_id=~"".+"",status_code=~"".*[^[:space:]].*""}"	litellm_proxy_total_requests_metric_total	litellm_proxy_total_requests_metric_total	counter	api_key_alias,api_provider,client_ip,end_user,hashed_api_key,metadata_project,model_id,org_alias,org_id,requested_model,route,status_code,stream,tag_prod,team,team_alias,user,user_agent,user_email	LiteLLM/Gateway/By Provider and Deployment	api_provider,model_id	state/configuration	Total number of requests made to the proxy server - track number of client side requests	independent source family unless a source-defined relationship is stated in OPERATOR-MODEL.md	raw counter -> incremental -> requests/s; counted/measured object: Total number of requests made to the proxy server - track number of client side requests	identity=api_provider,model_id; dimension=status_code; routing=api_provider,model_id,status_code; complementary blank/nonblank routes mark those labels optional; remaining=api_key_alias,client_ip,end_user,hashed_api_key,metadata_project,org_alias,org_id,requested_model,route,stream,tag_prod,team,team_alias,user,user_agent,user_email retained as source metadata or intentionally aggregated by this chart; label availability follows exporter configuration; no optional label is used as instance identity unless the chart route requires it	LiteLLM Prometheus callback; prometheus_metrics_config may select families/labels	source-derived synthetic shape/routing proof; does not prove live enablement, values, cadence, or cardinality	chart	LiteLLM/Gateway/By Provider and Deployment / Client Responses by Status, Provider, and Deployment [client_responses_by_status_by_provider_deployment; requests/s; incremental]	BerriAI/litellm @ 23de7a15d9d40006ee596e617475ba101d60c5e9; litellm/integrations/prometheus*.py and update callsites audited in OPERATOR-MODEL.md
"litellm_proxy_total_requests_metric_total{api_provider=~"".+"",model_id=~"".+"",status_code!~"".*[^[:space:]].*""}"	litellm_proxy_total_requests_metric_total	litellm_proxy_total_requests_metric_total	counter	api_key_alias,api_provider,client_ip,end_user,hashed_api_key,metadata_project,model_id,org_alias,org_id,requested_model,route,status_code,stream,tag_prod,team,team_alias,user,user_agent,user_email	LiteLLM/Gateway/By Provider and Deployment	api_provider,model_id	state/configuration	Total number of requests made to the proxy server - track number of client side requests	independent source family unless a source-defined relationship is stated in OPERATOR-MODEL.md	raw counter -> incremental -> requests/s; counted/measured object: Total number of requests made to the proxy server - track number of client side requests	identity=api_provider,model_id; routing=api_provider,model_id,status_code; complementary blank/nonblank routes mark those labels optional; remaining=api_key_alias,client_ip,end_user,hashed_api_key,metadata_project,org_alias,org_id,requested_model,route,stream,tag_prod,team,team_alias,user,user_agent,user_email retained as source metadata or intentionally aggregated by this chart; label availability follows exporter configuration; no optional label is used as instance identity unless the chart route requires it	LiteLLM Prometheus callback; prometheus_metrics_config may select families/labels	source-derived synthetic shape/routing proof; does not prove live enablement, values, cadence, or cardinality	chart	LiteLLM/Gateway/By Provider and Deployment / Client Responses by Status, Provider, and Deployment [client_responses_by_status_by_provider_deployment; requests/s; incremental]	BerriAI/litellm @ 23de7a15d9d40006ee596e617475ba101d60c5e9; litellm/integrations/prometheus*.py and update callsites audited in OPERATOR-MODEL.md
"litellm_proxy_total_requests_metric_total{route=~"".+"",status_code=~"".*[^[:space:]].*""}"	litellm_proxy_total_requests_metric_total	litellm_proxy_total_requests_metric_total	counter	api_key_alias,api_provider,client_ip,end_user,hashed_api_key,metadata_project,model_id,org_alias,org_id,requested_model,route,status_code,stream,tag_prod,team,team_alias,user,user_agent,user_email	LiteLLM/Gateway/By Route	route	state/configuration	Total number of requests made to the proxy server - track number of client side requests	independent source family unless a source-defined relationship is stated in OPERATOR-MODEL.md	raw counter -> incremental -> requests/s; counted/measured object: Total number of requests made to the proxy server - track number of client side requests	identity=route; dimension=status_code; routing=route,status_code; complementary blank/nonblank routes mark those labels optional; remaining=api_key_alias,api_provider,client_ip,end_user,hashed_api_key,metadata_project,model_id,org_alias,org_id,requested_model,stream,tag_prod,team,team_alias,user,user_agent,user_email retained as source metadata or intentionally aggregated by this chart; label availability follows exporter configuration; no optional label is used as instance identity unless the chart route requires it	LiteLLM Prometheus callback; prometheus_metrics_config may select families/labels	source-derived synthetic shape/routing proof; does not prove live enablement, values, cadence, or cardinality	chart	LiteLLM/Gateway/By Route / Client Responses by Status and Route [client_responses_by_status_by_route; requests/s; incremental]	BerriAI/litellm @ 23de7a15d9d40006ee596e617475ba101d60c5e9; litellm/integrations/prometheus*.py and update callsites audited in OPERATOR-MODEL.md
"litellm_proxy_total_requests_metric_total{route=~"".+"",status_code!~"".*[^[:space:]].*""}"	litellm_proxy_total_requests_metric_total	litellm_proxy_total_requests_metric_total	counter	api_key_alias,api_provider,client_ip,end_user,hashed_api_key,metadata_project,model_id,org_alias,org_id,requested_model,route,status_code,stream,tag_prod,team,team_alias,user,user_agent,user_email	LiteLLM/Gateway/By Route	route	state/configuration	Total number of requests made to the proxy server - track number of client side requests	independent source family unless a source-defined relationship is stated in OPERATOR-MODEL.md	raw counter -> incremental -> requests/s; counted/measured object: Total number of requests made to the proxy server - track number of client side requests	identity=route; routing=route,status_code; complementary blank/nonblank routes mark those labels optional; remaining=api_key_alias,api_provider,client_ip,end_user,hashed_api_key,metadata_project,model_id,org_alias,org_id,requested_model,stream,tag_prod,team,team_alias,user,user_agent,user_email retained as source metadata or intentionally aggregated by this chart; label availability follows exporter configuration; no optional label is used as instance identity unless the chart route requires it	LiteLLM Prometheus callback; prometheus_metrics_config may select families/labels	source-derived synthetic shape/routing proof; does not prove live enablement, values, cadence, or cardinality	chart	LiteLLM/Gateway/By Route / Client Responses by Status and Route [client_responses_by_status_by_route; requests/s; incremental]	BerriAI/litellm @ 23de7a15d9d40006ee596e617475ba101d60c5e9; litellm/integrations/prometheus*.py and update callsites audited in OPERATOR-MODEL.md
litellm_redis_daily_agent_spend_update_queue_size	litellm_redis_daily_agent_spend_update_queue_size	litellm_redis_daily_agent_spend_update_queue_size	gauge	pid,redis_daily_agent_spend_update_queue	LiteLLM/Internal Services/Spend Queues	*,!in_memory_daily_spend_update_queue,!in_memory_spend_update_queue,!redis_daily_agent_spend_update_queue,!redis_daily_end_user_spend_update_queue,!redis_daily_spend_update_queue,!redis_spend_update_queue	saturation/state	Gauge for redis_daily_agent_spend_update_queue service	independent source family unless a source-defined relationship is stated in OPERATOR-MODEL.md	raw gauge -> absolute -> items; counted/measured object: Gauge for redis_daily_agent_spend_update_queue service	identity=*,!in_memory_daily_spend_update_queue,!in_memory_spend_update_queue,!redis_daily_agent_spend_update_queue,!redis_daily_end_user_spend_update_queue,!redis_daily_spend_update_queue,!redis_spend_update_queue; remaining=pid,redis_daily_agent_spend_update_queue retained as source metadata or intentionally aggregated by this chart; label availability follows exporter configuration; no optional label is used as instance identity unless the chart route requires it	Redis integration	source-derived synthetic shape/routing proof; does not prove live enablement, values, cadence, or cardinality	chart	LiteLLM/Internal Services/Spend Queues / Spend-Update Queue Backlog [spend_update_queue_backlog; items; absolute]	BerriAI/litellm @ 23de7a15d9d40006ee596e617475ba101d60c5e9; litellm/integrations/prometheus*.py and update callsites audited in OPERATOR-MODEL.md
litellm_redis_daily_end_user_spend_update_queue_size	litellm_redis_daily_end_user_spend_update_queue_size	litellm_redis_daily_end_user_spend_update_queue_size	gauge	pid,redis_daily_end_user_spend_update_queue	LiteLLM/Internal Services/Spend Queues	*,!in_memory_daily_spend_update_queue,!in_memory_spend_update_queue,!redis_daily_agent_spend_update_queue,!redis_daily_end_user_spend_update_queue,!redis_daily_spend_update_queue,!redis_spend_update_queue	saturation/state	Gauge for redis_daily_end_user_spend_update_queue service	independent source family unless a source-defined relationship is stated in OPERATOR-MODEL.md	raw gauge -> absolute -> items; counted/measured object: Gauge for redis_daily_end_user_spend_update_queue service	identity=*,!in_memory_daily_spend_update_queue,!in_memory_spend_update_queue,!redis_daily_agent_spend_update_queue,!redis_daily_end_user_spend_update_queue,!redis_daily_spend_update_queue,!redis_spend_update_queue; remaining=pid,redis_daily_end_user_spend_update_queue retained as source metadata or intentionally aggregated by this chart; label availability follows exporter configuration; no optional label is used as instance identity unless the chart route requires it	Redis integration	source-derived synthetic shape/routing proof; does not prove live enablement, values, cadence, or cardinality	chart	LiteLLM/Internal Services/Spend Queues / Spend-Update Queue Backlog [spend_update_queue_backlog; items; absolute]	BerriAI/litellm @ 23de7a15d9d40006ee596e617475ba101d60c5e9; litellm/integrations/prometheus*.py and update callsites audited in OPERATOR-MODEL.md
litellm_redis_daily_org_spend_update_queue_failed_requests_created	litellm_redis_daily_org_spend_update_queue_failed_requests_created	litellm_redis_daily_org_spend_update_queue_failed_requests_created	gauge	error_class,function_name,redis_daily_org_spend_update_queue	<excluded>	<none>	error/outcome	Total failed_requests for redis_daily_org_spend_update_queue service	generated registration-timestamp companion; excluded from operational charts	raw gauge; no rendered unit because job-excluded	source labels=error_class,function_name,redis_daily_org_spend_update_queue; no chart identity/dimension role	Redis integration	source-derived synthetic shape/routing proof; exclusion reason is runtime-validated	job-excluded	recommended job exclusion; lost question documented in OPERATOR-MODEL.md	BerriAI/litellm @ 23de7a15d9d40006ee596e617475ba101d60c5e9; litellm/integrations/prometheus*.py and update callsites audited in OPERATOR-MODEL.md
litellm_redis_daily_org_spend_update_queue_failed_requests_total	litellm_redis_daily_org_spend_update_queue_failed_requests_total	litellm_redis_daily_org_spend_update_queue_failed_requests_total	counter	error_class,function_name,redis_daily_org_spend_update_queue	LiteLLM/Internal Services	<global>	error/outcome	Total failed_requests for redis_daily_org_spend_update_queue service	independent source family unless a source-defined relationship is stated in OPERATOR-MODEL.md	raw counter -> incremental -> failures/s; counted/measured object: Total failed_requests for redis_daily_org_spend_update_queue service	identity=<global>; remaining=error_class,function_name,redis_daily_org_spend_update_queue retained as source metadata or intentionally aggregated by this chart; label availability follows exporter configuration; no optional label is used as instance identity unless the chart route requires it	Redis integration	source-derived synthetic shape/routing proof; does not prove live enablement, values, cadence, or cardinality	chart	LiteLLM/Internal Services / Internal Service Failures [internal_service_failures; failures/s; incremental]	BerriAI/litellm @ 23de7a15d9d40006ee596e617475ba101d60c5e9; litellm/integrations/prometheus*.py and update callsites audited in OPERATOR-MODEL.md
litellm_redis_daily_org_spend_update_queue_latency_bucket	litellm_redis_daily_org_spend_update_queue_latency_bucket	litellm_redis_daily_org_spend_update_queue_latency	histogram	le,redis_daily_org_spend_update_queue	LiteLLM/Internal Services	<global>	latency	Latency for redis_daily_org_spend_update_queue service	histogram bucket component; same observation population as the family bucket/quantile, count, and sum components	raw histogram -> incremental -> observations/s; counted/measured object: Latency for redis_daily_org_spend_update_queue service	identity=<global>; remaining=le,redis_daily_org_spend_update_queue retained as source metadata or intentionally aggregated by this chart; label availability follows exporter configuration; no optional label is used as instance identity unless the chart route requires it	Redis integration	source-derived synthetic shape/routing proof; does not prove live enablement, values, cadence, or cardinality	chart	LiteLLM/Internal Services / Redis Organization Spend Queue Latency Distribution [redis_daily_org_spend_update_queue_latency_distribution; observations/s; incremental]	BerriAI/litellm @ 23de7a15d9d40006ee596e617475ba101d60c5e9; litellm/integrations/prometheus*.py and update callsites audited in OPERATOR-MODEL.md
litellm_redis_daily_org_spend_update_queue_latency_count	litellm_redis_daily_org_spend_update_queue_latency_count	litellm_redis_daily_org_spend_update_queue_latency	histogram	le,redis_daily_org_spend_update_queue	LiteLLM/Internal Services	<global>	latency	Latency for redis_daily_org_spend_update_queue service	histogram count component; same observation population as the family bucket/quantile, count, and sum components	raw histogram -> incremental -> requests/s; counted/measured object: Latency for redis_daily_org_spend_update_queue service	identity=<global>; remaining=le,redis_daily_org_spend_update_queue retained as source metadata or intentionally aggregated by this chart; label availability follows exporter configuration; no optional label is used as instance identity unless the chart route requires it	Redis integration	source-derived synthetic shape/routing proof; does not prove live enablement, values, cadence, or cardinality	chart	LiteLLM/Internal Services / Internal Service Latency Measurements [internal_service_latency_measurements; requests/s; incremental]	BerriAI/litellm @ 23de7a15d9d40006ee596e617475ba101d60c5e9; litellm/integrations/prometheus*.py and update callsites audited in OPERATOR-MODEL.md
litellm_redis_daily_org_spend_update_queue_latency_sum	litellm_redis_daily_org_spend_update_queue_latency_sum	litellm_redis_daily_org_spend_update_queue_latency	histogram	le,redis_daily_org_spend_update_queue	LiteLLM/Internal Services	<global>	latency	Latency for redis_daily_org_spend_update_queue service	histogram sum component; same observation population as the family bucket/quantile, count, and sum components	raw histogram -> incremental -> seconds/s; counted/measured object: Latency for redis_daily_org_spend_update_queue service	identity=<global>; remaining=le,redis_daily_org_spend_update_queue retained as source metadata or intentionally aggregated by this chart; label availability follows exporter configuration; no optional label is used as instance identity unless the chart route requires it	Redis integration	source-derived synthetic shape/routing proof; does not prove live enablement, values, cadence, or cardinality	chart	LiteLLM/Internal Services / Accumulated Internal Service Latency [accumulated_internal_service_latency; seconds/s; incremental]	BerriAI/litellm @ 23de7a15d9d40006ee596e617475ba101d60c5e9; litellm/integrations/prometheus*.py and update callsites audited in OPERATOR-MODEL.md
litellm_redis_daily_org_spend_update_queue_latency_created	litellm_redis_daily_org_spend_update_queue_latency_created	litellm_redis_daily_org_spend_update_queue_latency_created	gauge	redis_daily_org_spend_update_queue	<excluded>	<none>	latency	Latency for redis_daily_org_spend_update_queue service	generated registration-timestamp companion; excluded from operational charts	raw gauge; no rendered unit because job-excluded	source labels=redis_daily_org_spend_update_queue; no chart identity/dimension role	Redis integration	source-derived synthetic shape/routing proof; exclusion reason is runtime-validated	job-excluded	recommended job exclusion; lost question documented in OPERATOR-MODEL.md	BerriAI/litellm @ 23de7a15d9d40006ee596e617475ba101d60c5e9; litellm/integrations/prometheus*.py and update callsites audited in OPERATOR-MODEL.md
litellm_redis_daily_org_spend_update_queue_total_requests_created	litellm_redis_daily_org_spend_update_queue_total_requests_created	litellm_redis_daily_org_spend_update_queue_total_requests_created	gauge	redis_daily_org_spend_update_queue	<excluded>	<none>	saturation/state	Total total_requests for redis_daily_org_spend_update_queue service	generated registration-timestamp companion; excluded from operational charts	raw gauge; no rendered unit because job-excluded	source labels=redis_daily_org_spend_update_queue; no chart identity/dimension role	Redis integration	source-derived synthetic shape/routing proof; exclusion reason is runtime-validated	job-excluded	recommended job exclusion; lost question documented in OPERATOR-MODEL.md	BerriAI/litellm @ 23de7a15d9d40006ee596e617475ba101d60c5e9; litellm/integrations/prometheus*.py and update callsites audited in OPERATOR-MODEL.md
litellm_redis_daily_org_spend_update_queue_total_requests_total	litellm_redis_daily_org_spend_update_queue_total_requests_total	litellm_redis_daily_org_spend_update_queue_total_requests_total	counter	redis_daily_org_spend_update_queue	LiteLLM/Internal Services	<global>	saturation/state	Total total_requests for redis_daily_org_spend_update_queue service	independent source family unless a source-defined relationship is stated in OPERATOR-MODEL.md	raw counter -> incremental -> requests/s; counted/measured object: Total total_requests for redis_daily_org_spend_update_queue service	identity=<global>; remaining=redis_daily_org_spend_update_queue retained as source metadata or intentionally aggregated by this chart; label availability follows exporter configuration; no optional label is used as instance identity unless the chart route requires it	Redis integration	source-derived synthetic shape/routing proof; does not prove live enablement, values, cadence, or cardinality	chart	LiteLLM/Internal Services / Internal Service Requests [internal_service_requests; requests/s; incremental]	BerriAI/litellm @ 23de7a15d9d40006ee596e617475ba101d60c5e9; litellm/integrations/prometheus*.py and update callsites audited in OPERATOR-MODEL.md
litellm_redis_daily_spend_update_queue_size	litellm_redis_daily_spend_update_queue_size	litellm_redis_daily_spend_update_queue_size	gauge	pid,redis_daily_spend_update_queue	LiteLLM/Internal Services/Spend Queues	*,!in_memory_daily_spend_update_queue,!in_memory_spend_update_queue,!redis_daily_agent_spend_update_queue,!redis_daily_end_user_spend_update_queue,!redis_daily_spend_update_queue,!redis_spend_update_queue	saturation/state	Gauge for redis_daily_spend_update_queue service	independent source family unless a source-defined relationship is stated in OPERATOR-MODEL.md	raw gauge -> absolute -> items; counted/measured object: Gauge for redis_daily_spend_update_queue service	identity=*,!in_memory_daily_spend_update_queue,!in_memory_spend_update_queue,!redis_daily_agent_spend_update_queue,!redis_daily_end_user_spend_update_queue,!redis_daily_spend_update_queue,!redis_spend_update_queue; remaining=pid,redis_daily_spend_update_queue retained as source metadata or intentionally aggregated by this chart; label availability follows exporter configuration; no optional label is used as instance identity unless the chart route requires it	Redis integration	source-derived synthetic shape/routing proof; does not prove live enablement, values, cadence, or cardinality	chart	LiteLLM/Internal Services/Spend Queues / Spend-Update Queue Backlog [spend_update_queue_backlog; items; absolute]	BerriAI/litellm @ 23de7a15d9d40006ee596e617475ba101d60c5e9; litellm/integrations/prometheus*.py and update callsites audited in OPERATOR-MODEL.md
litellm_redis_daily_tag_spend_update_queue_failed_requests_created	litellm_redis_daily_tag_spend_update_queue_failed_requests_created	litellm_redis_daily_tag_spend_update_queue_failed_requests_created	gauge	error_class,function_name,redis_daily_tag_spend_update_queue	<excluded>	<none>	error/outcome	Total failed_requests for redis_daily_tag_spend_update_queue service	generated registration-timestamp companion; excluded from operational charts	raw gauge; no rendered unit because job-excluded	source labels=error_class,function_name,redis_daily_tag_spend_update_queue; no chart identity/dimension role	Redis integration	source-derived synthetic shape/routing proof; exclusion reason is runtime-validated	job-excluded	recommended job exclusion; lost question documented in OPERATOR-MODEL.md	BerriAI/litellm @ 23de7a15d9d40006ee596e617475ba101d60c5e9; litellm/integrations/prometheus*.py and update callsites audited in OPERATOR-MODEL.md
litellm_redis_daily_tag_spend_update_queue_failed_requests_total	litellm_redis_daily_tag_spend_update_queue_failed_requests_total	litellm_redis_daily_tag_spend_update_queue_failed_requests_total	counter	error_class,function_name,redis_daily_tag_spend_update_queue	LiteLLM/Internal Services	<global>	error/outcome	Total failed_requests for redis_daily_tag_spend_update_queue service	independent source family unless a source-defined relationship is stated in OPERATOR-MODEL.md	raw counter -> incremental -> failures/s; counted/measured object: Total failed_requests for redis_daily_tag_spend_update_queue service	identity=<global>; remaining=error_class,function_name,redis_daily_tag_spend_update_queue retained as source metadata or intentionally aggregated by this chart; label availability follows exporter configuration; no optional label is used as instance identity unless the chart route requires it	Redis integration	source-derived synthetic shape/routing proof; does not prove live enablement, values, cadence, or cardinality	chart	LiteLLM/Internal Services / Internal Service Failures [internal_service_failures; failures/s; incremental]	BerriAI/litellm @ 23de7a15d9d40006ee596e617475ba101d60c5e9; litellm/integrations/prometheus*.py and update callsites audited in OPERATOR-MODEL.md
litellm_redis_daily_tag_spend_update_queue_latency_bucket	litellm_redis_daily_tag_spend_update_queue_latency_bucket	litellm_redis_daily_tag_spend_update_queue_latency	histogram	le,redis_daily_tag_spend_update_queue	LiteLLM/Internal Services	<global>	latency	Latency for redis_daily_tag_spend_update_queue service	histogram bucket component; same observation population as the family bucket/quantile, count, and sum components	raw histogram -> incremental -> observations/s; counted/measured object: Latency for redis_daily_tag_spend_update_queue service	identity=<global>; remaining=le,redis_daily_tag_spend_update_queue retained as source metadata or intentionally aggregated by this chart; label availability follows exporter configuration; no optional label is used as instance identity unless the chart route requires it	Redis integration	source-derived synthetic shape/routing proof; does not prove live enablement, values, cadence, or cardinality	chart	LiteLLM/Internal Services / Redis Tag Spend Queue Latency Distribution [redis_daily_tag_spend_update_queue_latency_distribution; observations/s; incremental]	BerriAI/litellm @ 23de7a15d9d40006ee596e617475ba101d60c5e9; litellm/integrations/prometheus*.py and update callsites audited in OPERATOR-MODEL.md
litellm_redis_daily_tag_spend_update_queue_latency_count	litellm_redis_daily_tag_spend_update_queue_latency_count	litellm_redis_daily_tag_spend_update_queue_latency	histogram	le,redis_daily_tag_spend_update_queue	LiteLLM/Internal Services	<global>	latency	Latency for redis_daily_tag_spend_update_queue service	histogram count component; same observation population as the family bucket/quantile, count, and sum components	raw histogram -> incremental -> requests/s; counted/measured object: Latency for redis_daily_tag_spend_update_queue service	identity=<global>; remaining=le,redis_daily_tag_spend_update_queue retained as source metadata or intentionally aggregated by this chart; label availability follows exporter configuration; no optional label is used as instance identity unless the chart route requires it	Redis integration	source-derived synthetic shape/routing proof; does not prove live enablement, values, cadence, or cardinality	chart	LiteLLM/Internal Services / Internal Service Latency Measurements [internal_service_latency_measurements; requests/s; incremental]	BerriAI/litellm @ 23de7a15d9d40006ee596e617475ba101d60c5e9; litellm/integrations/prometheus*.py and update callsites audited in OPERATOR-MODEL.md
litellm_redis_daily_tag_spend_update_queue_latency_sum	litellm_redis_daily_tag_spend_update_queue_latency_sum	litellm_redis_daily_tag_spend_update_queue_latency	histogram	le,redis_daily_tag_spend_update_queue	LiteLLM/Internal Services	<global>	latency	Latency for redis_daily_tag_spend_update_queue service	histogram sum component; same observation population as the family bucket/quantile, count, and sum components	raw histogram -> incremental -> seconds/s; counted/measured object: Latency for redis_daily_tag_spend_update_queue service	identity=<global>; remaining=le,redis_daily_tag_spend_update_queue retained as source metadata or intentionally aggregated by this chart; label availability follows exporter configuration; no optional label is used as instance identity unless the chart route requires it	Redis integration	source-derived synthetic shape/routing proof; does not prove live enablement, values, cadence, or cardinality	chart	LiteLLM/Internal Services / Accumulated Internal Service Latency [accumulated_internal_service_latency; seconds/s; incremental]	BerriAI/litellm @ 23de7a15d9d40006ee596e617475ba101d60c5e9; litellm/integrations/prometheus*.py and update callsites audited in OPERATOR-MODEL.md
litellm_redis_daily_tag_spend_update_queue_latency_created	litellm_redis_daily_tag_spend_update_queue_latency_created	litellm_redis_daily_tag_spend_update_queue_latency_created	gauge	redis_daily_tag_spend_update_queue	<excluded>	<none>	latency	Latency for redis_daily_tag_spend_update_queue service	generated registration-timestamp companion; excluded from operational charts	raw gauge; no rendered unit because job-excluded	source labels=redis_daily_tag_spend_update_queue; no chart identity/dimension role	Redis integration	source-derived synthetic shape/routing proof; exclusion reason is runtime-validated	job-excluded	recommended job exclusion; lost question documented in OPERATOR-MODEL.md	BerriAI/litellm @ 23de7a15d9d40006ee596e617475ba101d60c5e9; litellm/integrations/prometheus*.py and update callsites audited in OPERATOR-MODEL.md
litellm_redis_daily_tag_spend_update_queue_total_requests_created	litellm_redis_daily_tag_spend_update_queue_total_requests_created	litellm_redis_daily_tag_spend_update_queue_total_requests_created	gauge	redis_daily_tag_spend_update_queue	<excluded>	<none>	saturation/state	Total total_requests for redis_daily_tag_spend_update_queue service	generated registration-timestamp companion; excluded from operational charts	raw gauge; no rendered unit because job-excluded	source labels=redis_daily_tag_spend_update_queue; no chart identity/dimension role	Redis integration	source-derived synthetic shape/routing proof; exclusion reason is runtime-validated	job-excluded	recommended job exclusion; lost question documented in OPERATOR-MODEL.md	BerriAI/litellm @ 23de7a15d9d40006ee596e617475ba101d60c5e9; litellm/integrations/prometheus*.py and update callsites audited in OPERATOR-MODEL.md
litellm_redis_daily_tag_spend_update_queue_total_requests_total	litellm_redis_daily_tag_spend_update_queue_total_requests_total	litellm_redis_daily_tag_spend_update_queue_total_requests_total	counter	redis_daily_tag_spend_update_queue	LiteLLM/Internal Services	<global>	saturation/state	Total total_requests for redis_daily_tag_spend_update_queue service	independent source family unless a source-defined relationship is stated in OPERATOR-MODEL.md	raw counter -> incremental -> requests/s; counted/measured object: Total total_requests for redis_daily_tag_spend_update_queue service	identity=<global>; remaining=redis_daily_tag_spend_update_queue retained as source metadata or intentionally aggregated by this chart; label availability follows exporter configuration; no optional label is used as instance identity unless the chart route requires it	Redis integration	source-derived synthetic shape/routing proof; does not prove live enablement, values, cadence, or cardinality	chart	LiteLLM/Internal Services / Internal Service Requests [internal_service_requests; requests/s; incremental]	BerriAI/litellm @ 23de7a15d9d40006ee596e617475ba101d60c5e9; litellm/integrations/prometheus*.py and update callsites audited in OPERATOR-MODEL.md
litellm_redis_daily_team_spend_update_queue_failed_requests_created	litellm_redis_daily_team_spend_update_queue_failed_requests_created	litellm_redis_daily_team_spend_update_queue_failed_requests_created	gauge	error_class,function_name,redis_daily_team_spend_update_queue	<excluded>	<none>	error/outcome	Total failed_requests for redis_daily_team_spend_update_queue service	generated registration-timestamp companion; excluded from operational charts	raw gauge; no rendered unit because job-excluded	source labels=error_class,function_name,redis_daily_team_spend_update_queue; no chart identity/dimension role	Redis integration	source-derived synthetic shape/routing proof; exclusion reason is runtime-validated	job-excluded	recommended job exclusion; lost question documented in OPERATOR-MODEL.md	BerriAI/litellm @ 23de7a15d9d40006ee596e617475ba101d60c5e9; litellm/integrations/prometheus*.py and update callsites audited in OPERATOR-MODEL.md
litellm_redis_daily_team_spend_update_queue_failed_requests_total	litellm_redis_daily_team_spend_update_queue_failed_requests_total	litellm_redis_daily_team_spend_update_queue_failed_requests_total	counter	error_class,function_name,redis_daily_team_spend_update_queue	LiteLLM/Internal Services	<global>	error/outcome	Total failed_requests for redis_daily_team_spend_update_queue service	independent source family unless a source-defined relationship is stated in OPERATOR-MODEL.md	raw counter -> incremental -> failures/s; counted/measured object: Total failed_requests for redis_daily_team_spend_update_queue service	identity=<global>; remaining=error_class,function_name,redis_daily_team_spend_update_queue retained as source metadata or intentionally aggregated by this chart; label availability follows exporter configuration; no optional label is used as instance identity unless the chart route requires it	Redis integration	source-derived synthetic shape/routing proof; does not prove live enablement, values, cadence, or cardinality	chart	LiteLLM/Internal Services / Internal Service Failures [internal_service_failures; failures/s; incremental]	BerriAI/litellm @ 23de7a15d9d40006ee596e617475ba101d60c5e9; litellm/integrations/prometheus*.py and update callsites audited in OPERATOR-MODEL.md
litellm_redis_daily_team_spend_update_queue_latency_bucket	litellm_redis_daily_team_spend_update_queue_latency_bucket	litellm_redis_daily_team_spend_update_queue_latency	histogram	le,redis_daily_team_spend_update_queue	LiteLLM/Internal Services	<global>	latency	Latency for redis_daily_team_spend_update_queue service	histogram bucket component; same observation population as the family bucket/quantile, count, and sum components	raw histogram -> incremental -> observations/s; counted/measured object: Latency for redis_daily_team_spend_update_queue service	identity=<global>; remaining=le,redis_daily_team_spend_update_queue retained as source metadata or intentionally aggregated by this chart; label availability follows exporter configuration; no optional label is used as instance identity unless the chart route requires it	Redis integration	source-derived synthetic shape/routing proof; does not prove live enablement, values, cadence, or cardinality	chart	LiteLLM/Internal Services / Redis Team Spend Queue Latency Distribution [redis_daily_team_spend_update_queue_latency_distribution; observations/s; incremental]	BerriAI/litellm @ 23de7a15d9d40006ee596e617475ba101d60c5e9; litellm/integrations/prometheus*.py and update callsites audited in OPERATOR-MODEL.md
litellm_redis_daily_team_spend_update_queue_latency_count	litellm_redis_daily_team_spend_update_queue_latency_count	litellm_redis_daily_team_spend_update_queue_latency	histogram	le,redis_daily_team_spend_update_queue	LiteLLM/Internal Services	<global>	latency	Latency for redis_daily_team_spend_update_queue service	histogram count component; same observation population as the family bucket/quantile, count, and sum components	raw histogram -> incremental -> requests/s; counted/measured object: Latency for redis_daily_team_spend_update_queue service	identity=<global>; remaining=le,redis_daily_team_spend_update_queue retained as source metadata or intentionally aggregated by this chart; label availability follows exporter configuration; no optional label is used as instance identity unless the chart route requires it	Redis integration	source-derived synthetic shape/routing proof; does not prove live enablement, values, cadence, or cardinality	chart	LiteLLM/Internal Services / Internal Service Latency Measurements [internal_service_latency_measurements; requests/s; incremental]	BerriAI/litellm @ 23de7a15d9d40006ee596e617475ba101d60c5e9; litellm/integrations/prometheus*.py and update callsites audited in OPERATOR-MODEL.md
litellm_redis_daily_team_spend_update_queue_latency_sum	litellm_redis_daily_team_spend_update_queue_latency_sum	litellm_redis_daily_team_spend_update_queue_latency	histogram	le,redis_daily_team_spend_update_queue	LiteLLM/Internal Services	<global>	latency	Latency for redis_daily_team_spend_update_queue service	histogram sum component; same observation population as the family bucket/quantile, count, and sum components	raw histogram -> incremental -> seconds/s; counted/measured object: Latency for redis_daily_team_spend_update_queue service	identity=<global>; remaining=le,redis_daily_team_spend_update_queue retained as source metadata or intentionally aggregated by this chart; label availability follows exporter configuration; no optional label is used as instance identity unless the chart route requires it	Redis integration	source-derived synthetic shape/routing proof; does not prove live enablement, values, cadence, or cardinality	chart	LiteLLM/Internal Services / Accumulated Internal Service Latency [accumulated_internal_service_latency; seconds/s; incremental]	BerriAI/litellm @ 23de7a15d9d40006ee596e617475ba101d60c5e9; litellm/integrations/prometheus*.py and update callsites audited in OPERATOR-MODEL.md
litellm_redis_daily_team_spend_update_queue_latency_created	litellm_redis_daily_team_spend_update_queue_latency_created	litellm_redis_daily_team_spend_update_queue_latency_created	gauge	redis_daily_team_spend_update_queue	<excluded>	<none>	latency	Latency for redis_daily_team_spend_update_queue service	generated registration-timestamp companion; excluded from operational charts	raw gauge; no rendered unit because job-excluded	source labels=redis_daily_team_spend_update_queue; no chart identity/dimension role	Redis integration	source-derived synthetic shape/routing proof; exclusion reason is runtime-validated	job-excluded	recommended job exclusion; lost question documented in OPERATOR-MODEL.md	BerriAI/litellm @ 23de7a15d9d40006ee596e617475ba101d60c5e9; litellm/integrations/prometheus*.py and update callsites audited in OPERATOR-MODEL.md
litellm_redis_daily_team_spend_update_queue_total_requests_created	litellm_redis_daily_team_spend_update_queue_total_requests_created	litellm_redis_daily_team_spend_update_queue_total_requests_created	gauge	redis_daily_team_spend_update_queue	<excluded>	<none>	saturation/state	Total total_requests for redis_daily_team_spend_update_queue service	generated registration-timestamp companion; excluded from operational charts	raw gauge; no rendered unit because job-excluded	source labels=redis_daily_team_spend_update_queue; no chart identity/dimension role	Redis integration	source-derived synthetic shape/routing proof; exclusion reason is runtime-validated	job-excluded	recommended job exclusion; lost question documented in OPERATOR-MODEL.md	BerriAI/litellm @ 23de7a15d9d40006ee596e617475ba101d60c5e9; litellm/integrations/prometheus*.py and update callsites audited in OPERATOR-MODEL.md
litellm_redis_daily_team_spend_update_queue_total_requests_total	litellm_redis_daily_team_spend_update_queue_total_requests_total	litellm_redis_daily_team_spend_update_queue_total_requests_total	counter	redis_daily_team_spend_update_queue	LiteLLM/Internal Services	<global>	saturation/state	Total total_requests for redis_daily_team_spend_update_queue service	independent source family unless a source-defined relationship is stated in OPERATOR-MODEL.md	raw counter -> incremental -> requests/s; counted/measured object: Total total_requests for redis_daily_team_spend_update_queue service	identity=<global>; remaining=redis_daily_team_spend_update_queue retained as source metadata or intentionally aggregated by this chart; label availability follows exporter configuration; no optional label is used as instance identity unless the chart route requires it	Redis integration	source-derived synthetic shape/routing proof; does not prove live enablement, values, cadence, or cardinality	chart	LiteLLM/Internal Services / Internal Service Requests [internal_service_requests; requests/s; incremental]	BerriAI/litellm @ 23de7a15d9d40006ee596e617475ba101d60c5e9; litellm/integrations/prometheus*.py and update callsites audited in OPERATOR-MODEL.md
litellm_redis_failed_requests_created	litellm_redis_failed_requests_created	litellm_redis_failed_requests_created	gauge	error_class,function_name,redis	<excluded>	<none>	error/outcome	Total failed_requests for redis service	generated registration-timestamp companion; excluded from operational charts	raw gauge; no rendered unit because job-excluded	source labels=error_class,function_name,redis; no chart identity/dimension role	Redis integration	source-derived synthetic shape/routing proof; exclusion reason is runtime-validated	job-excluded	recommended job exclusion; lost question documented in OPERATOR-MODEL.md	BerriAI/litellm @ 23de7a15d9d40006ee596e617475ba101d60c5e9; litellm/integrations/prometheus*.py and update callsites audited in OPERATOR-MODEL.md
litellm_redis_failed_requests_total	litellm_redis_failed_requests_total	litellm_redis_failed_requests_total	counter	error_class,function_name,redis	LiteLLM/Internal Services	<global>	error/outcome	Total failed_requests for redis service	independent source family unless a source-defined relationship is stated in OPERATOR-MODEL.md	raw counter -> incremental -> failures/s; counted/measured object: Total failed_requests for redis service	identity=<global>; remaining=error_class,function_name,redis retained as source metadata or intentionally aggregated by this chart; label availability follows exporter configuration; no optional label is used as instance identity unless the chart route requires it	Redis integration	source-derived synthetic shape/routing proof; does not prove live enablement, values, cadence, or cardinality	chart	LiteLLM/Internal Services / Internal Service Failures [internal_service_failures; failures/s; incremental]	BerriAI/litellm @ 23de7a15d9d40006ee596e617475ba101d60c5e9; litellm/integrations/prometheus*.py and update callsites audited in OPERATOR-MODEL.md
litellm_redis_latency_bucket	litellm_redis_latency_bucket	litellm_redis_latency	histogram	le,redis	LiteLLM/Internal Services	<global>	latency	Latency for redis service	histogram bucket component; same observation population as the family bucket/quantile, count, and sum components	raw histogram -> incremental -> observations/s; counted/measured object: Latency for redis service	identity=<global>; remaining=le,redis retained as source metadata or intentionally aggregated by this chart; label availability follows exporter configuration; no optional label is used as instance identity unless the chart route requires it	Redis integration	source-derived synthetic shape/routing proof; does not prove live enablement, values, cadence, or cardinality	chart	LiteLLM/Internal Services / Redis Latency Distribution [redis_latency_distribution; observations/s; incremental]	BerriAI/litellm @ 23de7a15d9d40006ee596e617475ba101d60c5e9; litellm/integrations/prometheus*.py and update callsites audited in OPERATOR-MODEL.md
litellm_redis_latency_count	litellm_redis_latency_count	litellm_redis_latency	histogram	le,redis	LiteLLM/Internal Services	<global>	latency	Latency for redis service	histogram count component; same observation population as the family bucket/quantile, count, and sum components	raw histogram -> incremental -> requests/s; counted/measured object: Latency for redis service	identity=<global>; remaining=le,redis retained as source metadata or intentionally aggregated by this chart; label availability follows exporter configuration; no optional label is used as instance identity unless the chart route requires it	Redis integration	source-derived synthetic shape/routing proof; does not prove live enablement, values, cadence, or cardinality	chart	LiteLLM/Internal Services / Internal Service Latency Measurements [internal_service_latency_measurements; requests/s; incremental]	BerriAI/litellm @ 23de7a15d9d40006ee596e617475ba101d60c5e9; litellm/integrations/prometheus*.py and update callsites audited in OPERATOR-MODEL.md
litellm_redis_latency_sum	litellm_redis_latency_sum	litellm_redis_latency	histogram	le,redis	LiteLLM/Internal Services	<global>	latency	Latency for redis service	histogram sum component; same observation population as the family bucket/quantile, count, and sum components	raw histogram -> incremental -> seconds/s; counted/measured object: Latency for redis service	identity=<global>; remaining=le,redis retained as source metadata or intentionally aggregated by this chart; label availability follows exporter configuration; no optional label is used as instance identity unless the chart route requires it	Redis integration	source-derived synthetic shape/routing proof; does not prove live enablement, values, cadence, or cardinality	chart	LiteLLM/Internal Services / Accumulated Internal Service Latency [accumulated_internal_service_latency; seconds/s; incremental]	BerriAI/litellm @ 23de7a15d9d40006ee596e617475ba101d60c5e9; litellm/integrations/prometheus*.py and update callsites audited in OPERATOR-MODEL.md
litellm_redis_latency_created	litellm_redis_latency_created	litellm_redis_latency_created	gauge	redis	<excluded>	<none>	latency	Latency for redis service	generated registration-timestamp companion; excluded from operational charts	raw gauge; no rendered unit because job-excluded	source labels=redis; no chart identity/dimension role	Redis integration	source-derived synthetic shape/routing proof; exclusion reason is runtime-validated	job-excluded	recommended job exclusion; lost question documented in OPERATOR-MODEL.md	BerriAI/litellm @ 23de7a15d9d40006ee596e617475ba101d60c5e9; litellm/integrations/prometheus*.py and update callsites audited in OPERATOR-MODEL.md
litellm_redis_spend_update_queue_size	litellm_redis_spend_update_queue_size	litellm_redis_spend_update_queue_size	gauge	pid,redis_spend_update_queue	LiteLLM/Internal Services/Spend Queues	*,!in_memory_daily_spend_update_queue,!in_memory_spend_update_queue,!redis_daily_agent_spend_update_queue,!redis_daily_end_user_spend_update_queue,!redis_daily_spend_update_queue,!redis_spend_update_queue	saturation/state	Gauge for redis_spend_update_queue service	independent source family unless a source-defined relationship is stated in OPERATOR-MODEL.md	raw gauge -> absolute -> items; counted/measured object: Gauge for redis_spend_update_queue service	identity=*,!in_memory_daily_spend_update_queue,!in_memory_spend_update_queue,!redis_daily_agent_spend_update_queue,!redis_daily_end_user_spend_update_queue,!redis_daily_spend_update_queue,!redis_spend_update_queue; remaining=pid,redis_spend_update_queue retained as source metadata or intentionally aggregated by this chart; label availability follows exporter configuration; no optional label is used as instance identity unless the chart route requires it	Redis integration	source-derived synthetic shape/routing proof; does not prove live enablement, values, cadence, or cardinality	chart	LiteLLM/Internal Services/Spend Queues / Spend-Update Queue Backlog [spend_update_queue_backlog; items; absolute]	BerriAI/litellm @ 23de7a15d9d40006ee596e617475ba101d60c5e9; litellm/integrations/prometheus*.py and update callsites audited in OPERATOR-MODEL.md
litellm_redis_total_requests_created	litellm_redis_total_requests_created	litellm_redis_total_requests_created	gauge	redis	<excluded>	<none>	workload/outcome	Total total_requests for redis service	generated registration-timestamp companion; excluded from operational charts	raw gauge; no rendered unit because job-excluded	source labels=redis; no chart identity/dimension role	Redis integration	source-derived synthetic shape/routing proof; exclusion reason is runtime-validated	job-excluded	recommended job exclusion; lost question documented in OPERATOR-MODEL.md	BerriAI/litellm @ 23de7a15d9d40006ee596e617475ba101d60c5e9; litellm/integrations/prometheus*.py and update callsites audited in OPERATOR-MODEL.md
litellm_redis_total_requests_total	litellm_redis_total_requests_total	litellm_redis_total_requests_total	counter	redis	LiteLLM/Internal Services	<global>	workload/outcome	Total total_requests for redis service	independent source family unless a source-defined relationship is stated in OPERATOR-MODEL.md	raw counter -> incremental -> requests/s; counted/measured object: Total total_requests for redis service	identity=<global>; remaining=redis retained as source metadata or intentionally aggregated by this chart; label availability follows exporter configuration; no optional label is used as instance identity unless the chart route requires it	Redis integration	source-derived synthetic shape/routing proof; does not prove live enablement, values, cadence, or cardinality	chart	LiteLLM/Internal Services / Internal Service Requests [internal_service_requests; requests/s; incremental]	BerriAI/litellm @ 23de7a15d9d40006ee596e617475ba101d60c5e9; litellm/integrations/prometheus*.py and update callsites audited in OPERATOR-MODEL.md
litellm_remaining_api_key_budget_metric	litellm_remaining_api_key_budget_metric	litellm_remaining_api_key_budget_metric	gauge	api_key_alias,hashed_api_key,pid	LiteLLM/Governance/API Keys	*	capacity/resource	Remaining budget for api key	independent source family unless a source-defined relationship is stated in OPERATOR-MODEL.md	raw gauge -> absolute -> USD; counted/measured object: Remaining budget for api key	all emitted labels are instance identity; label availability follows exporter configuration; no optional label is used as instance identity unless the chart route requires it	budget tracking	source-derived synthetic shape/routing proof; does not prove live enablement, values, cadence, or cardinality	chart	LiteLLM/Governance/API Keys / API-Key Budget [api_key_budget; USD; absolute]	BerriAI/litellm @ 23de7a15d9d40006ee596e617475ba101d60c5e9; litellm/integrations/prometheus*.py and update callsites audited in OPERATOR-MODEL.md
litellm_remaining_api_key_requests_for_model	litellm_remaining_api_key_requests_for_model	litellm_remaining_api_key_requests_for_model	gauge	api_key_alias,hashed_api_key,metadata_project,model,model_id,pid,tag_prod	LiteLLM/Governance/API Key Models	*	capacity/resource	Remaining Requests API Key can make for model (model based rpm limit on key)	independent source family unless a source-defined relationship is stated in OPERATOR-MODEL.md	raw gauge -> absolute -> requests; counted/measured object: Remaining Requests API Key can make for model (model based rpm limit on key)	all emitted labels are instance identity; label availability follows exporter configuration; no optional label is used as instance identity unless the chart route requires it	LiteLLM Prometheus callback; prometheus_metrics_config may select families/labels	source-derived synthetic shape/routing proof; does not prove live enablement, values, cadence, or cardinality	chart	LiteLLM/Governance/API Key Models / API-Key Model Request Headroom [api_key_model_request_headroom; requests; absolute]	BerriAI/litellm @ 23de7a15d9d40006ee596e617475ba101d60c5e9; litellm/integrations/prometheus*.py and update callsites audited in OPERATOR-MODEL.md
litellm_remaining_api_key_tokens_for_model	litellm_remaining_api_key_tokens_for_model	litellm_remaining_api_key_tokens_for_model	gauge	api_key_alias,hashed_api_key,metadata_project,model,model_id,pid,tag_prod	LiteLLM/Governance/API Key Models	*	capacity/resource	Remaining Tokens API Key can make for model (model based tpm limit on key)	independent source family unless a source-defined relationship is stated in OPERATOR-MODEL.md	raw gauge -> absolute -> tokens; counted/measured object: Remaining Tokens API Key can make for model (model based tpm limit on key)	all emitted labels are instance identity; label availability follows exporter configuration; no optional label is used as instance identity unless the chart route requires it	LiteLLM Prometheus callback; prometheus_metrics_config may select families/labels	source-derived synthetic shape/routing proof; does not prove live enablement, values, cadence, or cardinality	chart	LiteLLM/Governance/API Key Models / API-Key Model Token Headroom [api_key_model_token_headroom; tokens; absolute]	BerriAI/litellm @ 23de7a15d9d40006ee596e617475ba101d60c5e9; litellm/integrations/prometheus*.py and update callsites audited in OPERATOR-MODEL.md
litellm_remaining_org_budget_metric	litellm_remaining_org_budget_metric	litellm_remaining_org_budget_metric	gauge	org_alias,org_id,pid	LiteLLM/Governance/Organizations	*	capacity/resource	Remaining budget for org	independent source family unless a source-defined relationship is stated in OPERATOR-MODEL.md	raw gauge -> absolute -> USD; counted/measured object: Remaining budget for org	all emitted labels are instance identity; label availability follows exporter configuration; no optional label is used as instance identity unless the chart route requires it	budget tracking	source-derived synthetic shape/routing proof; does not prove live enablement, values, cadence, or cardinality	chart	LiteLLM/Governance/Organizations / Organization Budget [organization_budget; USD; absolute]	BerriAI/litellm @ 23de7a15d9d40006ee596e617475ba101d60c5e9; litellm/integrations/prometheus*.py and update callsites audited in OPERATOR-MODEL.md
litellm_remaining_requests_metric	litellm_remaining_requests_metric	litellm_remaining_requests_metric	gauge	api_base,api_key_alias,api_provider,hashed_api_key,litellm_model_name,metadata_project,model_group,model_id,pid,tag_prod	LiteLLM/Routing and Deployments/Provider Headroom	*	workload/outcome	LLM Deployment Analytics - remaining requests for model, returned from LLM API Provider	independent source family unless a source-defined relationship is stated in OPERATOR-MODEL.md	raw gauge -> absolute -> requests; counted/measured object: LLM Deployment Analytics - remaining requests for model, returned from LLM API Provider	all emitted labels are instance identity; label availability follows exporter configuration; no optional label is used as instance identity unless the chart route requires it	LiteLLM Prometheus callback; prometheus_metrics_config may select families/labels	source-derived synthetic shape/routing proof; does not prove live enablement, values, cadence, or cardinality	chart	LiteLLM/Routing and Deployments/Provider Headroom / Provider Remaining Requests [provider_remaining_requests; requests; absolute]	BerriAI/litellm @ 23de7a15d9d40006ee596e617475ba101d60c5e9; litellm/integrations/prometheus*.py and update callsites audited in OPERATOR-MODEL.md
litellm_remaining_team_budget_metric	litellm_remaining_team_budget_metric	litellm_remaining_team_budget_metric	gauge	pid,team,team_alias	LiteLLM/Governance/Teams	*	capacity/resource	Remaining budget for team	independent source family unless a source-defined relationship is stated in OPERATOR-MODEL.md	raw gauge -> absolute -> USD; counted/measured object: Remaining budget for team	all emitted labels are instance identity; label availability follows exporter configuration; no optional label is used as instance identity unless the chart route requires it	budget tracking	source-derived synthetic shape/routing proof; does not prove live enablement, values, cadence, or cardinality	chart	LiteLLM/Governance/Teams / Team Budget [team_budget; USD; absolute]	BerriAI/litellm @ 23de7a15d9d40006ee596e617475ba101d60c5e9; litellm/integrations/prometheus*.py and update callsites audited in OPERATOR-MODEL.md
litellm_remaining_tokens_metric	litellm_remaining_tokens_metric	litellm_remaining_tokens_metric	gauge	api_base,api_key_alias,api_provider,hashed_api_key,litellm_model_name,metadata_project,model_group,model_id,pid,tag_prod	LiteLLM/Routing and Deployments/Provider Headroom	*	workload/outcome	remaining tokens for model, returned from LLM API Provider	independent source family unless a source-defined relationship is stated in OPERATOR-MODEL.md	raw gauge -> absolute -> tokens; counted/measured object: remaining tokens for model, returned from LLM API Provider	all emitted labels are instance identity; label availability follows exporter configuration; no optional label is used as instance identity unless the chart route requires it	LiteLLM Prometheus callback; prometheus_metrics_config may select families/labels	source-derived synthetic shape/routing proof; does not prove live enablement, values, cadence, or cardinality	chart	LiteLLM/Routing and Deployments/Provider Headroom / Provider Remaining Tokens [provider_remaining_tokens; tokens; absolute]	BerriAI/litellm @ 23de7a15d9d40006ee596e617475ba101d60c5e9; litellm/integrations/prometheus*.py and update callsites audited in OPERATOR-MODEL.md
litellm_remaining_user_budget_metric	litellm_remaining_user_budget_metric	litellm_remaining_user_budget_metric	gauge	pid,user,user_alias,user_email	LiteLLM/Governance/Users	*	capacity/resource	Remaining budget for user	independent source family unless a source-defined relationship is stated in OPERATOR-MODEL.md	raw gauge -> absolute -> USD; counted/measured object: Remaining budget for user	all emitted labels are instance identity; label availability follows exporter configuration; no optional label is used as instance identity unless the chart route requires it	budget tracking	source-derived synthetic shape/routing proof; does not prove live enablement, values, cadence, or cardinality	chart	LiteLLM/Governance/Users / User Budget [user_budget; USD; absolute]	BerriAI/litellm @ 23de7a15d9d40006ee596e617475ba101d60c5e9; litellm/integrations/prometheus*.py and update callsites audited in OPERATOR-MODEL.md
litellm_request_queue_time_seconds_bucket	litellm_request_queue_time_seconds_bucket	litellm_request_queue_time_seconds	histogram	api_key_alias,api_provider,end_user,hashed_api_key,le,model,model_id,org_alias,org_id,requested_model,team,team_alias,user	LiteLLM/Gateway	<global>	latency	Time spent in request queue before processing starts (seconds)	histogram bucket component; same observation population as the family bucket/quantile, count, and sum components	raw histogram -> incremental -> observations/s; counted/measured object: Time spent in request queue before processing starts (seconds)	identity=<global>; remaining=api_key_alias,api_provider,end_user,hashed_api_key,le,model,model_id,org_alias,org_id,requested_model,team,team_alias,user retained as source metadata or intentionally aggregated by this chart; label availability follows exporter configuration; no optional label is used as instance identity unless the chart route requires it	LiteLLM Prometheus callback; prometheus_metrics_config may select families/labels	source-derived synthetic shape/routing proof; does not prove live enablement, values, cadence, or cardinality	chart	LiteLLM/Gateway / Request Queue-Time Distribution [request_queue_time_distribution; observations/s; incremental]	BerriAI/litellm @ 23de7a15d9d40006ee596e617475ba101d60c5e9; litellm/integrations/prometheus*.py and update callsites audited in OPERATOR-MODEL.md
litellm_request_queue_time_seconds_count	litellm_request_queue_time_seconds_count	litellm_request_queue_time_seconds	histogram	api_key_alias,api_provider,end_user,hashed_api_key,le,model,model_id,org_alias,org_id,requested_model,team,team_alias,user	LiteLLM/Gateway	<global>	latency	Time spent in request queue before processing starts (seconds)	histogram count component; same observation population as the family bucket/quantile, count, and sum components	raw histogram -> incremental -> requests/s; counted/measured object: Time spent in request queue before processing starts (seconds)	identity=<global>; remaining=api_key_alias,api_provider,end_user,hashed_api_key,le,model,model_id,org_alias,org_id,requested_model,team,team_alias,user retained as source metadata or intentionally aggregated by this chart; label availability follows exporter configuration; no optional label is used as instance identity unless the chart route requires it	LiteLLM Prometheus callback; prometheus_metrics_config may select families/labels	source-derived synthetic shape/routing proof; does not prove live enablement, values, cadence, or cardinality	chart	LiteLLM/Gateway / Client Request-Latency Measurements [client_request_latency_measurements; requests/s; incremental]	BerriAI/litellm @ 23de7a15d9d40006ee596e617475ba101d60c5e9; litellm/integrations/prometheus*.py and update callsites audited in OPERATOR-MODEL.md
litellm_request_queue_time_seconds_sum	litellm_request_queue_time_seconds_sum	litellm_request_queue_time_seconds	histogram	api_key_alias,api_provider,end_user,hashed_api_key,le,model,model_id,org_alias,org_id,requested_model,team,team_alias,user	LiteLLM/Gateway	<global>	latency	Time spent in request queue before processing starts (seconds)	histogram sum component; same observation population as the family bucket/quantile, count, and sum components	raw histogram -> incremental -> seconds/s; counted/measured object: Time spent in request queue before processing starts (seconds)	identity=<global>; remaining=api_key_alias,api_provider,end_user,hashed_api_key,le,model,model_id,org_alias,org_id,requested_model,team,team_alias,user retained as source metadata or intentionally aggregated by this chart; label availability follows exporter configuration; no optional label is used as instance identity unless the chart route requires it	LiteLLM Prometheus callback; prometheus_metrics_config may select families/labels	source-derived synthetic shape/routing proof; does not prove live enablement, values, cadence, or cardinality	chart	LiteLLM/Gateway / Accumulated Client Request Time [accumulated_client_request_time; seconds/s; incremental]	BerriAI/litellm @ 23de7a15d9d40006ee596e617475ba101d60c5e9; litellm/integrations/prometheus*.py and update callsites audited in OPERATOR-MODEL.md
"litellm_request_queue_time_seconds_bucket{api_provider=~"".+"",model=~"".+""}"	litellm_request_queue_time_seconds_bucket	litellm_request_queue_time_seconds	histogram	api_key_alias,api_provider,end_user,hashed_api_key,le,model,model_id,org_alias,org_id,requested_model,team,team_alias,user	LiteLLM/Gateway/By Provider and Model	api_provider,model	latency	Time spent in request queue before processing starts (seconds)	histogram bucket component; same observation population as the family bucket/quantile, count, and sum components	raw histogram -> incremental -> observations/s; counted/measured object: Time spent in request queue before processing starts (seconds)	identity=api_provider,model; routing=api_provider,model; complementary blank/nonblank routes mark those labels optional; remaining=api_key_alias,end_user,hashed_api_key,le,model_id,org_alias,org_id,requested_model,team,team_alias,user retained as source metadata or intentionally aggregated by this chart; label availability follows exporter configuration; no optional label is used as instance identity unless the chart route requires it	LiteLLM Prometheus callback; prometheus_metrics_config may select families/labels	source-derived synthetic shape/routing proof; does not prove live enablement, values, cadence, or cardinality	chart	LiteLLM/Gateway/By Provider and Model / Request Queue-Time Distribution by Provider and Model [request_queue_time_distribution_by_provider_model; observations/s; incremental]	BerriAI/litellm @ 23de7a15d9d40006ee596e617475ba101d60c5e9; litellm/integrations/prometheus*.py and update callsites audited in OPERATOR-MODEL.md
"litellm_request_queue_time_seconds_count{api_provider=~"".+"",model=~"".+""}"	litellm_request_queue_time_seconds_count	litellm_request_queue_time_seconds	histogram	api_key_alias,api_provider,end_user,hashed_api_key,le,model,model_id,org_alias,org_id,requested_model,team,team_alias,user	LiteLLM/Gateway/By Provider and Model	api_provider,model	latency	Time spent in request queue before processing starts (seconds)	histogram count component; same observation population as the family bucket/quantile, count, and sum components	raw histogram -> incremental -> requests/s; counted/measured object: Time spent in request queue before processing starts (seconds)	identity=api_provider,model; routing=api_provider,model; complementary blank/nonblank routes mark those labels optional; remaining=api_key_alias,end_user,hashed_api_key,le,model_id,org_alias,org_id,requested_model,team,team_alias,user retained as source metadata or intentionally aggregated by this chart; label availability follows exporter configuration; no optional label is used as instance identity unless the chart route requires it	LiteLLM Prometheus callback; prometheus_metrics_config may select families/labels	source-derived synthetic shape/routing proof; does not prove live enablement, values, cadence, or cardinality	chart	LiteLLM/Gateway/By Provider and Model / Client Request-Latency Measurements by Provider and Model [client_request_latency_measurements_by_provider_model; requests/s; incremental]	BerriAI/litellm @ 23de7a15d9d40006ee596e617475ba101d60c5e9; litellm/integrations/prometheus*.py and update callsites audited in OPERATOR-MODEL.md
"litellm_request_queue_time_seconds_sum{api_provider=~"".+"",model=~"".+""}"	litellm_request_queue_time_seconds_sum	litellm_request_queue_time_seconds	histogram	api_key_alias,api_provider,end_user,hashed_api_key,le,model,model_id,org_alias,org_id,requested_model,team,team_alias,user	LiteLLM/Gateway/By Provider and Model	api_provider,model	latency	Time spent in request queue before processing starts (seconds)	histogram sum component; same observation population as the family bucket/quantile, count, and sum components	raw histogram -> incremental -> seconds/s; counted/measured object: Time spent in request queue before processing starts (seconds)	identity=api_provider,model; routing=api_provider,model; complementary blank/nonblank routes mark those labels optional; remaining=api_key_alias,end_user,hashed_api_key,le,model_id,org_alias,org_id,requested_model,team,team_alias,user retained as source metadata or intentionally aggregated by this chart; label availability follows exporter configuration; no optional label is used as instance identity unless the chart route requires it	LiteLLM Prometheus callback; prometheus_metrics_config may select families/labels	source-derived synthetic shape/routing proof; does not prove live enablement, values, cadence, or cardinality	chart	LiteLLM/Gateway/By Provider and Model / Accumulated Client Request Time by Provider and Model [accumulated_client_request_time_by_provider_model; seconds/s; incremental]	BerriAI/litellm @ 23de7a15d9d40006ee596e617475ba101d60c5e9; litellm/integrations/prometheus*.py and update callsites audited in OPERATOR-MODEL.md
litellm_request_queue_time_seconds_created	litellm_request_queue_time_seconds_created	litellm_request_queue_time_seconds_created	gauge	api_key_alias,api_provider,end_user,hashed_api_key,model,model_id,org_alias,org_id,requested_model,team,team_alias,user	<excluded>	<none>	latency	Time spent in request queue before processing starts (seconds)	generated registration-timestamp companion; excluded from operational charts	raw gauge; no rendered unit because job-excluded	source labels=api_key_alias,api_provider,end_user,hashed_api_key,model,model_id,org_alias,org_id,requested_model,team,team_alias,user; no chart identity/dimension role	LiteLLM Prometheus callback; prometheus_metrics_config may select families/labels	source-derived synthetic shape/routing proof; exclusion reason is runtime-validated	job-excluded	recommended job exclusion; lost question documented in OPERATOR-MODEL.md	BerriAI/litellm @ 23de7a15d9d40006ee596e617475ba101d60c5e9; litellm/integrations/prometheus*.py and update callsites audited in OPERATOR-MODEL.md
litellm_request_total_latency_metric_bucket	litellm_request_total_latency_metric_bucket	litellm_request_total_latency_metric	histogram	api_key_alias,api_provider,end_user,hashed_api_key,le,model,model_id,org_alias,org_id,requested_model,service_tier,team,team_alias,user	LiteLLM/Gateway	<global>	latency	Total latency (seconds) for a request to LiteLLM	histogram bucket component; same observation population as the family bucket/quantile, count, and sum components	raw histogram -> incremental -> observations/s; counted/measured object: Total latency (seconds) for a request to LiteLLM	identity=<global>; remaining=api_key_alias,api_provider,end_user,hashed_api_key,le,model,model_id,org_alias,org_id,requested_model,service_tier,team,team_alias,user retained as source metadata or intentionally aggregated by this chart; label availability follows exporter configuration; no optional label is used as instance identity unless the chart route requires it	LiteLLM Prometheus callback; prometheus_metrics_config may select families/labels	source-derived synthetic shape/routing proof; does not prove live enablement, values, cadence, or cardinality	chart	LiteLLM/Gateway / End-to-End Request-Latency Distribution [request_total_latency_distribution; observations/s; incremental]	BerriAI/litellm @ 23de7a15d9d40006ee596e617475ba101d60c5e9; litellm/integrations/prometheus*.py and update callsites audited in OPERATOR-MODEL.md
litellm_request_total_latency_metric_count	litellm_request_total_latency_metric_count	litellm_request_total_latency_metric	histogram	api_key_alias,api_provider,end_user,hashed_api_key,le,model,model_id,org_alias,org_id,requested_model,service_tier,team,team_alias,user	LiteLLM/Gateway	<global>	latency	Total latency (seconds) for a request to LiteLLM	histogram count component; same observation population as the family bucket/quantile, count, and sum components	raw histogram -> incremental -> requests/s; counted/measured object: Total latency (seconds) for a request to LiteLLM	identity=<global>; remaining=api_key_alias,api_provider,end_user,hashed_api_key,le,model,model_id,org_alias,org_id,requested_model,service_tier,team,team_alias,user retained as source metadata or intentionally aggregated by this chart; label availability follows exporter configuration; no optional label is used as instance identity unless the chart route requires it	LiteLLM Prometheus callback; prometheus_metrics_config may select families/labels	source-derived synthetic shape/routing proof; does not prove live enablement, values, cadence, or cardinality	chart	LiteLLM/Gateway / Client Request-Latency Measurements [client_request_latency_measurements; requests/s; incremental]	BerriAI/litellm @ 23de7a15d9d40006ee596e617475ba101d60c5e9; litellm/integrations/prometheus*.py and update callsites audited in OPERATOR-MODEL.md
"litellm_request_total_latency_metric_count{service_tier=~""^([^N[:space:]][^[:space:]]*|N|N[^o[:space:]][^[:space:]]*|No|No[^n[:space:]][^[:space:]]*|Non|Non[^e[:space:]][^[:space:]]*|None[^[:space:]]+)$""}"	litellm_request_total_latency_metric_count	litellm_request_total_latency_metric	histogram	api_key_alias,api_provider,end_user,hashed_api_key,le,model,model_id,org_alias,org_id,requested_model,service_tier,team,team_alias,user	LiteLLM/Gateway/By Service Tier	<global>	latency	Total latency (seconds) for a request to LiteLLM	histogram count component; same observation population as the family bucket/quantile, count, and sum components	raw histogram -> incremental -> requests/s; counted/measured object: Total latency (seconds) for a request to LiteLLM	identity=<global>; dimension=service_tier; routing=service_tier; complementary blank/nonblank routes mark those labels optional; remaining=api_key_alias,api_provider,end_user,hashed_api_key,le,model,model_id,org_alias,org_id,requested_model,team,team_alias,user retained as source metadata or intentionally aggregated by this chart; label availability follows exporter configuration; no optional label is used as instance identity unless the chart route requires it	LiteLLM Prometheus callback; prometheus_metrics_config may select families/labels	source-derived synthetic shape/routing proof; does not prove live enablement, values, cadence, or cardinality	chart	LiteLLM/Gateway/By Service Tier / End-to-End Request-Latency Measurements by Service Tier [request_total_latency_measurements_by_service_tier; requests/s; incremental]	BerriAI/litellm @ 23de7a15d9d40006ee596e617475ba101d60c5e9; litellm/integrations/prometheus*.py and update callsites audited in OPERATOR-MODEL.md
"litellm_request_total_latency_metric_count{service_tier!~""^([^N[:space:]][^[:space:]]*|N|N[^o[:space:]][^[:space:]]*|No|No[^n[:space:]][^[:space:]]*|Non|Non[^e[:space:]][^[:space:]]*|None[^[:space:]]+)$""}"	litellm_request_total_latency_metric_count	litellm_request_total_latency_metric	histogram	api_key_alias,api_provider,end_user,hashed_api_key,le,model,model_id,org_alias,org_id,requested_model,service_tier,team,team_alias,user	LiteLLM/Gateway/By Service Tier	<global>	latency	Total latency (seconds) for a request to LiteLLM	histogram count component; same observation population as the family bucket/quantile, count, and sum components	raw histogram -> incremental -> requests/s; counted/measured object: Total latency (seconds) for a request to LiteLLM	identity=<global>; routing=service_tier; complementary blank/nonblank routes mark those labels optional; remaining=api_key_alias,api_provider,end_user,hashed_api_key,le,model,model_id,org_alias,org_id,requested_model,team,team_alias,user retained as source metadata or intentionally aggregated by this chart; label availability follows exporter configuration; no optional label is used as instance identity unless the chart route requires it	LiteLLM Prometheus callback; prometheus_metrics_config may select families/labels	source-derived synthetic shape/routing proof; does not prove live enablement, values, cadence, or cardinality	chart	LiteLLM/Gateway/By Service Tier / End-to-End Request-Latency Measurements by Service Tier [request_total_latency_measurements_by_service_tier; requests/s; incremental]	BerriAI/litellm @ 23de7a15d9d40006ee596e617475ba101d60c5e9; litellm/integrations/prometheus*.py and update callsites audited in OPERATOR-MODEL.md
litellm_request_total_latency_metric_sum	litellm_request_total_latency_metric_sum	litellm_request_total_latency_metric	histogram	api_key_alias,api_provider,end_user,hashed_api_key,le,model,model_id,org_alias,org_id,requested_model,service_tier,team,team_alias,user	LiteLLM/Gateway	<global>	latency	Total latency (seconds) for a request to LiteLLM	histogram sum component; same observation population as the family bucket/quantile, count, and sum components	raw histogram -> incremental -> seconds/s; counted/measured object: Total latency (seconds) for a request to LiteLLM	identity=<global>; remaining=api_key_alias,api_provider,end_user,hashed_api_key,le,model,model_id,org_alias,org_id,requested_model,service_tier,team,team_alias,user retained as source metadata or intentionally aggregated by this chart; label availability follows exporter configuration; no optional label is used as instance identity unless the chart route requires it	LiteLLM Prometheus callback; prometheus_metrics_config may select families/labels	source-derived synthetic shape/routing proof; does not prove live enablement, values, cadence, or cardinality	chart	LiteLLM/Gateway / Accumulated Client Request Time [accumulated_client_request_time; seconds/s; incremental]	BerriAI/litellm @ 23de7a15d9d40006ee596e617475ba101d60c5e9; litellm/integrations/prometheus*.py and update callsites audited in OPERATOR-MODEL.md
"litellm_request_total_latency_metric_sum{service_tier=~""^([^N[:space:]][^[:space:]]*|N|N[^o[:space:]][^[:space:]]*|No|No[^n[:space:]][^[:space:]]*|Non|Non[^e[:space:]][^[:space:]]*|None[^[:space:]]+)$""}"	litellm_request_total_latency_metric_sum	litellm_request_total_latency_metric	histogram	api_key_alias,api_provider,end_user,hashed_api_key,le,model,model_id,org_alias,org_id,requested_model,service_tier,team,team_alias,user	LiteLLM/Gateway/By Service Tier	<global>	latency	Total latency (seconds) for a request to LiteLLM	histogram sum component; same observation population as the family bucket/quantile, count, and sum components	raw histogram -> incremental -> seconds/s; counted/measured object: Total latency (seconds) for a request to LiteLLM	identity=<global>; dimension=service_tier; routing=service_tier; complementary blank/nonblank routes mark those labels optional; remaining=api_key_alias,api_provider,end_user,hashed_api_key,le,model,model_id,org_alias,org_id,requested_model,team,team_alias,user retained as source metadata or intentionally aggregated by this chart; label availability follows exporter configuration; no optional label is used as instance identity unless the chart route requires it	LiteLLM Prometheus callback; prometheus_metrics_config may select families/labels	source-derived synthetic shape/routing proof; does not prove live enablement, values, cadence, or cardinality	chart	LiteLLM/Gateway/By Service Tier / Accumulated End-to-End Request Time by Service Tier [accumulated_request_total_latency_by_service_tier; seconds/s; incremental]	BerriAI/litellm @ 23de7a15d9d40006ee596e617475ba101d60c5e9; litellm/integrations/prometheus*.py and update callsites audited in OPERATOR-MODEL.md
"litellm_request_total_latency_metric_sum{service_tier!~""^([^N[:space:]][^[:space:]]*|N|N[^o[:space:]][^[:space:]]*|No|No[^n[:space:]][^[:space:]]*|Non|Non[^e[:space:]][^[:space:]]*|None[^[:space:]]+)$""}"	litellm_request_total_latency_metric_sum	litellm_request_total_latency_metric	histogram	api_key_alias,api_provider,end_user,hashed_api_key,le,model,model_id,org_alias,org_id,requested_model,service_tier,team,team_alias,user	LiteLLM/Gateway/By Service Tier	<global>	latency	Total latency (seconds) for a request to LiteLLM	histogram sum component; same observation population as the family bucket/quantile, count, and sum components	raw histogram -> incremental -> seconds/s; counted/measured object: Total latency (seconds) for a request to LiteLLM	identity=<global>; routing=service_tier; complementary blank/nonblank routes mark those labels optional; remaining=api_key_alias,api_provider,end_user,hashed_api_key,le,model,model_id,org_alias,org_id,requested_model,team,team_alias,user retained as source metadata or intentionally aggregated by this chart; label availability follows exporter configuration; no optional label is used as instance identity unless the chart route requires it	LiteLLM Prometheus callback; prometheus_metrics_config may select families/labels	source-derived synthetic shape/routing proof; does not prove live enablement, values, cadence, or cardinality	chart	LiteLLM/Gateway/By Service Tier / Accumulated End-to-End Request Time by Service Tier [accumulated_request_total_latency_by_service_tier; seconds/s; incremental]	BerriAI/litellm @ 23de7a15d9d40006ee596e617475ba101d60c5e9; litellm/integrations/prometheus*.py and update callsites audited in OPERATOR-MODEL.md
"litellm_request_total_latency_metric_bucket{api_provider=~"".+"",model=~"".+""}"	litellm_request_total_latency_metric_bucket	litellm_request_total_latency_metric	histogram	api_key_alias,api_provider,end_user,hashed_api_key,le,model,model_id,org_alias,org_id,requested_model,service_tier,team,team_alias,user	LiteLLM/Gateway/By Provider and Model	api_provider,model	latency	Total latency (seconds) for a request to LiteLLM	histogram bucket component; same observation population as the family bucket/quantile, count, and sum components	raw histogram -> incremental -> observations/s; counted/measured object: Total latency (seconds) for a request to LiteLLM	identity=api_provider,model; routing=api_provider,model; complementary blank/nonblank routes mark those labels optional; remaining=api_key_alias,end_user,hashed_api_key,le,model_id,org_alias,org_id,requested_model,service_tier,team,team_alias,user retained as source metadata or intentionally aggregated by this chart; label availability follows exporter configuration; no optional label is used as instance identity unless the chart route requires it	LiteLLM Prometheus callback; prometheus_metrics_config may select families/labels	source-derived synthetic shape/routing proof; does not prove live enablement, values, cadence, or cardinality	chart	LiteLLM/Gateway/By Provider and Model / End-to-End Request-Latency Distribution by Provider and Model [request_total_latency_distribution_by_provider_model; observations/s; incremental]	BerriAI/litellm @ 23de7a15d9d40006ee596e617475ba101d60c5e9; litellm/integrations/prometheus*.py and update callsites audited in OPERATOR-MODEL.md
"litellm_request_total_latency_metric_count{api_provider=~"".+"",model=~"".+""}"	litellm_request_total_latency_metric_count	litellm_request_total_latency_metric	histogram	api_key_alias,api_provider,end_user,hashed_api_key,le,model,model_id,org_alias,org_id,requested_model,service_tier,team,team_alias,user	LiteLLM/Gateway/By Provider and Model	api_provider,model	latency	Total latency (seconds) for a request to LiteLLM	histogram count component; same observation population as the family bucket/quantile, count, and sum components	raw histogram -> incremental -> requests/s; counted/measured object: Total latency (seconds) for a request to LiteLLM	identity=api_provider,model; routing=api_provider,model; complementary blank/nonblank routes mark those labels optional; remaining=api_key_alias,end_user,hashed_api_key,le,model_id,org_alias,org_id,requested_model,service_tier,team,team_alias,user retained as source metadata or intentionally aggregated by this chart; label availability follows exporter configuration; no optional label is used as instance identity unless the chart route requires it	LiteLLM Prometheus callback; prometheus_metrics_config may select families/labels	source-derived synthetic shape/routing proof; does not prove live enablement, values, cadence, or cardinality	chart	LiteLLM/Gateway/By Provider and Model / Client Request-Latency Measurements by Provider and Model [client_request_latency_measurements_by_provider_model; requests/s; incremental]	BerriAI/litellm @ 23de7a15d9d40006ee596e617475ba101d60c5e9; litellm/integrations/prometheus*.py and update callsites audited in OPERATOR-MODEL.md
"litellm_request_total_latency_metric_sum{api_provider=~"".+"",model=~"".+""}"	litellm_request_total_latency_metric_sum	litellm_request_total_latency_metric	histogram	api_key_alias,api_provider,end_user,hashed_api_key,le,model,model_id,org_alias,org_id,requested_model,service_tier,team,team_alias,user	LiteLLM/Gateway/By Provider and Model	api_provider,model	latency	Total latency (seconds) for a request to LiteLLM	histogram sum component; same observation population as the family bucket/quantile, count, and sum components	raw histogram -> incremental -> seconds/s; counted/measured object: Total latency (seconds) for a request to LiteLLM	identity=api_provider,model; routing=api_provider,model; complementary blank/nonblank routes mark those labels optional; remaining=api_key_alias,end_user,hashed_api_key,le,model_id,org_alias,org_id,requested_model,service_tier,team,team_alias,user retained as source metadata or intentionally aggregated by this chart; label availability follows exporter configuration; no optional label is used as instance identity unless the chart route requires it	LiteLLM Prometheus callback; prometheus_metrics_config may select families/labels	source-derived synthetic shape/routing proof; does not prove live enablement, values, cadence, or cardinality	chart	LiteLLM/Gateway/By Provider and Model / Accumulated Client Request Time by Provider and Model [accumulated_client_request_time_by_provider_model; seconds/s; incremental]	BerriAI/litellm @ 23de7a15d9d40006ee596e617475ba101d60c5e9; litellm/integrations/prometheus*.py and update callsites audited in OPERATOR-MODEL.md
litellm_request_total_latency_metric_created	litellm_request_total_latency_metric_created	litellm_request_total_latency_metric_created	gauge	api_key_alias,api_provider,end_user,hashed_api_key,model,model_id,org_alias,org_id,requested_model,service_tier,team,team_alias,user	<excluded>	<none>	latency	Total latency (seconds) for a request to LiteLLM	generated registration-timestamp companion; excluded from operational charts	raw gauge; no rendered unit because job-excluded	source labels=api_key_alias,api_provider,end_user,hashed_api_key,model,model_id,org_alias,org_id,requested_model,service_tier,team,team_alias,user; no chart identity/dimension role	LiteLLM Prometheus callback; prometheus_metrics_config may select families/labels	source-derived synthetic shape/routing proof; exclusion reason is runtime-validated	job-excluded	recommended job exclusion; lost question documented in OPERATOR-MODEL.md	BerriAI/litellm @ 23de7a15d9d40006ee596e617475ba101d60c5e9; litellm/integrations/prometheus*.py and update callsites audited in OPERATOR-MODEL.md
litellm_requests_metric_created	litellm_requests_metric_created	litellm_requests_metric_created	gauge	api_key_alias,api_provider,client_ip,end_user,hashed_api_key,model,model_id,org_alias,org_id,requested_model,team,team_alias,user,user_agent,user_email	<excluded>	<none>	workload/outcome	deprecated - use litellm_proxy_total_requests_metric. Total number of LLM calls to litellm - track total per API Key, team, user	generated registration-timestamp companion; excluded from operational charts	raw gauge; no rendered unit because job-excluded	source labels=api_key_alias,api_provider,client_ip,end_user,hashed_api_key,model,model_id,org_alias,org_id,requested_model,team,team_alias,user,user_agent,user_email; no chart identity/dimension role	LiteLLM Prometheus callback; prometheus_metrics_config may select families/labels	source-derived synthetic shape/routing proof; exclusion reason is runtime-validated	job-excluded	recommended job exclusion; lost question documented in OPERATOR-MODEL.md	BerriAI/litellm @ 23de7a15d9d40006ee596e617475ba101d60c5e9; litellm/integrations/prometheus*.py and update callsites audited in OPERATOR-MODEL.md
litellm_requests_metric_total	litellm_requests_metric_total	litellm_requests_metric_total	counter	api_key_alias,api_provider,client_ip,end_user,hashed_api_key,model,model_id,org_alias,org_id,requested_model,team,team_alias,user,user_agent,user_email	<excluded>	<none>	workload/outcome	deprecated - use litellm_proxy_total_requests_metric. Total number of LLM calls to litellm - track total per API Key, team, user	deprecated compatibility alias excluded by the recommended job	raw counter; no rendered unit because job-excluded	source labels=api_key_alias,api_provider,client_ip,end_user,hashed_api_key,model,model_id,org_alias,org_id,requested_model,team,team_alias,user,user_agent,user_email; no chart identity/dimension role	LiteLLM Prometheus callback; prometheus_metrics_config may select families/labels	source-derived synthetic shape/routing proof; exclusion reason is runtime-validated	job-excluded	recommended job exclusion; lost question documented in OPERATOR-MODEL.md	BerriAI/litellm @ 23de7a15d9d40006ee596e617475ba101d60c5e9; litellm/integrations/prometheus*.py and update callsites audited in OPERATOR-MODEL.md
litellm_reset_budget_job_failed_requests_created	litellm_reset_budget_job_failed_requests_created	litellm_reset_budget_job_failed_requests_created	gauge	error_class,function_name,reset_budget_job	<excluded>	<none>	error/outcome	Total failed_requests for reset_budget_job service	generated registration-timestamp companion; excluded from operational charts	raw gauge; no rendered unit because job-excluded	source labels=error_class,function_name,reset_budget_job; no chart identity/dimension role	budget tracking	source-derived synthetic shape/routing proof; exclusion reason is runtime-validated	job-excluded	recommended job exclusion; lost question documented in OPERATOR-MODEL.md	BerriAI/litellm @ 23de7a15d9d40006ee596e617475ba101d60c5e9; litellm/integrations/prometheus*.py and update callsites audited in OPERATOR-MODEL.md
litellm_reset_budget_job_failed_requests_total	litellm_reset_budget_job_failed_requests_total	litellm_reset_budget_job_failed_requests_total	counter	error_class,function_name,reset_budget_job	LiteLLM/Internal Services	<global>	error/outcome	Total failed_requests for reset_budget_job service	independent source family unless a source-defined relationship is stated in OPERATOR-MODEL.md	raw counter -> incremental -> failures/s; counted/measured object: Total failed_requests for reset_budget_job service	identity=<global>; remaining=error_class,function_name,reset_budget_job retained as source metadata or intentionally aggregated by this chart; label availability follows exporter configuration; no optional label is used as instance identity unless the chart route requires it	budget tracking	source-derived synthetic shape/routing proof; does not prove live enablement, values, cadence, or cardinality	chart	LiteLLM/Internal Services / Internal Service Failures [internal_service_failures; failures/s; incremental]	BerriAI/litellm @ 23de7a15d9d40006ee596e617475ba101d60c5e9; litellm/integrations/prometheus*.py and update callsites audited in OPERATOR-MODEL.md
litellm_reset_budget_job_latency_bucket	litellm_reset_budget_job_latency_bucket	litellm_reset_budget_job_latency	histogram	le,reset_budget_job	LiteLLM/Internal Services	<global>	latency	Latency for reset_budget_job service	histogram bucket component; same observation population as the family bucket/quantile, count, and sum components	raw histogram -> incremental -> observations/s; counted/measured object: Latency for reset_budget_job service	identity=<global>; remaining=le,reset_budget_job retained as source metadata or intentionally aggregated by this chart; label availability follows exporter configuration; no optional label is used as instance identity unless the chart route requires it	budget tracking	source-derived synthetic shape/routing proof; does not prove live enablement, values, cadence, or cardinality	chart	LiteLLM/Internal Services / Budget Reset Job Latency Distribution [reset_budget_job_latency_distribution; observations/s; incremental]	BerriAI/litellm @ 23de7a15d9d40006ee596e617475ba101d60c5e9; litellm/integrations/prometheus*.py and update callsites audited in OPERATOR-MODEL.md
litellm_reset_budget_job_latency_count	litellm_reset_budget_job_latency_count	litellm_reset_budget_job_latency	histogram	le,reset_budget_job	LiteLLM/Internal Services	<global>	latency	Latency for reset_budget_job service	histogram count component; same observation population as the family bucket/quantile, count, and sum components	raw histogram -> incremental -> requests/s; counted/measured object: Latency for reset_budget_job service	identity=<global>; remaining=le,reset_budget_job retained as source metadata or intentionally aggregated by this chart; label availability follows exporter configuration; no optional label is used as instance identity unless the chart route requires it	budget tracking	source-derived synthetic shape/routing proof; does not prove live enablement, values, cadence, or cardinality	chart	LiteLLM/Internal Services / Internal Service Latency Measurements [internal_service_latency_measurements; requests/s; incremental]	BerriAI/litellm @ 23de7a15d9d40006ee596e617475ba101d60c5e9; litellm/integrations/prometheus*.py and update callsites audited in OPERATOR-MODEL.md
litellm_reset_budget_job_latency_sum	litellm_reset_budget_job_latency_sum	litellm_reset_budget_job_latency	histogram	le,reset_budget_job	LiteLLM/Internal Services	<global>	latency	Latency for reset_budget_job service	histogram sum component; same observation population as the family bucket/quantile, count, and sum components	raw histogram -> incremental -> seconds/s; counted/measured object: Latency for reset_budget_job service	identity=<global>; remaining=le,reset_budget_job retained as source metadata or intentionally aggregated by this chart; label availability follows exporter configuration; no optional label is used as instance identity unless the chart route requires it	budget tracking	source-derived synthetic shape/routing proof; does not prove live enablement, values, cadence, or cardinality	chart	LiteLLM/Internal Services / Accumulated Internal Service Latency [accumulated_internal_service_latency; seconds/s; incremental]	BerriAI/litellm @ 23de7a15d9d40006ee596e617475ba101d60c5e9; litellm/integrations/prometheus*.py and update callsites audited in OPERATOR-MODEL.md
litellm_reset_budget_job_latency_created	litellm_reset_budget_job_latency_created	litellm_reset_budget_job_latency_created	gauge	reset_budget_job	<excluded>	<none>	latency	Latency for reset_budget_job service	generated registration-timestamp companion; excluded from operational charts	raw gauge; no rendered unit because job-excluded	source labels=reset_budget_job; no chart identity/dimension role	budget tracking	source-derived synthetic shape/routing proof; exclusion reason is runtime-validated	job-excluded	recommended job exclusion; lost question documented in OPERATOR-MODEL.md	BerriAI/litellm @ 23de7a15d9d40006ee596e617475ba101d60c5e9; litellm/integrations/prometheus*.py and update callsites audited in OPERATOR-MODEL.md
litellm_reset_budget_job_total_requests_created	litellm_reset_budget_job_total_requests_created	litellm_reset_budget_job_total_requests_created	gauge	reset_budget_job	<excluded>	<none>	capacity/resource	Total total_requests for reset_budget_job service	generated registration-timestamp companion; excluded from operational charts	raw gauge; no rendered unit because job-excluded	source labels=reset_budget_job; no chart identity/dimension role	budget tracking	source-derived synthetic shape/routing proof; exclusion reason is runtime-validated	job-excluded	recommended job exclusion; lost question documented in OPERATOR-MODEL.md	BerriAI/litellm @ 23de7a15d9d40006ee596e617475ba101d60c5e9; litellm/integrations/prometheus*.py and update callsites audited in OPERATOR-MODEL.md
litellm_reset_budget_job_total_requests_total	litellm_reset_budget_job_total_requests_total	litellm_reset_budget_job_total_requests_total	counter	reset_budget_job	LiteLLM/Internal Services	<global>	capacity/resource	Total total_requests for reset_budget_job service	independent source family unless a source-defined relationship is stated in OPERATOR-MODEL.md	raw counter -> incremental -> requests/s; counted/measured object: Total total_requests for reset_budget_job service	identity=<global>; remaining=reset_budget_job retained as source metadata or intentionally aggregated by this chart; label availability follows exporter configuration; no optional label is used as instance identity unless the chart route requires it	budget tracking	source-derived synthetic shape/routing proof; does not prove live enablement, values, cadence, or cardinality	chart	LiteLLM/Internal Services / Internal Service Requests [internal_service_requests; requests/s; incremental]	BerriAI/litellm @ 23de7a15d9d40006ee596e617475ba101d60c5e9; litellm/integrations/prometheus*.py and update callsites audited in OPERATOR-MODEL.md
litellm_router_failed_requests_created	litellm_router_failed_requests_created	litellm_router_failed_requests_created	gauge	error_class,function_name,router	<excluded>	<none>	error/outcome	Total failed_requests for router service	generated registration-timestamp companion; excluded from operational charts	raw gauge; no rendered unit because job-excluded	source labels=error_class,function_name,router; no chart identity/dimension role	LiteLLM Prometheus callback; prometheus_metrics_config may select families/labels	source-derived synthetic shape/routing proof; exclusion reason is runtime-validated	job-excluded	recommended job exclusion; lost question documented in OPERATOR-MODEL.md	BerriAI/litellm @ 23de7a15d9d40006ee596e617475ba101d60c5e9; litellm/integrations/prometheus*.py and update callsites audited in OPERATOR-MODEL.md
litellm_router_failed_requests_total	litellm_router_failed_requests_total	litellm_router_failed_requests_total	counter	error_class,function_name,router	LiteLLM/Internal Services	<global>	error/outcome	Total failed_requests for router service	independent source family unless a source-defined relationship is stated in OPERATOR-MODEL.md	raw counter -> incremental -> failures/s; counted/measured object: Total failed_requests for router service	identity=<global>; remaining=error_class,function_name,router retained as source metadata or intentionally aggregated by this chart; label availability follows exporter configuration; no optional label is used as instance identity unless the chart route requires it	LiteLLM Prometheus callback; prometheus_metrics_config may select families/labels	source-derived synthetic shape/routing proof; does not prove live enablement, values, cadence, or cardinality	chart	LiteLLM/Internal Services / Internal Service Failures [internal_service_failures; failures/s; incremental]	BerriAI/litellm @ 23de7a15d9d40006ee596e617475ba101d60c5e9; litellm/integrations/prometheus*.py and update callsites audited in OPERATOR-MODEL.md
litellm_router_latency_bucket	litellm_router_latency_bucket	litellm_router_latency	histogram	le,router	LiteLLM/Internal Services	<global>	latency	Latency for router service	histogram bucket component; same observation population as the family bucket/quantile, count, and sum components	raw histogram -> incremental -> observations/s; counted/measured object: Latency for router service	identity=<global>; remaining=le,router retained as source metadata or intentionally aggregated by this chart; label availability follows exporter configuration; no optional label is used as instance identity unless the chart route requires it	LiteLLM Prometheus callback; prometheus_metrics_config may select families/labels	source-derived synthetic shape/routing proof; does not prove live enablement, values, cadence, or cardinality	chart	LiteLLM/Internal Services / Router Latency Distribution [router_latency_distribution; observations/s; incremental]	BerriAI/litellm @ 23de7a15d9d40006ee596e617475ba101d60c5e9; litellm/integrations/prometheus*.py and update callsites audited in OPERATOR-MODEL.md
litellm_router_latency_count	litellm_router_latency_count	litellm_router_latency	histogram	le,router	LiteLLM/Internal Services	<global>	latency	Latency for router service	histogram count component; same observation population as the family bucket/quantile, count, and sum components	raw histogram -> incremental -> requests/s; counted/measured object: Latency for router service	identity=<global>; remaining=le,router retained as source metadata or intentionally aggregated by this chart; label availability follows exporter configuration; no optional label is used as instance identity unless the chart route requires it	LiteLLM Prometheus callback; prometheus_metrics_config may select families/labels	source-derived synthetic shape/routing proof; does not prove live enablement, values, cadence, or cardinality	chart	LiteLLM/Internal Services / Internal Service Latency Measurements [internal_service_latency_measurements; requests/s; incremental]	BerriAI/litellm @ 23de7a15d9d40006ee596e617475ba101d60c5e9; litellm/integrations/prometheus*.py and update callsites audited in OPERATOR-MODEL.md
litellm_router_latency_sum	litellm_router_latency_sum	litellm_router_latency	histogram	le,router	LiteLLM/Internal Services	<global>	latency	Latency for router service	histogram sum component; same observation population as the family bucket/quantile, count, and sum components	raw histogram -> incremental -> seconds/s; counted/measured object: Latency for router service	identity=<global>; remaining=le,router retained as source metadata or intentionally aggregated by this chart; label availability follows exporter configuration; no optional label is used as instance identity unless the chart route requires it	LiteLLM Prometheus callback; prometheus_metrics_config may select families/labels	source-derived synthetic shape/routing proof; does not prove live enablement, values, cadence, or cardinality	chart	LiteLLM/Internal Services / Accumulated Internal Service Latency [accumulated_internal_service_latency; seconds/s; incremental]	BerriAI/litellm @ 23de7a15d9d40006ee596e617475ba101d60c5e9; litellm/integrations/prometheus*.py and update callsites audited in OPERATOR-MODEL.md
litellm_router_latency_created	litellm_router_latency_created	litellm_router_latency_created	gauge	router	<excluded>	<none>	latency	Latency for router service	generated registration-timestamp companion; excluded from operational charts	raw gauge; no rendered unit because job-excluded	source labels=router; no chart identity/dimension role	LiteLLM Prometheus callback; prometheus_metrics_config may select families/labels	source-derived synthetic shape/routing proof; exclusion reason is runtime-validated	job-excluded	recommended job exclusion; lost question documented in OPERATOR-MODEL.md	BerriAI/litellm @ 23de7a15d9d40006ee596e617475ba101d60c5e9; litellm/integrations/prometheus*.py and update callsites audited in OPERATOR-MODEL.md
litellm_router_total_requests_created	litellm_router_total_requests_created	litellm_router_total_requests_created	gauge	router	<excluded>	<none>	workload/outcome	Total total_requests for router service	generated registration-timestamp companion; excluded from operational charts	raw gauge; no rendered unit because job-excluded	source labels=router; no chart identity/dimension role	LiteLLM Prometheus callback; prometheus_metrics_config may select families/labels	source-derived synthetic shape/routing proof; exclusion reason is runtime-validated	job-excluded	recommended job exclusion; lost question documented in OPERATOR-MODEL.md	BerriAI/litellm @ 23de7a15d9d40006ee596e617475ba101d60c5e9; litellm/integrations/prometheus*.py and update callsites audited in OPERATOR-MODEL.md
litellm_router_total_requests_total	litellm_router_total_requests_total	litellm_router_total_requests_total	counter	router	LiteLLM/Internal Services	<global>	workload/outcome	Total total_requests for router service	independent source family unless a source-defined relationship is stated in OPERATOR-MODEL.md	raw counter -> incremental -> requests/s; counted/measured object: Total total_requests for router service	identity=<global>; remaining=router retained as source metadata or intentionally aggregated by this chart; label availability follows exporter configuration; no optional label is used as instance identity unless the chart route requires it	LiteLLM Prometheus callback; prometheus_metrics_config may select families/labels	source-derived synthetic shape/routing proof; does not prove live enablement, values, cadence, or cardinality	chart	LiteLLM/Internal Services / Internal Service Requests [internal_service_requests; requests/s; incremental]	BerriAI/litellm @ 23de7a15d9d40006ee596e617475ba101d60c5e9; litellm/integrations/prometheus*.py and update callsites audited in OPERATOR-MODEL.md
litellm_self_failed_requests_created	litellm_self_failed_requests_created	litellm_self_failed_requests_created	gauge	error_class,function_name,self	<excluded>	<none>	error/outcome	Total failed_requests for self service	generated registration-timestamp companion; excluded from operational charts	raw gauge; no rendered unit because job-excluded	source labels=error_class,function_name,self; no chart identity/dimension role	LiteLLM Prometheus callback; prometheus_metrics_config may select families/labels	source-derived synthetic shape/routing proof; exclusion reason is runtime-validated	job-excluded	recommended job exclusion; lost question documented in OPERATOR-MODEL.md	BerriAI/litellm @ 23de7a15d9d40006ee596e617475ba101d60c5e9; litellm/integrations/prometheus*.py and update callsites audited in OPERATOR-MODEL.md
litellm_self_failed_requests_total	litellm_self_failed_requests_total	litellm_self_failed_requests_total	counter	error_class,function_name,self	LiteLLM/Internal Services	<global>	error/outcome	Total failed_requests for self service	independent source family unless a source-defined relationship is stated in OPERATOR-MODEL.md	raw counter -> incremental -> failures/s; counted/measured object: Total failed_requests for self service	identity=<global>; remaining=error_class,function_name,self retained as source metadata or intentionally aggregated by this chart; label availability follows exporter configuration; no optional label is used as instance identity unless the chart route requires it	LiteLLM Prometheus callback; prometheus_metrics_config may select families/labels	source-derived synthetic shape/routing proof; does not prove live enablement, values, cadence, or cardinality	chart	LiteLLM/Internal Services / Internal Service Failures [internal_service_failures; failures/s; incremental]	BerriAI/litellm @ 23de7a15d9d40006ee596e617475ba101d60c5e9; litellm/integrations/prometheus*.py and update callsites audited in OPERATOR-MODEL.md
litellm_self_latency_bucket	litellm_self_latency_bucket	litellm_self_latency	histogram	le,self	LiteLLM/Internal Services	<global>	latency	Latency for self service	histogram bucket component; same observation population as the family bucket/quantile, count, and sum components	raw histogram -> incremental -> observations/s; counted/measured object: Latency for self service	identity=<global>; remaining=le,self retained as source metadata or intentionally aggregated by this chart; label availability follows exporter configuration; no optional label is used as instance identity unless the chart route requires it	LiteLLM Prometheus callback; prometheus_metrics_config may select families/labels	source-derived synthetic shape/routing proof; does not prove live enablement, values, cadence, or cardinality	chart	LiteLLM/Internal Services / LiteLLM Self-Service Latency Distribution [self_latency_distribution; observations/s; incremental]	BerriAI/litellm @ 23de7a15d9d40006ee596e617475ba101d60c5e9; litellm/integrations/prometheus*.py and update callsites audited in OPERATOR-MODEL.md
litellm_self_latency_count	litellm_self_latency_count	litellm_self_latency	histogram	le,self	LiteLLM/Internal Services	<global>	latency	Latency for self service	histogram count component; same observation population as the family bucket/quantile, count, and sum components	raw histogram -> incremental -> requests/s; counted/measured object: Latency for self service	identity=<global>; remaining=le,self retained as source metadata or intentionally aggregated by this chart; label availability follows exporter configuration; no optional label is used as instance identity unless the chart route requires it	LiteLLM Prometheus callback; prometheus_metrics_config may select families/labels	source-derived synthetic shape/routing proof; does not prove live enablement, values, cadence, or cardinality	chart	LiteLLM/Internal Services / Internal Service Latency Measurements [internal_service_latency_measurements; requests/s; incremental]	BerriAI/litellm @ 23de7a15d9d40006ee596e617475ba101d60c5e9; litellm/integrations/prometheus*.py and update callsites audited in OPERATOR-MODEL.md
litellm_self_latency_sum	litellm_self_latency_sum	litellm_self_latency	histogram	le,self	LiteLLM/Internal Services	<global>	latency	Latency for self service	histogram sum component; same observation population as the family bucket/quantile, count, and sum components	raw histogram -> incremental -> seconds/s; counted/measured object: Latency for self service	identity=<global>; remaining=le,self retained as source metadata or intentionally aggregated by this chart; label availability follows exporter configuration; no optional label is used as instance identity unless the chart route requires it	LiteLLM Prometheus callback; prometheus_metrics_config may select families/labels	source-derived synthetic shape/routing proof; does not prove live enablement, values, cadence, or cardinality	chart	LiteLLM/Internal Services / Accumulated Internal Service Latency [accumulated_internal_service_latency; seconds/s; incremental]	BerriAI/litellm @ 23de7a15d9d40006ee596e617475ba101d60c5e9; litellm/integrations/prometheus*.py and update callsites audited in OPERATOR-MODEL.md
litellm_self_latency_created	litellm_self_latency_created	litellm_self_latency_created	gauge	self	<excluded>	<none>	latency	Latency for self service	generated registration-timestamp companion; excluded from operational charts	raw gauge; no rendered unit because job-excluded	source labels=self; no chart identity/dimension role	LiteLLM Prometheus callback; prometheus_metrics_config may select families/labels	source-derived synthetic shape/routing proof; exclusion reason is runtime-validated	job-excluded	recommended job exclusion; lost question documented in OPERATOR-MODEL.md	BerriAI/litellm @ 23de7a15d9d40006ee596e617475ba101d60c5e9; litellm/integrations/prometheus*.py and update callsites audited in OPERATOR-MODEL.md
litellm_self_total_requests_created	litellm_self_total_requests_created	litellm_self_total_requests_created	gauge	self	<excluded>	<none>	workload/outcome	Total total_requests for self service	generated registration-timestamp companion; excluded from operational charts	raw gauge; no rendered unit because job-excluded	source labels=self; no chart identity/dimension role	LiteLLM Prometheus callback; prometheus_metrics_config may select families/labels	source-derived synthetic shape/routing proof; exclusion reason is runtime-validated	job-excluded	recommended job exclusion; lost question documented in OPERATOR-MODEL.md	BerriAI/litellm @ 23de7a15d9d40006ee596e617475ba101d60c5e9; litellm/integrations/prometheus*.py and update callsites audited in OPERATOR-MODEL.md
litellm_self_total_requests_total	litellm_self_total_requests_total	litellm_self_total_requests_total	counter	self	LiteLLM/Internal Services	<global>	workload/outcome	Total total_requests for self service	independent source family unless a source-defined relationship is stated in OPERATOR-MODEL.md	raw counter -> incremental -> requests/s; counted/measured object: Total total_requests for self service	identity=<global>; remaining=self retained as source metadata or intentionally aggregated by this chart; label availability follows exporter configuration; no optional label is used as instance identity unless the chart route requires it	LiteLLM Prometheus callback; prometheus_metrics_config may select families/labels	source-derived synthetic shape/routing proof; does not prove live enablement, values, cadence, or cardinality	chart	LiteLLM/Internal Services / Internal Service Requests [internal_service_requests; requests/s; incremental]	BerriAI/litellm @ 23de7a15d9d40006ee596e617475ba101d60c5e9; litellm/integrations/prometheus*.py and update callsites audited in OPERATOR-MODEL.md
litellm_spend_metric_created	litellm_spend_metric_created	litellm_spend_metric_created	gauge	api_key_alias,api_provider,client_ip,end_user,hashed_api_key,metadata_project,model,model_id,org_alias,org_id,requested_model,service_tier,tag_prod,team,team_alias,user,user_agent,user_email	<excluded>	<none>	workload/outcome	Total spend on LLM requests	generated registration-timestamp companion; excluded from operational charts	raw gauge; no rendered unit because job-excluded	source labels=api_key_alias,api_provider,client_ip,end_user,hashed_api_key,metadata_project,model,model_id,org_alias,org_id,requested_model,service_tier,tag_prod,team,team_alias,user,user_agent,user_email; no chart identity/dimension role	spend tracking/update path	source-derived synthetic shape/routing proof; exclusion reason is runtime-validated	job-excluded	recommended job exclusion; lost question documented in OPERATOR-MODEL.md	BerriAI/litellm @ 23de7a15d9d40006ee596e617475ba101d60c5e9; litellm/integrations/prometheus*.py and update callsites audited in OPERATOR-MODEL.md
litellm_spend_metric_total	litellm_spend_metric_total	litellm_spend_metric_total	counter	api_key_alias,api_provider,client_ip,end_user,hashed_api_key,metadata_project,model,model_id,org_alias,org_id,requested_model,service_tier,tag_prod,team,team_alias,user,user_agent,user_email	LiteLLM/Usage and Cost	<global>	workload/outcome	Total spend on LLM requests	independent source family unless a source-defined relationship is stated in OPERATOR-MODEL.md	raw counter -> incremental -> USD/s; counted/measured object: Total spend on LLM requests	identity=<global>; remaining=api_key_alias,api_provider,client_ip,end_user,hashed_api_key,metadata_project,model,model_id,org_alias,org_id,requested_model,service_tier,tag_prod,team,team_alias,user,user_agent,user_email retained as source metadata or intentionally aggregated by this chart; label availability follows exporter configuration; no optional label is used as instance identity unless the chart route requires it	spend tracking/update path	source-derived synthetic shape/routing proof; does not prove live enablement, values, cadence, or cardinality	chart	LiteLLM/Usage and Cost / LLM Spend [llm_spend; USD/s; incremental]	BerriAI/litellm @ 23de7a15d9d40006ee596e617475ba101d60c5e9; litellm/integrations/prometheus*.py and update callsites audited in OPERATOR-MODEL.md
"litellm_spend_metric_total{service_tier=~""^([^N[:space:]][^[:space:]]*|N|N[^o[:space:]][^[:space:]]*|No|No[^n[:space:]][^[:space:]]*|Non|Non[^e[:space:]][^[:space:]]*|None[^[:space:]]+)$""}"	litellm_spend_metric_total	litellm_spend_metric_total	counter	api_key_alias,api_provider,client_ip,end_user,hashed_api_key,metadata_project,model,model_id,org_alias,org_id,requested_model,service_tier,tag_prod,team,team_alias,user,user_agent,user_email	LiteLLM/Usage and Cost/By Service Tier	<global>	workload/outcome	Total spend on LLM requests	independent source family unless a source-defined relationship is stated in OPERATOR-MODEL.md	raw counter -> incremental -> USD/s; counted/measured object: Total spend on LLM requests	identity=<global>; dimension=service_tier; routing=service_tier; complementary blank/nonblank routes mark those labels optional; remaining=api_key_alias,api_provider,client_ip,end_user,hashed_api_key,metadata_project,model,model_id,org_alias,org_id,requested_model,tag_prod,team,team_alias,user,user_agent,user_email retained as source metadata or intentionally aggregated by this chart; label availability follows exporter configuration; no optional label is used as instance identity unless the chart route requires it	spend tracking/update path	source-derived synthetic shape/routing proof; does not prove live enablement, values, cadence, or cardinality	chart	LiteLLM/Usage and Cost/By Service Tier / LLM Spend by Service Tier [llm_spend_by_service_tier; USD/s; incremental]	BerriAI/litellm @ 23de7a15d9d40006ee596e617475ba101d60c5e9; litellm/integrations/prometheus*.py and update callsites audited in OPERATOR-MODEL.md
"litellm_spend_metric_total{service_tier!~""^([^N[:space:]][^[:space:]]*|N|N[^o[:space:]][^[:space:]]*|No|No[^n[:space:]][^[:space:]]*|Non|Non[^e[:space:]][^[:space:]]*|None[^[:space:]]+)$""}"	litellm_spend_metric_total	litellm_spend_metric_total	counter	api_key_alias,api_provider,client_ip,end_user,hashed_api_key,metadata_project,model,model_id,org_alias,org_id,requested_model,service_tier,tag_prod,team,team_alias,user,user_agent,user_email	LiteLLM/Usage and Cost/By Service Tier	<global>	workload/outcome	Total spend on LLM requests	independent source family unless a source-defined relationship is stated in OPERATOR-MODEL.md	raw counter -> incremental -> USD/s; counted/measured object: Total spend on LLM requests	identity=<global>; routing=service_tier; complementary blank/nonblank routes mark those labels optional; remaining=api_key_alias,api_provider,client_ip,end_user,hashed_api_key,metadata_project,model,model_id,org_alias,org_id,requested_model,tag_prod,team,team_alias,user,user_agent,user_email retained as source metadata or intentionally aggregated by this chart; label availability follows exporter configuration; no optional label is used as instance identity unless the chart route requires it	spend tracking/update path	source-derived synthetic shape/routing proof; does not prove live enablement, values, cadence, or cardinality	chart	LiteLLM/Usage and Cost/By Service Tier / LLM Spend by Service Tier [llm_spend_by_service_tier; USD/s; incremental]	BerriAI/litellm @ 23de7a15d9d40006ee596e617475ba101d60c5e9; litellm/integrations/prometheus*.py and update callsites audited in OPERATOR-MODEL.md
"litellm_spend_metric_total{api_provider=~"".+"",model=~"".+""}"	litellm_spend_metric_total	litellm_spend_metric_total	counter	api_key_alias,api_provider,client_ip,end_user,hashed_api_key,metadata_project,model,model_id,org_alias,org_id,requested_model,service_tier,tag_prod,team,team_alias,user,user_agent,user_email	LiteLLM/Usage and Cost/By Provider and Model	api_provider,model	workload/outcome	Total spend on LLM requests	independent source family unless a source-defined relationship is stated in OPERATOR-MODEL.md	raw counter -> incremental -> USD/s; counted/measured object: Total spend on LLM requests	identity=api_provider,model; routing=api_provider,model; complementary blank/nonblank routes mark those labels optional; remaining=api_key_alias,client_ip,end_user,hashed_api_key,metadata_project,model_id,org_alias,org_id,requested_model,service_tier,tag_prod,team,team_alias,user,user_agent,user_email retained as source metadata or intentionally aggregated by this chart; label availability follows exporter configuration; no optional label is used as instance identity unless the chart route requires it	spend tracking/update path	source-derived synthetic shape/routing proof; does not prove live enablement, values, cadence, or cardinality	chart	LiteLLM/Usage and Cost/By Provider and Model / LLM Spend by Provider and Model [llm_spend_by_provider_model; USD/s; incremental]	BerriAI/litellm @ 23de7a15d9d40006ee596e617475ba101d60c5e9; litellm/integrations/prometheus*.py and update callsites audited in OPERATOR-MODEL.md
"litellm_spend_metric_total{hashed_api_key=~"".+""}"	litellm_spend_metric_total	litellm_spend_metric_total	counter	api_key_alias,api_provider,client_ip,end_user,hashed_api_key,metadata_project,model,model_id,org_alias,org_id,requested_model,service_tier,tag_prod,team,team_alias,user,user_agent,user_email	LiteLLM/Usage and Cost/By API Key	hashed_api_key	workload/outcome	Total spend on LLM requests	independent source family unless a source-defined relationship is stated in OPERATOR-MODEL.md	raw counter -> incremental -> USD/s; counted/measured object: Total spend on LLM requests	identity=hashed_api_key; routing=hashed_api_key; complementary blank/nonblank routes mark those labels optional; remaining=api_key_alias,api_provider,client_ip,end_user,metadata_project,model,model_id,org_alias,org_id,requested_model,service_tier,tag_prod,team,team_alias,user,user_agent,user_email retained as source metadata or intentionally aggregated by this chart; label availability follows exporter configuration; no optional label is used as instance identity unless the chart route requires it	spend tracking/update path	source-derived synthetic shape/routing proof; does not prove live enablement, values, cadence, or cardinality	chart	LiteLLM/Usage and Cost/By API Key / LLM Spend by API Key [llm_spend_by_api_key; USD/s; incremental]	BerriAI/litellm @ 23de7a15d9d40006ee596e617475ba101d60c5e9; litellm/integrations/prometheus*.py and update callsites audited in OPERATOR-MODEL.md
"litellm_spend_metric_total{team=~"".+""}"	litellm_spend_metric_total	litellm_spend_metric_total	counter	api_key_alias,api_provider,client_ip,end_user,hashed_api_key,metadata_project,model,model_id,org_alias,org_id,requested_model,service_tier,tag_prod,team,team_alias,user,user_agent,user_email	LiteLLM/Usage and Cost/By Team	team	workload/outcome	Total spend on LLM requests	independent source family unless a source-defined relationship is stated in OPERATOR-MODEL.md	raw counter -> incremental -> USD/s; counted/measured object: Total spend on LLM requests	identity=team; routing=team; complementary blank/nonblank routes mark those labels optional; remaining=api_key_alias,api_provider,client_ip,end_user,hashed_api_key,metadata_project,model,model_id,org_alias,org_id,requested_model,service_tier,tag_prod,team_alias,user,user_agent,user_email retained as source metadata or intentionally aggregated by this chart; label availability follows exporter configuration; no optional label is used as instance identity unless the chart route requires it	spend tracking/update path	source-derived synthetic shape/routing proof; does not prove live enablement, values, cadence, or cardinality	chart	LiteLLM/Usage and Cost/By Team / LLM Spend by Team [llm_spend_by_team; USD/s; incremental]	BerriAI/litellm @ 23de7a15d9d40006ee596e617475ba101d60c5e9; litellm/integrations/prometheus*.py and update callsites audited in OPERATOR-MODEL.md
"litellm_spend_metric_total{user=~"".+""}"	litellm_spend_metric_total	litellm_spend_metric_total	counter	api_key_alias,api_provider,client_ip,end_user,hashed_api_key,metadata_project,model,model_id,org_alias,org_id,requested_model,service_tier,tag_prod,team,team_alias,user,user_agent,user_email	LiteLLM/Usage and Cost/By User	user	workload/outcome	Total spend on LLM requests	independent source family unless a source-defined relationship is stated in OPERATOR-MODEL.md	raw counter -> incremental -> USD/s; counted/measured object: Total spend on LLM requests	identity=user; routing=user; complementary blank/nonblank routes mark those labels optional; remaining=api_key_alias,api_provider,client_ip,end_user,hashed_api_key,metadata_project,model,model_id,org_alias,org_id,requested_model,service_tier,tag_prod,team,team_alias,user_agent,user_email retained as source metadata or intentionally aggregated by this chart; label availability follows exporter configuration; no optional label is used as instance identity unless the chart route requires it	spend tracking/update path	source-derived synthetic shape/routing proof; does not prove live enablement, values, cadence, or cardinality	chart	LiteLLM/Usage and Cost/By User / LLM Spend by User [llm_spend_by_user; USD/s; incremental]	BerriAI/litellm @ 23de7a15d9d40006ee596e617475ba101d60c5e9; litellm/integrations/prometheus*.py and update callsites audited in OPERATOR-MODEL.md
"litellm_spend_metric_total{org_id=~"".+""}"	litellm_spend_metric_total	litellm_spend_metric_total	counter	api_key_alias,api_provider,client_ip,end_user,hashed_api_key,metadata_project,model,model_id,org_alias,org_id,requested_model,service_tier,tag_prod,team,team_alias,user,user_agent,user_email	LiteLLM/Usage and Cost/By Organization	org_id	workload/outcome	Total spend on LLM requests	independent source family unless a source-defined relationship is stated in OPERATOR-MODEL.md	raw counter -> incremental -> USD/s; counted/measured object: Total spend on LLM requests	identity=org_id; routing=org_id; complementary blank/nonblank routes mark those labels optional; remaining=api_key_alias,api_provider,client_ip,end_user,hashed_api_key,metadata_project,model,model_id,org_alias,requested_model,service_tier,tag_prod,team,team_alias,user,user_agent,user_email retained as source metadata or intentionally aggregated by this chart; label availability follows exporter configuration; no optional label is used as instance identity unless the chart route requires it	spend tracking/update path	source-derived synthetic shape/routing proof; does not prove live enablement, values, cadence, or cardinality	chart	LiteLLM/Usage and Cost/By Organization / LLM Spend by Organization [llm_spend_by_organization; USD/s; incremental]	BerriAI/litellm @ 23de7a15d9d40006ee596e617475ba101d60c5e9; litellm/integrations/prometheus*.py and update callsites audited in OPERATOR-MODEL.md
"litellm_spend_metric_total{end_user=~"".+""}"	litellm_spend_metric_total	litellm_spend_metric_total	counter	api_key_alias,api_provider,client_ip,end_user,hashed_api_key,metadata_project,model,model_id,org_alias,org_id,requested_model,service_tier,tag_prod,team,team_alias,user,user_agent,user_email	LiteLLM/Usage and Cost/By End User	end_user	workload/outcome	Total spend on LLM requests	independent source family unless a source-defined relationship is stated in OPERATOR-MODEL.md	raw counter -> incremental -> USD/s; counted/measured object: Total spend on LLM requests	identity=end_user; routing=end_user; complementary blank/nonblank routes mark those labels optional; remaining=api_key_alias,api_provider,client_ip,hashed_api_key,metadata_project,model,model_id,org_alias,org_id,requested_model,service_tier,tag_prod,team,team_alias,user,user_agent,user_email retained as source metadata or intentionally aggregated by this chart; label availability follows exporter configuration; no optional label is used as instance identity unless the chart route requires it	spend tracking/update path	source-derived synthetic shape/routing proof; does not prove live enablement, values, cadence, or cardinality	chart	LiteLLM/Usage and Cost/By End User / LLM Spend by End User [llm_spend_by_end_user; USD/s; incremental]	BerriAI/litellm @ 23de7a15d9d40006ee596e617475ba101d60c5e9; litellm/integrations/prometheus*.py and update callsites audited in OPERATOR-MODEL.md
"litellm_spend_metric_total{requested_model=~"".+""}"	litellm_spend_metric_total	litellm_spend_metric_total	counter	api_key_alias,api_provider,client_ip,end_user,hashed_api_key,metadata_project,model,model_id,org_alias,org_id,requested_model,service_tier,tag_prod,team,team_alias,user,user_agent,user_email	LiteLLM/Usage and Cost/By Requested Model	requested_model	workload/outcome	Total spend on LLM requests	independent source family unless a source-defined relationship is stated in OPERATOR-MODEL.md	raw counter -> incremental -> USD/s; counted/measured object: Total spend on LLM requests	identity=requested_model; routing=requested_model; complementary blank/nonblank routes mark those labels optional; remaining=api_key_alias,api_provider,client_ip,end_user,hashed_api_key,metadata_project,model,model_id,org_alias,org_id,service_tier,tag_prod,team,team_alias,user,user_agent,user_email retained as source metadata or intentionally aggregated by this chart; label availability follows exporter configuration; no optional label is used as instance identity unless the chart route requires it	spend tracking/update path	source-derived synthetic shape/routing proof; does not prove live enablement, values, cadence, or cardinality	chart	LiteLLM/Usage and Cost/By Requested Model / LLM Spend by Requested Model [llm_spend_by_requested_model; USD/s; incremental]	BerriAI/litellm @ 23de7a15d9d40006ee596e617475ba101d60c5e9; litellm/integrations/prometheus*.py and update callsites audited in OPERATOR-MODEL.md
litellm_team_budget_remaining_hours_metric	litellm_team_budget_remaining_hours_metric	litellm_team_budget_remaining_hours_metric	gauge	pid,team,team_alias	LiteLLM/Governance/Teams	*	capacity/resource	Remaining days for team budget to be reset	independent source family unless a source-defined relationship is stated in OPERATOR-MODEL.md	raw gauge -> absolute -> hours; counted/measured object: Remaining days for team budget to be reset	all emitted labels are instance identity; label availability follows exporter configuration; no optional label is used as instance identity unless the chart route requires it	budget tracking	source-derived synthetic shape/routing proof; does not prove live enablement, values, cadence, or cardinality	chart	LiteLLM/Governance/Teams / Team Budget Reset Window [team_budget_reset_window; hours; absolute]	BerriAI/litellm @ 23de7a15d9d40006ee596e617475ba101d60c5e9; litellm/integrations/prometheus*.py and update callsites audited in OPERATOR-MODEL.md
litellm_team_max_budget_metric	litellm_team_max_budget_metric	litellm_team_max_budget_metric	gauge	pid,team,team_alias	LiteLLM/Governance/Teams	*	capacity/resource	Maximum budget set for team	independent source family unless a source-defined relationship is stated in OPERATOR-MODEL.md	raw gauge -> absolute -> USD; counted/measured object: Maximum budget set for team	all emitted labels are instance identity; label availability follows exporter configuration; no optional label is used as instance identity unless the chart route requires it	budget tracking	source-derived synthetic shape/routing proof; does not prove live enablement, values, cadence, or cardinality	chart	LiteLLM/Governance/Teams / Team Budget [team_budget; USD; absolute]	BerriAI/litellm @ 23de7a15d9d40006ee596e617475ba101d60c5e9; litellm/integrations/prometheus*.py and update callsites audited in OPERATOR-MODEL.md
litellm_team_members_metric	litellm_team_members_metric	litellm_team_members_metric	gauge	pid,team,team_alias	LiteLLM/Governance/Teams	*	domain signal	Number of members in a team	independent source family unless a source-defined relationship is stated in OPERATOR-MODEL.md	raw gauge -> absolute -> users; counted/measured object: Number of members in a team	all emitted labels are instance identity; label availability follows exporter configuration; no optional label is used as instance identity unless the chart route requires it	LiteLLM Prometheus callback; prometheus_metrics_config may select families/labels	source-derived synthetic shape/routing proof; does not prove live enablement, values, cadence, or cardinality	chart	LiteLLM/Governance/Teams / Team Membership [team_membership; users; absolute]	BerriAI/litellm @ 23de7a15d9d40006ee596e617475ba101d60c5e9; litellm/integrations/prometheus*.py and update callsites audited in OPERATOR-MODEL.md
litellm_teams_count	litellm_teams_count	litellm_teams_count	gauge	pid	LiteLLM/Callbacks and Inventory/Inventory	*	domain signal	Total number of teams in LiteLLM	independent source family unless a source-defined relationship is stated in OPERATOR-MODEL.md	raw gauge -> absolute -> teams; counted/measured object: Total number of teams in LiteLLM	all emitted labels are instance identity; label availability follows exporter configuration; no optional label is used as instance identity unless the chart route requires it	LiteLLM Prometheus callback; prometheus_metrics_config may select families/labels	source-derived synthetic shape/routing proof; does not prove live enablement, values, cadence, or cardinality	chart	LiteLLM/Callbacks and Inventory/Inventory / Team Inventory [team_inventory; teams; absolute]	BerriAI/litellm @ 23de7a15d9d40006ee596e617475ba101d60c5e9; litellm/integrations/prometheus*.py and update callsites audited in OPERATOR-MODEL.md
litellm_total_tokens_metric_created	litellm_total_tokens_metric_created	litellm_total_tokens_metric_created	gauge	api_key_alias,api_provider,end_user,hashed_api_key,model,model_id,org_alias,org_id,requested_model,team,team_alias,user,user_email	<excluded>	<none>	workload/outcome	Total number of input + output tokens from LLM requests	generated registration-timestamp companion; excluded from operational charts	raw gauge; no rendered unit because job-excluded	source labels=api_key_alias,api_provider,end_user,hashed_api_key,model,model_id,org_alias,org_id,requested_model,team,team_alias,user,user_email; no chart identity/dimension role	LiteLLM Prometheus callback; prometheus_metrics_config may select families/labels	source-derived synthetic shape/routing proof; exclusion reason is runtime-validated	job-excluded	recommended job exclusion; lost question documented in OPERATOR-MODEL.md	BerriAI/litellm @ 23de7a15d9d40006ee596e617475ba101d60c5e9; litellm/integrations/prometheus*.py and update callsites audited in OPERATOR-MODEL.md
litellm_total_tokens_metric_total	litellm_total_tokens_metric_total	litellm_total_tokens_metric_total	counter	api_key_alias,api_provider,end_user,hashed_api_key,model,model_id,org_alias,org_id,requested_model,team,team_alias,user,user_email	LiteLLM/Usage and Cost	<global>	workload/outcome	Total number of input + output tokens from LLM requests	independent source family unless a source-defined relationship is stated in OPERATOR-MODEL.md	raw counter -> incremental -> tokens/s; counted/measured object: Total number of input + output tokens from LLM requests	identity=<global>; remaining=api_key_alias,api_provider,end_user,hashed_api_key,model,model_id,org_alias,org_id,requested_model,team,team_alias,user,user_email retained as source metadata or intentionally aggregated by this chart; label availability follows exporter configuration; no optional label is used as instance identity unless the chart route requires it	LiteLLM Prometheus callback; prometheus_metrics_config may select families/labels	source-derived synthetic shape/routing proof; does not prove live enablement, values, cadence, or cardinality	chart	LiteLLM/Usage and Cost / Request Token Throughput [request_token_throughput; tokens/s; incremental]	BerriAI/litellm @ 23de7a15d9d40006ee596e617475ba101d60c5e9; litellm/integrations/prometheus*.py and update callsites audited in OPERATOR-MODEL.md
"litellm_total_tokens_metric_total{api_provider=~"".+"",model=~"".+""}"	litellm_total_tokens_metric_total	litellm_total_tokens_metric_total	counter	api_key_alias,api_provider,end_user,hashed_api_key,model,model_id,org_alias,org_id,requested_model,team,team_alias,user,user_email	LiteLLM/Usage and Cost/By Provider and Model	api_provider,model	workload/outcome	Total number of input + output tokens from LLM requests	independent source family unless a source-defined relationship is stated in OPERATOR-MODEL.md	raw counter -> incremental -> tokens/s; counted/measured object: Total number of input + output tokens from LLM requests	identity=api_provider,model; routing=api_provider,model; complementary blank/nonblank routes mark those labels optional; remaining=api_key_alias,end_user,hashed_api_key,model_id,org_alias,org_id,requested_model,team,team_alias,user,user_email retained as source metadata or intentionally aggregated by this chart; label availability follows exporter configuration; no optional label is used as instance identity unless the chart route requires it	LiteLLM Prometheus callback; prometheus_metrics_config may select families/labels	source-derived synthetic shape/routing proof; does not prove live enablement, values, cadence, or cardinality	chart	LiteLLM/Usage and Cost/By Provider and Model / Request Token Throughput by Provider and Model [request_token_throughput_by_provider_model; tokens/s; incremental]	BerriAI/litellm @ 23de7a15d9d40006ee596e617475ba101d60c5e9; litellm/integrations/prometheus*.py and update callsites audited in OPERATOR-MODEL.md
"litellm_total_tokens_metric_total{hashed_api_key=~"".+""}"	litellm_total_tokens_metric_total	litellm_total_tokens_metric_total	counter	api_key_alias,api_provider,end_user,hashed_api_key,model,model_id,org_alias,org_id,requested_model,team,team_alias,user,user_email	LiteLLM/Usage and Cost/By API Key	hashed_api_key	workload/outcome	Total number of input + output tokens from LLM requests	independent source family unless a source-defined relationship is stated in OPERATOR-MODEL.md	raw counter -> incremental -> tokens/s; counted/measured object: Total number of input + output tokens from LLM requests	identity=hashed_api_key; routing=hashed_api_key; complementary blank/nonblank routes mark those labels optional; remaining=api_key_alias,api_provider,end_user,model,model_id,org_alias,org_id,requested_model,team,team_alias,user,user_email retained as source metadata or intentionally aggregated by this chart; label availability follows exporter configuration; no optional label is used as instance identity unless the chart route requires it	LiteLLM Prometheus callback; prometheus_metrics_config may select families/labels	source-derived synthetic shape/routing proof; does not prove live enablement, values, cadence, or cardinality	chart	LiteLLM/Usage and Cost/By API Key / Request Token Throughput by API Key [request_token_throughput_by_api_key; tokens/s; incremental]	BerriAI/litellm @ 23de7a15d9d40006ee596e617475ba101d60c5e9; litellm/integrations/prometheus*.py and update callsites audited in OPERATOR-MODEL.md
"litellm_total_tokens_metric_total{team=~"".+""}"	litellm_total_tokens_metric_total	litellm_total_tokens_metric_total	counter	api_key_alias,api_provider,end_user,hashed_api_key,model,model_id,org_alias,org_id,requested_model,team,team_alias,user,user_email	LiteLLM/Usage and Cost/By Team	team	workload/outcome	Total number of input + output tokens from LLM requests	independent source family unless a source-defined relationship is stated in OPERATOR-MODEL.md	raw counter -> incremental -> tokens/s; counted/measured object: Total number of input + output tokens from LLM requests	identity=team; routing=team; complementary blank/nonblank routes mark those labels optional; remaining=api_key_alias,api_provider,end_user,hashed_api_key,model,model_id,org_alias,org_id,requested_model,team_alias,user,user_email retained as source metadata or intentionally aggregated by this chart; label availability follows exporter configuration; no optional label is used as instance identity unless the chart route requires it	LiteLLM Prometheus callback; prometheus_metrics_config may select families/labels	source-derived synthetic shape/routing proof; does not prove live enablement, values, cadence, or cardinality	chart	LiteLLM/Usage and Cost/By Team / Request Token Throughput by Team [request_token_throughput_by_team; tokens/s; incremental]	BerriAI/litellm @ 23de7a15d9d40006ee596e617475ba101d60c5e9; litellm/integrations/prometheus*.py and update callsites audited in OPERATOR-MODEL.md
"litellm_total_tokens_metric_total{user=~"".+""}"	litellm_total_tokens_metric_total	litellm_total_tokens_metric_total	counter	api_key_alias,api_provider,end_user,hashed_api_key,model,model_id,org_alias,org_id,requested_model,team,team_alias,user,user_email	LiteLLM/Usage and Cost/By User	user	workload/outcome	Total number of input + output tokens from LLM requests	independent source family unless a source-defined relationship is stated in OPERATOR-MODEL.md	raw counter -> incremental -> tokens/s; counted/measured object: Total number of input + output tokens from LLM requests	identity=user; routing=user; complementary blank/nonblank routes mark those labels optional; remaining=api_key_alias,api_provider,end_user,hashed_api_key,model,model_id,org_alias,org_id,requested_model,team,team_alias,user_email retained as source metadata or intentionally aggregated by this chart; label availability follows exporter configuration; no optional label is used as instance identity unless the chart route requires it	LiteLLM Prometheus callback; prometheus_metrics_config may select families/labels	source-derived synthetic shape/routing proof; does not prove live enablement, values, cadence, or cardinality	chart	LiteLLM/Usage and Cost/By User / Request Token Throughput by User [request_token_throughput_by_user; tokens/s; incremental]	BerriAI/litellm @ 23de7a15d9d40006ee596e617475ba101d60c5e9; litellm/integrations/prometheus*.py and update callsites audited in OPERATOR-MODEL.md
"litellm_total_tokens_metric_total{org_id=~"".+""}"	litellm_total_tokens_metric_total	litellm_total_tokens_metric_total	counter	api_key_alias,api_provider,end_user,hashed_api_key,model,model_id,org_alias,org_id,requested_model,team,team_alias,user,user_email	LiteLLM/Usage and Cost/By Organization	org_id	workload/outcome	Total number of input + output tokens from LLM requests	independent source family unless a source-defined relationship is stated in OPERATOR-MODEL.md	raw counter -> incremental -> tokens/s; counted/measured object: Total number of input + output tokens from LLM requests	identity=org_id; routing=org_id; complementary blank/nonblank routes mark those labels optional; remaining=api_key_alias,api_provider,end_user,hashed_api_key,model,model_id,org_alias,requested_model,team,team_alias,user,user_email retained as source metadata or intentionally aggregated by this chart; label availability follows exporter configuration; no optional label is used as instance identity unless the chart route requires it	LiteLLM Prometheus callback; prometheus_metrics_config may select families/labels	source-derived synthetic shape/routing proof; does not prove live enablement, values, cadence, or cardinality	chart	LiteLLM/Usage and Cost/By Organization / Request Token Throughput by Organization [request_token_throughput_by_organization; tokens/s; incremental]	BerriAI/litellm @ 23de7a15d9d40006ee596e617475ba101d60c5e9; litellm/integrations/prometheus*.py and update callsites audited in OPERATOR-MODEL.md
"litellm_total_tokens_metric_total{end_user=~"".+""}"	litellm_total_tokens_metric_total	litellm_total_tokens_metric_total	counter	api_key_alias,api_provider,end_user,hashed_api_key,model,model_id,org_alias,org_id,requested_model,team,team_alias,user,user_email	LiteLLM/Usage and Cost/By End User	end_user	workload/outcome	Total number of input + output tokens from LLM requests	independent source family unless a source-defined relationship is stated in OPERATOR-MODEL.md	raw counter -> incremental -> tokens/s; counted/measured object: Total number of input + output tokens from LLM requests	identity=end_user; routing=end_user; complementary blank/nonblank routes mark those labels optional; remaining=api_key_alias,api_provider,hashed_api_key,model,model_id,org_alias,org_id,requested_model,team,team_alias,user,user_email retained as source metadata or intentionally aggregated by this chart; label availability follows exporter configuration; no optional label is used as instance identity unless the chart route requires it	LiteLLM Prometheus callback; prometheus_metrics_config may select families/labels	source-derived synthetic shape/routing proof; does not prove live enablement, values, cadence, or cardinality	chart	LiteLLM/Usage and Cost/By End User / Request Token Throughput by End User [request_token_throughput_by_end_user; tokens/s; incremental]	BerriAI/litellm @ 23de7a15d9d40006ee596e617475ba101d60c5e9; litellm/integrations/prometheus*.py and update callsites audited in OPERATOR-MODEL.md
"litellm_total_tokens_metric_total{requested_model=~"".+""}"	litellm_total_tokens_metric_total	litellm_total_tokens_metric_total	counter	api_key_alias,api_provider,end_user,hashed_api_key,model,model_id,org_alias,org_id,requested_model,team,team_alias,user,user_email	LiteLLM/Usage and Cost/By Requested Model	requested_model	workload/outcome	Total number of input + output tokens from LLM requests	independent source family unless a source-defined relationship is stated in OPERATOR-MODEL.md	raw counter -> incremental -> tokens/s; counted/measured object: Total number of input + output tokens from LLM requests	identity=requested_model; routing=requested_model; complementary blank/nonblank routes mark those labels optional; remaining=api_key_alias,api_provider,end_user,hashed_api_key,model,model_id,org_alias,org_id,team,team_alias,user,user_email retained as source metadata or intentionally aggregated by this chart; label availability follows exporter configuration; no optional label is used as instance identity unless the chart route requires it	LiteLLM Prometheus callback; prometheus_metrics_config may select families/labels	source-derived synthetic shape/routing proof; does not prove live enablement, values, cadence, or cardinality	chart	LiteLLM/Usage and Cost/By Requested Model / Request Token Throughput by Requested Model [request_token_throughput_by_requested_model; tokens/s; incremental]	BerriAI/litellm @ 23de7a15d9d40006ee596e617475ba101d60c5e9; litellm/integrations/prometheus*.py and update callsites audited in OPERATOR-MODEL.md
litellm_total_users	litellm_total_users	litellm_total_users	gauge	pid	LiteLLM/Callbacks and Inventory/Inventory	*	domain signal	Total number of users in LiteLLM	independent source family unless a source-defined relationship is stated in OPERATOR-MODEL.md	raw gauge -> absolute -> users; counted/measured object: Total number of users in LiteLLM	all emitted labels are instance identity; label availability follows exporter configuration; no optional label is used as instance identity unless the chart route requires it	LiteLLM Prometheus callback; prometheus_metrics_config may select families/labels	source-derived synthetic shape/routing proof; does not prove live enablement, values, cadence, or cardinality	chart	LiteLLM/Callbacks and Inventory/Inventory / User Inventory [user_inventory; users; absolute]	BerriAI/litellm @ 23de7a15d9d40006ee596e617475ba101d60c5e9; litellm/integrations/prometheus*.py and update callsites audited in OPERATOR-MODEL.md
litellm_user_budget_remaining_hours_metric	litellm_user_budget_remaining_hours_metric	litellm_user_budget_remaining_hours_metric	gauge	pid,user,user_alias,user_email	LiteLLM/Governance/Users	*	capacity/resource	Remaining hours for user budget to be reset	independent source family unless a source-defined relationship is stated in OPERATOR-MODEL.md	raw gauge -> absolute -> hours; counted/measured object: Remaining hours for user budget to be reset	all emitted labels are instance identity; label availability follows exporter configuration; no optional label is used as instance identity unless the chart route requires it	budget tracking	source-derived synthetic shape/routing proof; does not prove live enablement, values, cadence, or cardinality	chart	LiteLLM/Governance/Users / User Budget Reset Window [user_budget_reset_window; hours; absolute]	BerriAI/litellm @ 23de7a15d9d40006ee596e617475ba101d60c5e9; litellm/integrations/prometheus*.py and update callsites audited in OPERATOR-MODEL.md
litellm_user_max_budget_metric	litellm_user_max_budget_metric	litellm_user_max_budget_metric	gauge	pid,user,user_alias,user_email	LiteLLM/Governance/Users	*	capacity/resource	Maximum budget set for user	independent source family unless a source-defined relationship is stated in OPERATOR-MODEL.md	raw gauge -> absolute -> USD; counted/measured object: Maximum budget set for user	all emitted labels are instance identity; label availability follows exporter configuration; no optional label is used as instance identity unless the chart route requires it	budget tracking	source-derived synthetic shape/routing proof; does not prove live enablement, values, cadence, or cardinality	chart	LiteLLM/Governance/Users / User Budget [user_budget; USD; absolute]	BerriAI/litellm @ 23de7a15d9d40006ee596e617475ba101d60c5e9; litellm/integrations/prometheus*.py and update callsites audited in OPERATOR-MODEL.md
litellm_video_duration_seconds_metric_created	litellm_video_duration_seconds_metric_created	litellm_video_duration_seconds_metric_created	gauge	api_key_alias,api_provider,end_user,hashed_api_key,model,model_id,org_alias,org_id,requested_model,team,team_alias,user,user_email	<excluded>	<none>	latency	Seconds of video generated, from usage.duration_seconds on video generation calls	generated registration-timestamp companion; excluded from operational charts	raw gauge; no rendered unit because job-excluded	source labels=api_key_alias,api_provider,end_user,hashed_api_key,model,model_id,org_alias,org_id,requested_model,team,team_alias,user,user_email; no chart identity/dimension role	LiteLLM Prometheus callback; prometheus_metrics_config may select families/labels	source-derived synthetic shape/routing proof; exclusion reason is runtime-validated	job-excluded	recommended job exclusion; lost question documented in OPERATOR-MODEL.md	BerriAI/litellm @ 23de7a15d9d40006ee596e617475ba101d60c5e9; litellm/integrations/prometheus*.py and update callsites audited in OPERATOR-MODEL.md
litellm_video_duration_seconds_metric_total	litellm_video_duration_seconds_metric_total	litellm_video_duration_seconds_metric_total	counter	api_key_alias,api_provider,end_user,hashed_api_key,model,model_id,org_alias,org_id,requested_model,team,team_alias,user,user_email	LiteLLM/Usage and Cost	<global>	latency	Seconds of video generated, from usage.duration_seconds on video generation calls	independent source family unless a source-defined relationship is stated in OPERATOR-MODEL.md	raw counter -> incremental -> seconds/s; counted/measured object: Seconds of video generated, from usage.duration_seconds on video generation calls	identity=<global>; remaining=api_key_alias,api_provider,end_user,hashed_api_key,model,model_id,org_alias,org_id,requested_model,team,team_alias,user,user_email retained as source metadata or intentionally aggregated by this chart; label availability follows exporter configuration; no optional label is used as instance identity unless the chart route requires it	LiteLLM Prometheus callback; prometheus_metrics_config may select families/labels	source-derived synthetic shape/routing proof; does not prove live enablement, values, cadence, or cardinality	chart	LiteLLM/Usage and Cost / Generated Video Duration [generated_video_duration; seconds/s; incremental]	BerriAI/litellm @ 23de7a15d9d40006ee596e617475ba101d60c5e9; litellm/integrations/prometheus*.py and update callsites audited in OPERATOR-MODEL.md
"litellm_video_duration_seconds_metric_total{api_provider=~"".+"",model=~"".+""}"	litellm_video_duration_seconds_metric_total	litellm_video_duration_seconds_metric_total	counter	api_key_alias,api_provider,end_user,hashed_api_key,model,model_id,org_alias,org_id,requested_model,team,team_alias,user,user_email	LiteLLM/Usage and Cost/By Provider and Model	api_provider,model	latency	Seconds of video generated, from usage.duration_seconds on video generation calls	independent source family unless a source-defined relationship is stated in OPERATOR-MODEL.md	raw counter -> incremental -> seconds/s; counted/measured object: Seconds of video generated, from usage.duration_seconds on video generation calls	identity=api_provider,model; routing=api_provider,model; complementary blank/nonblank routes mark those labels optional; remaining=api_key_alias,end_user,hashed_api_key,model_id,org_alias,org_id,requested_model,team,team_alias,user,user_email retained as source metadata or intentionally aggregated by this chart; label availability follows exporter configuration; no optional label is used as instance identity unless the chart route requires it	LiteLLM Prometheus callback; prometheus_metrics_config may select families/labels	source-derived synthetic shape/routing proof; does not prove live enablement, values, cadence, or cardinality	chart	LiteLLM/Usage and Cost/By Provider and Model / Generated Video Duration by Provider and Model [generated_video_duration_by_provider_model; seconds/s; incremental]	BerriAI/litellm @ 23de7a15d9d40006ee596e617475ba101d60c5e9; litellm/integrations/prometheus*.py and update callsites audited in OPERATOR-MODEL.md
process_cpu_seconds_total	process_cpu_seconds_total	process_cpu_seconds_total	counter		LiteLLM/Runtime	<global>	latency	Total user and system CPU time spent in seconds.	independent source family unless a source-defined relationship is stated in OPERATOR-MODEL.md	raw counter -> incremental -> cores; counted/measured object: Total user and system CPU time spent in seconds.	identity=<global>; label availability follows exporter configuration; no optional label is used as instance identity unless the chart route requires it	single-process prometheus_client registry; omitted by LiteLLM multiprocess mode	source-derived synthetic shape/routing proof; does not prove live enablement, values, cadence, or cardinality	chart	LiteLLM/Runtime / Process CPU Usage [process_cpu; cores; incremental]	prometheus/client_python 0.24.1 @ f417f6ea8f058165a1934e368fed245e91aafc14; prometheus_client/{gc_collector,platform_collector,process_collector}.py
process_max_fds	process_max_fds	process_max_fds	gauge		LiteLLM/Runtime	<global>	capacity/resource	Maximum number of open file descriptors.	independent source family unless a source-defined relationship is stated in OPERATOR-MODEL.md	raw gauge -> absolute -> fds; counted/measured object: Maximum number of open file descriptors.	identity=<global>; label availability follows exporter configuration; no optional label is used as instance identity unless the chart route requires it	single-process prometheus_client registry; omitted by LiteLLM multiprocess mode	source-derived synthetic shape/routing proof; does not prove live enablement, values, cadence, or cardinality	chart	LiteLLM/Runtime / File Descriptor Limit [file_descriptor_limit; fds; absolute]	prometheus/client_python 0.24.1 @ f417f6ea8f058165a1934e368fed245e91aafc14; prometheus_client/{gc_collector,platform_collector,process_collector}.py
process_open_fds	process_open_fds	process_open_fds	gauge		LiteLLM/Runtime	<global>	utilization/resource	Number of open file descriptors.	independent source family unless a source-defined relationship is stated in OPERATOR-MODEL.md	raw gauge -> absolute -> fds; counted/measured object: Number of open file descriptors.	identity=<global>; label availability follows exporter configuration; no optional label is used as instance identity unless the chart route requires it	single-process prometheus_client registry; omitted by LiteLLM multiprocess mode	source-derived synthetic shape/routing proof; does not prove live enablement, values, cadence, or cardinality	chart	LiteLLM/Runtime / Open File Descriptors [open_file_descriptors; fds; absolute]	prometheus/client_python 0.24.1 @ f417f6ea8f058165a1934e368fed245e91aafc14; prometheus_client/{gc_collector,platform_collector,process_collector}.py
process_resident_memory_bytes	process_resident_memory_bytes	process_resident_memory_bytes	gauge		LiteLLM/Runtime	<global>	utilization/resource	Resident memory size in bytes.	independent source family unless a source-defined relationship is stated in OPERATOR-MODEL.md	raw gauge -> absolute -> bytes; counted/measured object: Resident memory size in bytes.	identity=<global>; label availability follows exporter configuration; no optional label is used as instance identity unless the chart route requires it	single-process prometheus_client registry; omitted by LiteLLM multiprocess mode	source-derived synthetic shape/routing proof; does not prove live enablement, values, cadence, or cardinality	chart	LiteLLM/Runtime / Process Resident Memory [process_resident_memory; bytes; absolute]	prometheus/client_python 0.24.1 @ f417f6ea8f058165a1934e368fed245e91aafc14; prometheus_client/{gc_collector,platform_collector,process_collector}.py
process_start_time_seconds	process_start_time_seconds	process_start_time_seconds	gauge		<excluded>	<none>	latency	Start time of the process since unix epoch in seconds.	independent source family unless a source-defined relationship is stated in OPERATOR-MODEL.md	raw gauge; no rendered unit because job-excluded	source labels=<none>; no chart identity/dimension role	single-process prometheus_client registry; omitted by LiteLLM multiprocess mode	source-derived synthetic shape/routing proof; exclusion reason is runtime-validated	job-excluded	recommended job exclusion; lost question documented in OPERATOR-MODEL.md	prometheus/client_python 0.24.1 @ f417f6ea8f058165a1934e368fed245e91aafc14; prometheus_client/{gc_collector,platform_collector,process_collector}.py
process_virtual_memory_bytes	process_virtual_memory_bytes	process_virtual_memory_bytes	gauge		LiteLLM/Runtime	<global>	utilization/resource	Virtual memory size in bytes.	independent source family unless a source-defined relationship is stated in OPERATOR-MODEL.md	raw gauge -> absolute -> bytes; counted/measured object: Virtual memory size in bytes.	identity=<global>; label availability follows exporter configuration; no optional label is used as instance identity unless the chart route requires it	single-process prometheus_client registry; omitted by LiteLLM multiprocess mode	source-derived synthetic shape/routing proof; does not prove live enablement, values, cadence, or cardinality	chart	LiteLLM/Runtime / Process Virtual Memory [process_virtual_memory; bytes; absolute]	prometheus/client_python 0.24.1 @ f417f6ea8f058165a1934e368fed245e91aafc14; prometheus_client/{gc_collector,platform_collector,process_collector}.py
python_gc_collections_total	python_gc_collections_total	python_gc_collections_total	counter	generation	LiteLLM/Runtime/Python GC	<global>	domain signal	Number of times this generation was collected	independent source family unless a source-defined relationship is stated in OPERATOR-MODEL.md	raw counter -> incremental -> collections/s; counted/measured object: Number of times this generation was collected	identity=<global>; dimension=generation; label availability follows exporter configuration; no optional label is used as instance identity unless the chart route requires it	single-process prometheus_client registry; omitted by LiteLLM multiprocess mode	source-derived synthetic shape/routing proof; does not prove live enablement, values, cadence, or cardinality	chart	LiteLLM/Runtime/Python GC / Collections [collections; collections/s; incremental]	prometheus/client_python 0.24.1 @ f417f6ea8f058165a1934e368fed245e91aafc14; prometheus_client/{gc_collector,platform_collector,process_collector}.py
python_gc_objects_collected_total	python_gc_objects_collected_total	python_gc_objects_collected_total	counter	generation	LiteLLM/Runtime/Python GC	<global>	workload/outcome	Objects collected during gc	independent source family unless a source-defined relationship is stated in OPERATOR-MODEL.md	raw counter -> incremental -> objects/s; counted/measured object: Objects collected during gc	identity=<global>; dimension=generation; label availability follows exporter configuration; no optional label is used as instance identity unless the chart route requires it	single-process prometheus_client registry; omitted by LiteLLM multiprocess mode	source-derived synthetic shape/routing proof; does not prove live enablement, values, cadence, or cardinality	chart	LiteLLM/Runtime/Python GC / Collected Objects [collected_objects; objects/s; incremental]	prometheus/client_python 0.24.1 @ f417f6ea8f058165a1934e368fed245e91aafc14; prometheus_client/{gc_collector,platform_collector,process_collector}.py
python_gc_objects_uncollectable_total	python_gc_objects_uncollectable_total	python_gc_objects_uncollectable_total	counter	generation	LiteLLM/Runtime/Python GC	<global>	error/outcome	Uncollectable objects found during GC	independent source family unless a source-defined relationship is stated in OPERATOR-MODEL.md	raw counter -> incremental -> objects/s; counted/measured object: Uncollectable objects found during GC	identity=<global>; dimension=generation; label availability follows exporter configuration; no optional label is used as instance identity unless the chart route requires it	single-process prometheus_client registry; omitted by LiteLLM multiprocess mode	source-derived synthetic shape/routing proof; does not prove live enablement, values, cadence, or cardinality	chart	LiteLLM/Runtime/Python GC / Uncollectable Objects [uncollectable_objects; objects/s; incremental]	prometheus/client_python 0.24.1 @ f417f6ea8f058165a1934e368fed245e91aafc14; prometheus_client/{gc_collector,platform_collector,process_collector}.py
python_info	python_info	python_info	gauge	implementation,major,minor,patchlevel,version	<excluded>	<none>	state/configuration	Python platform information	metadata-only information family; writer contract does not retain this shape	raw gauge; no rendered unit because writer-ineligible	source labels=implementation,major,minor,patchlevel,version; no chart identity/dimension role	single-process prometheus_client registry; omitted by LiteLLM multiprocess mode	source-derived synthetic shape/routing proof; exclusion reason is runtime-validated	writer-ineligible	collector writer exclusion; metadata-only or structurally unsupported source shape	prometheus/client_python 0.24.1 @ f417f6ea8f058165a1934e368fed245e91aafc14; prometheus_client/{gc_collector,platform_collector,process_collector}.py
