authored_selector	emitted_metric	source_family	source_type	source_labels	operator_owner	entity_identity	signal_role	observation_population	cross_family_relationship	unit_algebra	label_roles_and_optionality	availability_gate	evidence_and_uncertainty	disposition	destination	source_path
ray_vllm_cache_config_info	ray_vllm_cache_config_info	ray_vllm_cache_config_info	gauge	Component,ReplicaId,SessionName,Version,WorkerId,_block_size_resolved,block_size,cache_dtype,calculate_kv_scales,enable_prefix_caching,engine,gpu_memory_utilization,hash_block_size,is_attention_free,kv_cache_dtype_skip_layers,kv_cache_max_concurrency,kv_cache_memory_bytes,kv_cache_size_tokens,kv_offloading_backend,kv_offloading_size,kv_sharing_fast_prefill,mamba_block_size,mamba_cache_dtype,mamba_cache_mode,mamba_page_size_padded,mamba_ssm_cache_dtype,num_cpu_blocks,num_gpu_blocks,num_gpu_blocks_override,prefix_caching_hash_algo,skip_page_size_padded,sliding_window,user_specified_block_size,user_specified_mamba_block_size	<excluded>	<none>	state/configuration	Information of the LLMEngine CacheConfig	metadata-only information family; writer contract does not retain this shape	raw gauge; no rendered unit because writer-ineligible	source labels=Component,ReplicaId,SessionName,Version,WorkerId,_block_size_resolved,block_size,cache_dtype,calculate_kv_scales,enable_prefix_caching,engine,gpu_memory_utilization,hash_block_size,is_attention_free,kv_cache_dtype_skip_layers,kv_cache_max_concurrency,kv_cache_memory_bytes,kv_cache_size_tokens,kv_offloading_backend,kv_offloading_size,kv_sharing_fast_prefill,mamba_block_size,mamba_cache_dtype,mamba_cache_mode,mamba_page_size_padded,mamba_ssm_cache_dtype,num_cpu_blocks,num_gpu_blocks,num_gpu_blocks_override,prefix_caching_hash_algo,skip_page_size_padded,sliding_window,user_specified_block_size,user_specified_mamba_block_size; no chart identity/dimension role	Ray node metrics export carrying vLLM metrics; underlying vLLM feature/connector gate also applies	source-derived synthetic shape/routing proof; exclusion reason is runtime-validated	writer-ineligible	collector writer exclusion; metadata-only or structurally unsupported source shape	ray-project/ray @ 03491225d59a1ffde99c3628969ccf456be13efd; src/ray/stats/metric_exporter.cc plus vLLM registration path
ray_vllm_corrupted_requests	ray_vllm_corrupted_requests	ray_vllm_corrupted_requests	gauge	Component,ReplicaId,SessionName,Version,WorkerId,engine,model_name	<excluded>	<none>	error/outcome	Deprecated Ray counter compatibility gauge: Corrupted requests, in terms of total number of requests with NaNs in logits.	Ray compatibility gauge alias of the canonical counter family; default unless RAY_EXPORT_COUNTER_AS_GAUGE=0	raw gauge; no rendered unit because job-excluded	source labels=Component,ReplicaId,SessionName,Version,WorkerId,engine,model_name; no chart identity/dimension role	Ray node metrics export; compatibility alias enabled by default and disabled with RAY_EXPORT_COUNTER_AS_GAUGE=0	source-derived synthetic shape/routing proof; exclusion reason is runtime-validated	job-excluded	recommended job exclusion; lost question documented in OPERATOR-MODEL.md	ray-project/ray @ 03491225d59a1ffde99c3628969ccf456be13efd; src/ray/stats/metric_exporter.cc plus vLLM registration path
ray_vllm_corrupted_requests_total	ray_vllm_corrupted_requests_total	ray_vllm_corrupted_requests_total	counter	Component,ReplicaId,SessionName,Version,WorkerId,engine,model_name	vLLM/Request Lifecycle	model_name,engine,ReplicaId,WorkerId	error/outcome	Corrupted requests, in terms of total number of requests with NaNs in logits.	independent source family unless a source-defined relationship is stated in OPERATOR-MODEL.md	raw counter -> incremental -> requests/s; counted/measured object: Corrupted requests, in terms of total number of requests with NaNs in logits.	identity=model_name,engine,ReplicaId,WorkerId; remaining=Component,SessionName,Version retained as source metadata or intentionally aggregated by this chart; label availability follows exporter configuration; no optional label is used as instance identity unless the chart route requires it	Ray node metrics export carrying vLLM metrics; underlying vLLM feature/connector gate also applies	source-derived synthetic shape/routing proof; does not prove live enablement, values, cadence, or cardinality	chart	vLLM/Request Lifecycle / Corrupted Requests [corrupted_requests; requests/s; incremental]	ray-project/ray @ 03491225d59a1ffde99c3628969ccf456be13efd; src/ray/stats/metric_exporter.cc plus vLLM registration path
ray_vllm_diffusion_num_canvas_positions	ray_vllm_diffusion_num_canvas_positions	ray_vllm_diffusion_num_canvas_positions	gauge	Component,ReplicaId,SessionName,Version,WorkerId,engine,model_name	<excluded>	<none>	domain signal	Deprecated Ray counter compatibility gauge: Number of canvas positions evaluated.	Ray compatibility gauge alias of the canonical counter family; default unless RAY_EXPORT_COUNTER_AS_GAUGE=0	raw gauge; no rendered unit because job-excluded	source labels=Component,ReplicaId,SessionName,Version,WorkerId,engine,model_name; no chart identity/dimension role	Ray node metrics export; compatibility alias enabled by default and disabled with RAY_EXPORT_COUNTER_AS_GAUGE=0	source-derived synthetic shape/routing proof; exclusion reason is runtime-validated	job-excluded	recommended job exclusion; lost question documented in OPERATOR-MODEL.md	ray-project/ray @ 03491225d59a1ffde99c3628969ccf456be13efd; src/ray/stats/metric_exporter.cc plus vLLM registration path
ray_vllm_diffusion_num_canvas_positions_total	ray_vllm_diffusion_num_canvas_positions_total	ray_vllm_diffusion_num_canvas_positions_total	counter	Component,ReplicaId,SessionName,Version,WorkerId,engine,model_name	vLLM/Diffusion Decoding	model_name,engine,ReplicaId,WorkerId	domain signal	Number of canvas positions evaluated.	independent source family unless a source-defined relationship is stated in OPERATOR-MODEL.md	raw counter -> incremental -> positions/s; counted/measured object: Number of canvas positions evaluated.	identity=model_name,engine,ReplicaId,WorkerId; remaining=Component,SessionName,Version retained as source metadata or intentionally aggregated by this chart; label availability follows exporter configuration; no optional label is used as instance identity unless the chart route requires it	Ray node metrics export carrying vLLM metrics; underlying vLLM feature/connector gate also applies	source-derived synthetic shape/routing proof; does not prove live enablement, values, cadence, or cardinality	chart	vLLM/Diffusion Decoding / Diffusion Canvas Positions [canvas_positions; positions/s; incremental]	ray-project/ray @ 03491225d59a1ffde99c3628969ccf456be13efd; src/ray/stats/metric_exporter.cc plus vLLM registration path
ray_vllm_diffusion_num_committed_tokens	ray_vllm_diffusion_num_committed_tokens	ray_vllm_diffusion_num_committed_tokens	gauge	Component,ReplicaId,SessionName,Version,WorkerId,engine,model_name	<excluded>	<none>	workload/outcome	Deprecated Ray counter compatibility gauge: Number of committed (finalized) tokens.	Ray compatibility gauge alias of the canonical counter family; default unless RAY_EXPORT_COUNTER_AS_GAUGE=0	raw gauge; no rendered unit because job-excluded	source labels=Component,ReplicaId,SessionName,Version,WorkerId,engine,model_name; no chart identity/dimension role	Ray node metrics export; compatibility alias enabled by default and disabled with RAY_EXPORT_COUNTER_AS_GAUGE=0	source-derived synthetic shape/routing proof; exclusion reason is runtime-validated	job-excluded	recommended job exclusion; lost question documented in OPERATOR-MODEL.md	ray-project/ray @ 03491225d59a1ffde99c3628969ccf456be13efd; src/ray/stats/metric_exporter.cc plus vLLM registration path
ray_vllm_diffusion_num_committed_tokens_total	ray_vllm_diffusion_num_committed_tokens_total	ray_vllm_diffusion_num_committed_tokens_total	counter	Component,ReplicaId,SessionName,Version,WorkerId,engine,model_name	vLLM/Diffusion Decoding	model_name,engine,ReplicaId,WorkerId	workload/outcome	Number of committed (finalized) tokens.	independent source family unless a source-defined relationship is stated in OPERATOR-MODEL.md	raw counter -> incremental -> tokens/s; counted/measured object: Number of committed (finalized) tokens.	identity=model_name,engine,ReplicaId,WorkerId; remaining=Component,SessionName,Version retained as source metadata or intentionally aggregated by this chart; label availability follows exporter configuration; no optional label is used as instance identity unless the chart route requires it	Ray node metrics export carrying vLLM metrics; underlying vLLM feature/connector gate also applies	source-derived synthetic shape/routing proof; does not prove live enablement, values, cadence, or cardinality	chart	vLLM/Diffusion Decoding / Diffusion Committed Tokens [committed_tokens; tokens/s; incremental]	ray-project/ray @ 03491225d59a1ffde99c3628969ccf456be13efd; src/ray/stats/metric_exporter.cc plus vLLM registration path
ray_vllm_diffusion_num_denoising_steps	ray_vllm_diffusion_num_denoising_steps	ray_vllm_diffusion_num_denoising_steps	gauge	Component,ReplicaId,SessionName,Version,WorkerId,engine,model_name	<excluded>	<none>	domain signal	Deprecated Ray counter compatibility gauge: Number of denoising steps.	Ray compatibility gauge alias of the canonical counter family; default unless RAY_EXPORT_COUNTER_AS_GAUGE=0	raw gauge; no rendered unit because job-excluded	source labels=Component,ReplicaId,SessionName,Version,WorkerId,engine,model_name; no chart identity/dimension role	Ray node metrics export; compatibility alias enabled by default and disabled with RAY_EXPORT_COUNTER_AS_GAUGE=0	source-derived synthetic shape/routing proof; exclusion reason is runtime-validated	job-excluded	recommended job exclusion; lost question documented in OPERATOR-MODEL.md	ray-project/ray @ 03491225d59a1ffde99c3628969ccf456be13efd; src/ray/stats/metric_exporter.cc plus vLLM registration path
ray_vllm_diffusion_num_denoising_steps_total	ray_vllm_diffusion_num_denoising_steps_total	ray_vllm_diffusion_num_denoising_steps_total	counter	Component,ReplicaId,SessionName,Version,WorkerId,engine,model_name	vLLM/Diffusion Decoding	model_name,engine,ReplicaId,WorkerId	domain signal	Number of denoising steps.	independent source family unless a source-defined relationship is stated in OPERATOR-MODEL.md	raw counter -> incremental -> steps/s; counted/measured object: Number of denoising steps.	identity=model_name,engine,ReplicaId,WorkerId; remaining=Component,SessionName,Version retained as source metadata or intentionally aggregated by this chart; label availability follows exporter configuration; no optional label is used as instance identity unless the chart route requires it	Ray node metrics export carrying vLLM metrics; underlying vLLM feature/connector gate also applies	source-derived synthetic shape/routing proof; does not prove live enablement, values, cadence, or cardinality	chart	vLLM/Diffusion Decoding / Diffusion Denoising Steps [denoising_steps; steps/s; incremental]	ray-project/ray @ 03491225d59a1ffde99c3628969ccf456be13efd; src/ray/stats/metric_exporter.cc plus vLLM registration path
ray_vllm_e2e_request_latency_seconds_bucket	ray_vllm_e2e_request_latency_seconds_bucket	ray_vllm_e2e_request_latency_seconds	histogram	Component,ReplicaId,SessionName,Version,WorkerId,engine,le,model_name	vLLM/Request Lifecycle	model_name,engine,ReplicaId,WorkerId	latency	Histogram of e2e request latency in seconds.	histogram bucket component; same observation population as the family bucket/quantile, count, and sum components	raw histogram -> incremental -> observations/s; counted/measured object: Histogram of e2e request latency in seconds.	identity=model_name,engine,ReplicaId,WorkerId; remaining=Component,SessionName,Version,le retained as source metadata or intentionally aggregated by this chart; label availability follows exporter configuration; no optional label is used as instance identity unless the chart route requires it	Ray node metrics export carrying vLLM metrics; underlying vLLM feature/connector gate also applies	source-derived synthetic shape/routing proof; does not prove live enablement, values, cadence, or cardinality	chart	vLLM/Request Lifecycle / End-to-End Request Latency [end_to_end_latency; observations/s; incremental]	ray-project/ray @ 03491225d59a1ffde99c3628969ccf456be13efd; src/ray/stats/metric_exporter.cc plus vLLM registration path
ray_vllm_e2e_request_latency_seconds_count	ray_vllm_e2e_request_latency_seconds_count	ray_vllm_e2e_request_latency_seconds	histogram	Component,ReplicaId,SessionName,Version,WorkerId,engine,le,model_name	vLLM/Request Lifecycle	model_name,engine,ReplicaId,WorkerId	latency	Histogram of e2e request latency in seconds.	histogram count component; same observation population as the family bucket/quantile, count, and sum components	raw histogram -> incremental -> requests/s; counted/measured object: Histogram of e2e request latency in seconds.	identity=model_name,engine,ReplicaId,WorkerId; remaining=Component,SessionName,Version,le retained as source metadata or intentionally aggregated by this chart; label availability follows exporter configuration; no optional label is used as instance identity unless the chart route requires it	Ray node metrics export carrying vLLM metrics; underlying vLLM feature/connector gate also applies	source-derived synthetic shape/routing proof; does not prove live enablement, values, cadence, or cardinality	chart	vLLM/Request Lifecycle / Lifecycle Request Measurements [request_measurements; requests/s; incremental]	ray-project/ray @ 03491225d59a1ffde99c3628969ccf456be13efd; src/ray/stats/metric_exporter.cc plus vLLM registration path
ray_vllm_e2e_request_latency_seconds_sum	ray_vllm_e2e_request_latency_seconds_sum	ray_vllm_e2e_request_latency_seconds	histogram	Component,ReplicaId,SessionName,Version,WorkerId,engine,le,model_name	vLLM/Request Lifecycle	model_name,engine,ReplicaId,WorkerId	latency	Histogram of e2e request latency in seconds.	histogram sum component; same observation population as the family bucket/quantile, count, and sum components	raw histogram -> incremental -> in-flight; counted/measured object: Histogram of e2e request latency in seconds.	identity=model_name,engine,ReplicaId,WorkerId; remaining=Component,SessionName,Version,le retained as source metadata or intentionally aggregated by this chart; label availability follows exporter configuration; no optional label is used as instance identity unless the chart route requires it	Ray node metrics export carrying vLLM metrics; underlying vLLM feature/connector gate also applies	source-derived synthetic shape/routing proof; does not prove live enablement, values, cadence, or cardinality	chart	vLLM/Request Lifecycle / End-to-End Request Concurrency [end_to_end_concurrency; in-flight; incremental]	ray-project/ray @ 03491225d59a1ffde99c3628969ccf456be13efd; src/ray/stats/metric_exporter.cc plus vLLM registration path
ray_vllm_engine_sleep_state	ray_vllm_engine_sleep_state	ray_vllm_engine_sleep_state	gauge	Component,ReplicaId,SessionName,Version,WorkerId,engine,model_name,sleep_state	vLLM/Scheduler	model_name,engine,ReplicaId,WorkerId	state/configuration	Engine sleep state; awake = 0 means engine is sleeping; awake = 1 means engine is awake; weights_offloaded = 1 means sleep level 1; discard_all = 1 means sleep level 2.	independent source family unless a source-defined relationship is stated in OPERATOR-MODEL.md	raw gauge -> absolute -> state; counted/measured object: Engine sleep state; awake = 0 means engine is sleeping; awake = 1 means engine is awake; weights_offloaded = 1 means sleep level 1; discard_all = 1 means sleep level 2.	identity=model_name,engine,ReplicaId,WorkerId; dimension=sleep_state; remaining=Component,SessionName,Version retained as source metadata or intentionally aggregated by this chart; label availability follows exporter configuration; no optional label is used as instance identity unless the chart route requires it	Ray node metrics export carrying vLLM metrics; underlying vLLM feature/connector gate also applies	source-derived synthetic shape/routing proof; does not prove live enablement, values, cadence, or cardinality	chart	vLLM/Scheduler / Engine Sleep State [sleep_state; state; absolute]	ray-project/ray @ 03491225d59a1ffde99c3628969ccf456be13efd; src/ray/stats/metric_exporter.cc plus vLLM registration path
ray_vllm_estimated_flops_per_gpu_total	ray_vllm_estimated_flops_per_gpu_total	ray_vllm_estimated_flops_per_gpu_total	counter	Component,ReplicaId,SessionName,Version,WorkerId,engine,model_name	vLLM/Engine Execution	model_name,engine,ReplicaId,WorkerId	utilization/resource	Estimated number of floating point operations per GPU (for Model Flops Utilization calculations).	independent source family unless a source-defined relationship is stated in OPERATOR-MODEL.md	raw counter -> incremental -> GFLOP/s/GPU; counted/measured object: Estimated number of floating point operations per GPU (for Model Flops Utilization calculations).	identity=model_name,engine,ReplicaId,WorkerId; remaining=Component,SessionName,Version retained as source metadata or intentionally aggregated by this chart; label availability follows exporter configuration; no optional label is used as instance identity unless the chart route requires it	Ray node metrics export carrying vLLM metrics; underlying vLLM feature/connector gate also applies	source-derived synthetic shape/routing proof; does not prove live enablement, values, cadence, or cardinality	chart	vLLM/Engine Execution / Estimated Compute per GPU [estimated_compute; GFLOP/s/GPU; incremental]	ray-project/ray @ 03491225d59a1ffde99c3628969ccf456be13efd; src/ray/stats/metric_exporter.cc plus vLLM registration path
ray_vllm_estimated_read_bytes_per_gpu_total	ray_vllm_estimated_read_bytes_per_gpu_total	ray_vllm_estimated_read_bytes_per_gpu_total	counter	Component,ReplicaId,SessionName,Version,WorkerId,engine,model_name	vLLM/Engine Execution	model_name,engine,ReplicaId,WorkerId	utilization/resource	Estimated number of bytes read from memory per GPU (for Model Flops Utilization calculations).	independent source family unless a source-defined relationship is stated in OPERATOR-MODEL.md	raw counter -> incremental -> GB/s/GPU; counted/measured object: Estimated number of bytes read from memory per GPU (for Model Flops Utilization calculations).	identity=model_name,engine,ReplicaId,WorkerId; remaining=Component,SessionName,Version retained as source metadata or intentionally aggregated by this chart; label availability follows exporter configuration; no optional label is used as instance identity unless the chart route requires it	Ray node metrics export carrying vLLM metrics; underlying vLLM feature/connector gate also applies	source-derived synthetic shape/routing proof; does not prove live enablement, values, cadence, or cardinality	chart	vLLM/Engine Execution / Estimated Memory Bandwidth per GPU [estimated_memory_bandwidth; GB/s/GPU; incremental]	ray-project/ray @ 03491225d59a1ffde99c3628969ccf456be13efd; src/ray/stats/metric_exporter.cc plus vLLM registration path
ray_vllm_estimated_write_bytes_per_gpu_total	ray_vllm_estimated_write_bytes_per_gpu_total	ray_vllm_estimated_write_bytes_per_gpu_total	counter	Component,ReplicaId,SessionName,Version,WorkerId,engine,model_name	vLLM/Engine Execution	model_name,engine,ReplicaId,WorkerId	utilization/resource	Estimated number of bytes written to memory per GPU (for Model Flops Utilization calculations).	independent source family unless a source-defined relationship is stated in OPERATOR-MODEL.md	raw counter -> incremental -> GB/s/GPU; counted/measured object: Estimated number of bytes written to memory per GPU (for Model Flops Utilization calculations).	identity=model_name,engine,ReplicaId,WorkerId; remaining=Component,SessionName,Version retained as source metadata or intentionally aggregated by this chart; label availability follows exporter configuration; no optional label is used as instance identity unless the chart route requires it	Ray node metrics export carrying vLLM metrics; underlying vLLM feature/connector gate also applies	source-derived synthetic shape/routing proof; does not prove live enablement, values, cadence, or cardinality	chart	vLLM/Engine Execution / Estimated Memory Bandwidth per GPU [estimated_memory_bandwidth; GB/s/GPU; incremental]	ray-project/ray @ 03491225d59a1ffde99c3628969ccf456be13efd; src/ray/stats/metric_exporter.cc plus vLLM registration path
ray_vllm_external_prefix_cache_hits	ray_vllm_external_prefix_cache_hits	ray_vllm_external_prefix_cache_hits	gauge	Component,ReplicaId,SessionName,Version,WorkerId,engine,model_name	<excluded>	<none>	workload/outcome	Deprecated Ray counter compatibility gauge: External prefix cache hits from KV connector cross-instance cache sharing, in terms of number of cached tokens.	Ray compatibility gauge alias of the canonical counter family; default unless RAY_EXPORT_COUNTER_AS_GAUGE=0	raw gauge; no rendered unit because job-excluded	source labels=Component,ReplicaId,SessionName,Version,WorkerId,engine,model_name; no chart identity/dimension role	Ray node metrics export; compatibility alias enabled by default and disabled with RAY_EXPORT_COUNTER_AS_GAUGE=0	source-derived synthetic shape/routing proof; exclusion reason is runtime-validated	job-excluded	recommended job exclusion; lost question documented in OPERATOR-MODEL.md	ray-project/ray @ 03491225d59a1ffde99c3628969ccf456be13efd; src/ray/stats/metric_exporter.cc plus vLLM registration path
ray_vllm_external_prefix_cache_hits_total	ray_vllm_external_prefix_cache_hits_total	ray_vllm_external_prefix_cache_hits_total	counter	Component,ReplicaId,SessionName,Version,WorkerId,engine,model_name	vLLM/KV Cache	model_name,engine,ReplicaId,WorkerId	workload/outcome	External prefix cache hits from KV connector cross-instance cache sharing, in terms of number of cached tokens.	independent source family unless a source-defined relationship is stated in OPERATOR-MODEL.md	raw counter -> incremental -> tokens/s; counted/measured object: External prefix cache hits from KV connector cross-instance cache sharing, in terms of number of cached tokens.	identity=model_name,engine,ReplicaId,WorkerId; remaining=Component,SessionName,Version retained as source metadata or intentionally aggregated by this chart; label availability follows exporter configuration; no optional label is used as instance identity unless the chart route requires it	Ray node metrics export carrying vLLM metrics; underlying vLLM feature/connector gate also applies	source-derived synthetic shape/routing proof; does not prove live enablement, values, cadence, or cardinality	chart	vLLM/KV Cache / External Prefix Cache [external_prefix; tokens/s; incremental]	ray-project/ray @ 03491225d59a1ffde99c3628969ccf456be13efd; src/ray/stats/metric_exporter.cc plus vLLM registration path
ray_vllm_external_prefix_cache_queries	ray_vllm_external_prefix_cache_queries	ray_vllm_external_prefix_cache_queries	gauge	Component,ReplicaId,SessionName,Version,WorkerId,engine,model_name	<excluded>	<none>	workload/outcome	Deprecated Ray counter compatibility gauge: External prefix cache queries from KV connector cross-instance cache sharing, in terms of number of queried tokens.	Ray compatibility gauge alias of the canonical counter family; default unless RAY_EXPORT_COUNTER_AS_GAUGE=0	raw gauge; no rendered unit because job-excluded	source labels=Component,ReplicaId,SessionName,Version,WorkerId,engine,model_name; no chart identity/dimension role	Ray node metrics export; compatibility alias enabled by default and disabled with RAY_EXPORT_COUNTER_AS_GAUGE=0	source-derived synthetic shape/routing proof; exclusion reason is runtime-validated	job-excluded	recommended job exclusion; lost question documented in OPERATOR-MODEL.md	ray-project/ray @ 03491225d59a1ffde99c3628969ccf456be13efd; src/ray/stats/metric_exporter.cc plus vLLM registration path
ray_vllm_external_prefix_cache_queries_total	ray_vllm_external_prefix_cache_queries_total	ray_vllm_external_prefix_cache_queries_total	counter	Component,ReplicaId,SessionName,Version,WorkerId,engine,model_name	vLLM/KV Cache	model_name,engine,ReplicaId,WorkerId	workload/outcome	External prefix cache queries from KV connector cross-instance cache sharing, in terms of number of queried tokens.	independent source family unless a source-defined relationship is stated in OPERATOR-MODEL.md	raw counter -> incremental -> tokens/s; counted/measured object: External prefix cache queries from KV connector cross-instance cache sharing, in terms of number of queried tokens.	identity=model_name,engine,ReplicaId,WorkerId; remaining=Component,SessionName,Version retained as source metadata or intentionally aggregated by this chart; label availability follows exporter configuration; no optional label is used as instance identity unless the chart route requires it	Ray node metrics export carrying vLLM metrics; underlying vLLM feature/connector gate also applies	source-derived synthetic shape/routing proof; does not prove live enablement, values, cadence, or cardinality	chart	vLLM/KV Cache / External Prefix Cache [external_prefix; tokens/s; incremental]	ray-project/ray @ 03491225d59a1ffde99c3628969ccf456be13efd; src/ray/stats/metric_exporter.cc plus vLLM registration path
ray_vllm_generation_tokens	ray_vllm_generation_tokens	ray_vllm_generation_tokens	gauge	Component,ReplicaId,SessionName,Version,WorkerId,engine,model_name	<excluded>	<none>	workload/outcome	Deprecated Ray counter compatibility gauge: Number of generation tokens processed.	Ray compatibility gauge alias of the canonical counter family; default unless RAY_EXPORT_COUNTER_AS_GAUGE=0	raw gauge; no rendered unit because job-excluded	source labels=Component,ReplicaId,SessionName,Version,WorkerId,engine,model_name; no chart identity/dimension role	Ray node metrics export; compatibility alias enabled by default and disabled with RAY_EXPORT_COUNTER_AS_GAUGE=0	source-derived synthetic shape/routing proof; exclusion reason is runtime-validated	job-excluded	recommended job exclusion; lost question documented in OPERATOR-MODEL.md	ray-project/ray @ 03491225d59a1ffde99c3628969ccf456be13efd; src/ray/stats/metric_exporter.cc plus vLLM registration path
ray_vllm_generation_tokens_total	ray_vllm_generation_tokens_total	ray_vllm_generation_tokens_total	counter	Component,ReplicaId,SessionName,Version,WorkerId,engine,model_name	vLLM/Decode	model_name,engine,ReplicaId,WorkerId	workload/outcome	Number of generation tokens processed.	independent source family unless a source-defined relationship is stated in OPERATOR-MODEL.md	raw counter -> incremental -> tokens/s; counted/measured object: Number of generation tokens processed.	identity=model_name,engine,ReplicaId,WorkerId; remaining=Component,SessionName,Version retained as source metadata or intentionally aggregated by this chart; label availability follows exporter configuration; no optional label is used as instance identity unless the chart route requires it	Ray node metrics export carrying vLLM metrics; underlying vLLM feature/connector gate also applies	source-derived synthetic shape/routing proof; does not prove live enablement, values, cadence, or cardinality	chart	vLLM/Decode / Generated Tokens [generation_throughput; tokens/s; incremental]	ray-project/ray @ 03491225d59a1ffde99c3628969ccf456be13efd; src/ray/stats/metric_exporter.cc plus vLLM registration path
ray_vllm_hf3fs_load_duration_seconds_bucket	ray_vllm_hf3fs_load_duration_seconds_bucket	ray_vllm_hf3fs_load_duration_seconds	histogram	Component,ReplicaId,SessionName,Version,WorkerId,engine,le,model_name	vLLM/HF3FS Connector	model_name,engine,ReplicaId,WorkerId	latency	Histogram of load duration for HF3FSKVConnector.	histogram bucket component; same observation population as the family bucket/quantile, count, and sum components	raw histogram -> incremental -> observations/s; counted/measured object: Histogram of load duration for HF3FSKVConnector.	identity=model_name,engine,ReplicaId,WorkerId; remaining=Component,SessionName,Version,le retained as source metadata or intentionally aggregated by this chart; label availability follows exporter configuration; no optional label is used as instance identity unless the chart route requires it	Ray node metrics export carrying vLLM metrics; underlying vLLM feature/connector gate also applies	source-derived synthetic shape/routing proof; does not prove live enablement, values, cadence, or cardinality	chart	vLLM/HF3FS Connector / HF3FS Load Duration [load_duration; observations/s; incremental]	ray-project/ray @ 03491225d59a1ffde99c3628969ccf456be13efd; src/ray/stats/metric_exporter.cc plus vLLM registration path
ray_vllm_hf3fs_load_duration_seconds_count	ray_vllm_hf3fs_load_duration_seconds_count	ray_vllm_hf3fs_load_duration_seconds	histogram	Component,ReplicaId,SessionName,Version,WorkerId,engine,le,model_name	vLLM/HF3FS Connector	model_name,engine,ReplicaId,WorkerId	latency	Histogram of load duration for HF3FSKVConnector.	histogram count component; same observation population as the family bucket/quantile, count, and sum components	raw histogram -> incremental -> operations/s; counted/measured object: Histogram of load duration for HF3FSKVConnector.	identity=model_name,engine,ReplicaId,WorkerId; remaining=Component,SessionName,Version,le retained as source metadata or intentionally aggregated by this chart; label availability follows exporter configuration; no optional label is used as instance identity unless the chart route requires it	Ray node metrics export carrying vLLM metrics; underlying vLLM feature/connector gate also applies	source-derived synthetic shape/routing proof; does not prove live enablement, values, cadence, or cardinality	chart	vLLM/HF3FS Connector / HF3FS Transfer Measurements [transfer_measurements; operations/s; incremental]	ray-project/ray @ 03491225d59a1ffde99c3628969ccf456be13efd; src/ray/stats/metric_exporter.cc plus vLLM registration path
ray_vllm_hf3fs_load_duration_seconds_sum	ray_vllm_hf3fs_load_duration_seconds_sum	ray_vllm_hf3fs_load_duration_seconds	histogram	Component,ReplicaId,SessionName,Version,WorkerId,engine,le,model_name	vLLM/HF3FS Connector	model_name,engine,ReplicaId,WorkerId	latency	Histogram of load duration for HF3FSKVConnector.	histogram sum component; same observation population as the family bucket/quantile, count, and sum components	raw histogram -> incremental -> in-flight; counted/measured object: Histogram of load duration for HF3FSKVConnector.	identity=model_name,engine,ReplicaId,WorkerId; remaining=Component,SessionName,Version,le retained as source metadata or intentionally aggregated by this chart; label availability follows exporter configuration; no optional label is used as instance identity unless the chart route requires it	Ray node metrics export carrying vLLM metrics; underlying vLLM feature/connector gate also applies	source-derived synthetic shape/routing proof; does not prove live enablement, values, cadence, or cardinality	chart	vLLM/HF3FS Connector / HF3FS Transfer Concurrency [transfer_concurrency; in-flight; incremental]	ray-project/ray @ 03491225d59a1ffde99c3628969ccf456be13efd; src/ray/stats/metric_exporter.cc plus vLLM registration path
ray_vllm_hf3fs_num_failed_load	ray_vllm_hf3fs_num_failed_load	ray_vllm_hf3fs_num_failed_load	gauge	Component,ReplicaId,SessionName,Version,WorkerId,engine,model_name	<excluded>	<none>	error/outcome	Deprecated Ray counter compatibility gauge: Number of failed HF3FS KV load.	Ray compatibility gauge alias of the canonical counter family; default unless RAY_EXPORT_COUNTER_AS_GAUGE=0	raw gauge; no rendered unit because job-excluded	source labels=Component,ReplicaId,SessionName,Version,WorkerId,engine,model_name; no chart identity/dimension role	Ray node metrics export; compatibility alias enabled by default and disabled with RAY_EXPORT_COUNTER_AS_GAUGE=0	source-derived synthetic shape/routing proof; exclusion reason is runtime-validated	job-excluded	recommended job exclusion; lost question documented in OPERATOR-MODEL.md	ray-project/ray @ 03491225d59a1ffde99c3628969ccf456be13efd; src/ray/stats/metric_exporter.cc plus vLLM registration path
ray_vllm_hf3fs_num_failed_load_total	ray_vllm_hf3fs_num_failed_load_total	ray_vllm_hf3fs_num_failed_load_total	counter	Component,ReplicaId,SessionName,Version,WorkerId,engine,model_name	vLLM/HF3FS Connector	model_name,engine,ReplicaId,WorkerId	error/outcome	Number of failed HF3FS KV load.	independent source family unless a source-defined relationship is stated in OPERATOR-MODEL.md	raw counter -> incremental -> failures/s; counted/measured object: Number of failed HF3FS KV load.	identity=model_name,engine,ReplicaId,WorkerId; remaining=Component,SessionName,Version retained as source metadata or intentionally aggregated by this chart; label availability follows exporter configuration; no optional label is used as instance identity unless the chart route requires it	Ray node metrics export carrying vLLM metrics; underlying vLLM feature/connector gate also applies	source-derived synthetic shape/routing proof; does not prove live enablement, values, cadence, or cardinality	chart	vLLM/HF3FS Connector / HF3FS Transfer Failures [failures; failures/s; incremental]	ray-project/ray @ 03491225d59a1ffde99c3628969ccf456be13efd; src/ray/stats/metric_exporter.cc plus vLLM registration path
ray_vllm_hf3fs_num_failed_save	ray_vllm_hf3fs_num_failed_save	ray_vllm_hf3fs_num_failed_save	gauge	Component,ReplicaId,SessionName,Version,WorkerId,engine,model_name	<excluded>	<none>	error/outcome	Deprecated Ray counter compatibility gauge: Number of failed HF3FS KV save.	Ray compatibility gauge alias of the canonical counter family; default unless RAY_EXPORT_COUNTER_AS_GAUGE=0	raw gauge; no rendered unit because job-excluded	source labels=Component,ReplicaId,SessionName,Version,WorkerId,engine,model_name; no chart identity/dimension role	Ray node metrics export; compatibility alias enabled by default and disabled with RAY_EXPORT_COUNTER_AS_GAUGE=0	source-derived synthetic shape/routing proof; exclusion reason is runtime-validated	job-excluded	recommended job exclusion; lost question documented in OPERATOR-MODEL.md	ray-project/ray @ 03491225d59a1ffde99c3628969ccf456be13efd; src/ray/stats/metric_exporter.cc plus vLLM registration path
ray_vllm_hf3fs_num_failed_save_total	ray_vllm_hf3fs_num_failed_save_total	ray_vllm_hf3fs_num_failed_save_total	counter	Component,ReplicaId,SessionName,Version,WorkerId,engine,model_name	vLLM/HF3FS Connector	model_name,engine,ReplicaId,WorkerId	error/outcome	Number of failed HF3FS KV save.	independent source family unless a source-defined relationship is stated in OPERATOR-MODEL.md	raw counter -> incremental -> failures/s; counted/measured object: Number of failed HF3FS KV save.	identity=model_name,engine,ReplicaId,WorkerId; remaining=Component,SessionName,Version retained as source metadata or intentionally aggregated by this chart; label availability follows exporter configuration; no optional label is used as instance identity unless the chart route requires it	Ray node metrics export carrying vLLM metrics; underlying vLLM feature/connector gate also applies	source-derived synthetic shape/routing proof; does not prove live enablement, values, cadence, or cardinality	chart	vLLM/HF3FS Connector / HF3FS Transfer Failures [failures; failures/s; incremental]	ray-project/ray @ 03491225d59a1ffde99c3628969ccf456be13efd; src/ray/stats/metric_exporter.cc plus vLLM registration path
ray_vllm_hf3fs_save_duration_seconds_bucket	ray_vllm_hf3fs_save_duration_seconds_bucket	ray_vllm_hf3fs_save_duration_seconds	histogram	Component,ReplicaId,SessionName,Version,WorkerId,engine,le,model_name	vLLM/HF3FS Connector	model_name,engine,ReplicaId,WorkerId	latency	Histogram of save duration for HF3FSKVConnector.	histogram bucket component; same observation population as the family bucket/quantile, count, and sum components	raw histogram -> incremental -> observations/s; counted/measured object: Histogram of save duration for HF3FSKVConnector.	identity=model_name,engine,ReplicaId,WorkerId; remaining=Component,SessionName,Version,le retained as source metadata or intentionally aggregated by this chart; label availability follows exporter configuration; no optional label is used as instance identity unless the chart route requires it	Ray node metrics export carrying vLLM metrics; underlying vLLM feature/connector gate also applies	source-derived synthetic shape/routing proof; does not prove live enablement, values, cadence, or cardinality	chart	vLLM/HF3FS Connector / HF3FS Save Duration [save_duration; observations/s; incremental]	ray-project/ray @ 03491225d59a1ffde99c3628969ccf456be13efd; src/ray/stats/metric_exporter.cc plus vLLM registration path
ray_vllm_hf3fs_save_duration_seconds_count	ray_vllm_hf3fs_save_duration_seconds_count	ray_vllm_hf3fs_save_duration_seconds	histogram	Component,ReplicaId,SessionName,Version,WorkerId,engine,le,model_name	vLLM/HF3FS Connector	model_name,engine,ReplicaId,WorkerId	latency	Histogram of save duration for HF3FSKVConnector.	histogram count component; same observation population as the family bucket/quantile, count, and sum components	raw histogram -> incremental -> operations/s; counted/measured object: Histogram of save duration for HF3FSKVConnector.	identity=model_name,engine,ReplicaId,WorkerId; remaining=Component,SessionName,Version,le retained as source metadata or intentionally aggregated by this chart; label availability follows exporter configuration; no optional label is used as instance identity unless the chart route requires it	Ray node metrics export carrying vLLM metrics; underlying vLLM feature/connector gate also applies	source-derived synthetic shape/routing proof; does not prove live enablement, values, cadence, or cardinality	chart	vLLM/HF3FS Connector / HF3FS Transfer Measurements [transfer_measurements; operations/s; incremental]	ray-project/ray @ 03491225d59a1ffde99c3628969ccf456be13efd; src/ray/stats/metric_exporter.cc plus vLLM registration path
ray_vllm_hf3fs_save_duration_seconds_sum	ray_vllm_hf3fs_save_duration_seconds_sum	ray_vllm_hf3fs_save_duration_seconds	histogram	Component,ReplicaId,SessionName,Version,WorkerId,engine,le,model_name	vLLM/HF3FS Connector	model_name,engine,ReplicaId,WorkerId	latency	Histogram of save duration for HF3FSKVConnector.	histogram sum component; same observation population as the family bucket/quantile, count, and sum components	raw histogram -> incremental -> in-flight; counted/measured object: Histogram of save duration for HF3FSKVConnector.	identity=model_name,engine,ReplicaId,WorkerId; remaining=Component,SessionName,Version,le retained as source metadata or intentionally aggregated by this chart; label availability follows exporter configuration; no optional label is used as instance identity unless the chart route requires it	Ray node metrics export carrying vLLM metrics; underlying vLLM feature/connector gate also applies	source-derived synthetic shape/routing proof; does not prove live enablement, values, cadence, or cardinality	chart	vLLM/HF3FS Connector / HF3FS Transfer Concurrency [transfer_concurrency; in-flight; incremental]	ray-project/ray @ 03491225d59a1ffde99c3628969ccf456be13efd; src/ray/stats/metric_exporter.cc plus vLLM registration path
ray_vllm_inter_token_latency_seconds_bucket	ray_vllm_inter_token_latency_seconds_bucket	ray_vllm_inter_token_latency_seconds	histogram	Component,ReplicaId,SessionName,Version,WorkerId,engine,le,model_name	vLLM/Decode	model_name,engine,ReplicaId,WorkerId	latency	Histogram of inter-token latency in seconds.	histogram bucket component; same observation population as the family bucket/quantile, count, and sum components	raw histogram -> incremental -> observations/s; counted/measured object: Histogram of inter-token latency in seconds.	identity=model_name,engine,ReplicaId,WorkerId; remaining=Component,SessionName,Version,le retained as source metadata or intentionally aggregated by this chart; label availability follows exporter configuration; no optional label is used as instance identity unless the chart route requires it	Ray node metrics export carrying vLLM metrics; underlying vLLM feature/connector gate also applies	source-derived synthetic shape/routing proof; does not prove live enablement, values, cadence, or cardinality	chart	vLLM/Decode / Inter-Token Latency [inter_token_latency; observations/s; incremental]	ray-project/ray @ 03491225d59a1ffde99c3628969ccf456be13efd; src/ray/stats/metric_exporter.cc plus vLLM registration path
ray_vllm_inter_token_latency_seconds_count	ray_vllm_inter_token_latency_seconds_count	ray_vllm_inter_token_latency_seconds	histogram	Component,ReplicaId,SessionName,Version,WorkerId,engine,le,model_name	vLLM/Decode	model_name,engine,ReplicaId,WorkerId	latency	Histogram of inter-token latency in seconds.	histogram count component; same observation population as the family bucket/quantile, count, and sum components	raw histogram -> incremental -> intervals/s; counted/measured object: Histogram of inter-token latency in seconds.	identity=model_name,engine,ReplicaId,WorkerId; remaining=Component,SessionName,Version,le retained as source metadata or intentionally aggregated by this chart; label availability follows exporter configuration; no optional label is used as instance identity unless the chart route requires it	Ray node metrics export carrying vLLM metrics; underlying vLLM feature/connector gate also applies	source-derived synthetic shape/routing proof; does not prove live enablement, values, cadence, or cardinality	chart	vLLM/Decode / Inter-Token Intervals [inter_token_intervals; intervals/s; incremental]	ray-project/ray @ 03491225d59a1ffde99c3628969ccf456be13efd; src/ray/stats/metric_exporter.cc plus vLLM registration path
ray_vllm_inter_token_latency_seconds_sum	ray_vllm_inter_token_latency_seconds_sum	ray_vllm_inter_token_latency_seconds	histogram	Component,ReplicaId,SessionName,Version,WorkerId,engine,le,model_name	vLLM/Decode	model_name,engine,ReplicaId,WorkerId	latency	Histogram of inter-token latency in seconds.	histogram sum component; same observation population as the family bucket/quantile, count, and sum components	raw histogram -> incremental -> seconds/s; counted/measured object: Histogram of inter-token latency in seconds.	identity=model_name,engine,ReplicaId,WorkerId; remaining=Component,SessionName,Version,le retained as source metadata or intentionally aggregated by this chart; label availability follows exporter configuration; no optional label is used as instance identity unless the chart route requires it	Ray node metrics export carrying vLLM metrics; underlying vLLM feature/connector gate also applies	source-derived synthetic shape/routing proof; does not prove live enablement, values, cadence, or cardinality	chart	vLLM/Decode / Inter-Token Interval Time [inter_token_interval_time; seconds/s; incremental]	ray-project/ray @ 03491225d59a1ffde99c3628969ccf456be13efd; src/ray/stats/metric_exporter.cc plus vLLM registration path
ray_vllm_iteration_tokens_total_bucket	ray_vllm_iteration_tokens_total_bucket	ray_vllm_iteration_tokens_total	histogram	Component,ReplicaId,SessionName,Version,WorkerId,engine,le,model_name	vLLM/Engine Execution	model_name,engine,ReplicaId,WorkerId	workload/outcome	Histogram of number of tokens per engine_step.	histogram bucket component; same observation population as the family bucket/quantile, count, and sum components	raw histogram -> incremental -> observations/s; counted/measured object: Histogram of number of tokens per engine_step.	identity=model_name,engine,ReplicaId,WorkerId; remaining=Component,SessionName,Version,le retained as source metadata or intentionally aggregated by this chart; label availability follows exporter configuration; no optional label is used as instance identity unless the chart route requires it	Ray node metrics export carrying vLLM metrics; underlying vLLM feature/connector gate also applies	source-derived synthetic shape/routing proof; does not prove live enablement, values, cadence, or cardinality	chart	vLLM/Engine Execution / Tokens per Engine Step [tokens_per_step; observations/s; incremental]	ray-project/ray @ 03491225d59a1ffde99c3628969ccf456be13efd; src/ray/stats/metric_exporter.cc plus vLLM registration path
ray_vllm_iteration_tokens_total_count	ray_vllm_iteration_tokens_total_count	ray_vllm_iteration_tokens_total	histogram	Component,ReplicaId,SessionName,Version,WorkerId,engine,le,model_name	vLLM/Engine Execution	model_name,engine,ReplicaId,WorkerId	workload/outcome	Histogram of number of tokens per engine_step.	histogram count component; same observation population as the family bucket/quantile, count, and sum components	raw histogram -> incremental -> steps/s; counted/measured object: Histogram of number of tokens per engine_step.	identity=model_name,engine,ReplicaId,WorkerId; remaining=Component,SessionName,Version,le retained as source metadata or intentionally aggregated by this chart; label availability follows exporter configuration; no optional label is used as instance identity unless the chart route requires it	Ray node metrics export carrying vLLM metrics; underlying vLLM feature/connector gate also applies	source-derived synthetic shape/routing proof; does not prove live enablement, values, cadence, or cardinality	chart	vLLM/Engine Execution / Engine Steps [engine_steps; steps/s; incremental]	ray-project/ray @ 03491225d59a1ffde99c3628969ccf456be13efd; src/ray/stats/metric_exporter.cc plus vLLM registration path
ray_vllm_iteration_tokens_total_sum	ray_vllm_iteration_tokens_total_sum	ray_vllm_iteration_tokens_total	histogram	Component,ReplicaId,SessionName,Version,WorkerId,engine,le,model_name	vLLM/Engine Execution	model_name,engine,ReplicaId,WorkerId	workload/outcome	Histogram of number of tokens per engine_step.	histogram sum component; same observation population as the family bucket/quantile, count, and sum components	raw histogram -> incremental -> tokens/s; counted/measured object: Histogram of number of tokens per engine_step.	identity=model_name,engine,ReplicaId,WorkerId; remaining=Component,SessionName,Version,le retained as source metadata or intentionally aggregated by this chart; label availability follows exporter configuration; no optional label is used as instance identity unless the chart route requires it	Ray node metrics export carrying vLLM metrics; underlying vLLM feature/connector gate also applies	source-derived synthetic shape/routing proof; does not prove live enablement, values, cadence, or cardinality	chart	vLLM/Engine Execution / Engine Step Token Volume [step_token_volume; tokens/s; incremental]	ray-project/ray @ 03491225d59a1ffde99c3628969ccf456be13efd; src/ray/stats/metric_exporter.cc plus vLLM registration path
ray_vllm_kv_block_idle_before_evict_seconds_bucket	ray_vllm_kv_block_idle_before_evict_seconds_bucket	ray_vllm_kv_block_idle_before_evict_seconds	histogram	Component,ReplicaId,SessionName,Version,WorkerId,engine,le,model_name	vLLM/KV Cache Residency	model_name,engine,ReplicaId,WorkerId	latency	Histogram of idle time before KV cache block eviction. Sampled metrics (controlled by --kv-cache-metrics-sample).	histogram bucket component; same observation population as the family bucket/quantile, count, and sum components	raw histogram -> incremental -> observations/s; counted/measured object: Histogram of idle time before KV cache block eviction. Sampled metrics (controlled by --kv-cache-metrics-sample).	identity=model_name,engine,ReplicaId,WorkerId; remaining=Component,SessionName,Version,le retained as source metadata or intentionally aggregated by this chart; label availability follows exporter configuration; no optional label is used as instance identity unless the chart route requires it	Ray node metrics export carrying vLLM metrics; underlying vLLM feature/connector gate also applies	source-derived synthetic shape/routing proof; does not prove live enablement, values, cadence, or cardinality	chart	vLLM/KV Cache Residency / KV Block Idle Time Before Eviction [idle_before_eviction; observations/s; incremental]	ray-project/ray @ 03491225d59a1ffde99c3628969ccf456be13efd; src/ray/stats/metric_exporter.cc plus vLLM registration path
ray_vllm_kv_block_idle_before_evict_seconds_count	ray_vllm_kv_block_idle_before_evict_seconds_count	ray_vllm_kv_block_idle_before_evict_seconds	histogram	Component,ReplicaId,SessionName,Version,WorkerId,engine,le,model_name	vLLM/KV Cache Residency	model_name,engine,ReplicaId,WorkerId	latency	Histogram of idle time before KV cache block eviction. Sampled metrics (controlled by --kv-cache-metrics-sample).	histogram count component; same observation population as the family bucket/quantile, count, and sum components	raw histogram -> incremental -> observations/s; counted/measured object: Histogram of idle time before KV cache block eviction. Sampled metrics (controlled by --kv-cache-metrics-sample).	identity=model_name,engine,ReplicaId,WorkerId; remaining=Component,SessionName,Version,le retained as source metadata or intentionally aggregated by this chart; label availability follows exporter configuration; no optional label is used as instance identity unless the chart route requires it	Ray node metrics export carrying vLLM metrics; underlying vLLM feature/connector gate also applies	source-derived synthetic shape/routing proof; does not prove live enablement, values, cadence, or cardinality	chart	vLLM/KV Cache Residency / KV Residency Measurements [measurements; observations/s; incremental]	ray-project/ray @ 03491225d59a1ffde99c3628969ccf456be13efd; src/ray/stats/metric_exporter.cc plus vLLM registration path
ray_vllm_kv_block_idle_before_evict_seconds_sum	ray_vllm_kv_block_idle_before_evict_seconds_sum	ray_vllm_kv_block_idle_before_evict_seconds	histogram	Component,ReplicaId,SessionName,Version,WorkerId,engine,le,model_name	vLLM/KV Cache Residency	model_name,engine,ReplicaId,WorkerId	latency	Histogram of idle time before KV cache block eviction. Sampled metrics (controlled by --kv-cache-metrics-sample).	histogram sum component; same observation population as the family bucket/quantile, count, and sum components	raw histogram -> incremental -> seconds/s; counted/measured object: Histogram of idle time before KV cache block eviction. Sampled metrics (controlled by --kv-cache-metrics-sample).	identity=model_name,engine,ReplicaId,WorkerId; remaining=Component,SessionName,Version,le retained as source metadata or intentionally aggregated by this chart; label availability follows exporter configuration; no optional label is used as instance identity unless the chart route requires it	Ray node metrics export carrying vLLM metrics; underlying vLLM feature/connector gate also applies	source-derived synthetic shape/routing proof; does not prove live enablement, values, cadence, or cardinality	chart	vLLM/KV Cache Residency / Accumulated KV Residency Time [accumulated_time; seconds/s; incremental]	ray-project/ray @ 03491225d59a1ffde99c3628969ccf456be13efd; src/ray/stats/metric_exporter.cc plus vLLM registration path
ray_vllm_kv_block_lifetime_seconds_bucket	ray_vllm_kv_block_lifetime_seconds_bucket	ray_vllm_kv_block_lifetime_seconds	histogram	Component,ReplicaId,SessionName,Version,WorkerId,engine,le,model_name	vLLM/KV Cache Residency	model_name,engine,ReplicaId,WorkerId	latency	Histogram of KV cache block lifetime from allocation to eviction. Sampled metrics (controlled by --kv-cache-metrics-sample).	histogram bucket component; same observation population as the family bucket/quantile, count, and sum components	raw histogram -> incremental -> observations/s; counted/measured object: Histogram of KV cache block lifetime from allocation to eviction. Sampled metrics (controlled by --kv-cache-metrics-sample).	identity=model_name,engine,ReplicaId,WorkerId; remaining=Component,SessionName,Version,le retained as source metadata or intentionally aggregated by this chart; label availability follows exporter configuration; no optional label is used as instance identity unless the chart route requires it	Ray node metrics export carrying vLLM metrics; underlying vLLM feature/connector gate also applies	source-derived synthetic shape/routing proof; does not prove live enablement, values, cadence, or cardinality	chart	vLLM/KV Cache Residency / KV Block Lifetime [block_lifetime; observations/s; incremental]	ray-project/ray @ 03491225d59a1ffde99c3628969ccf456be13efd; src/ray/stats/metric_exporter.cc plus vLLM registration path
ray_vllm_kv_block_lifetime_seconds_count	ray_vllm_kv_block_lifetime_seconds_count	ray_vllm_kv_block_lifetime_seconds	histogram	Component,ReplicaId,SessionName,Version,WorkerId,engine,le,model_name	vLLM/KV Cache Residency	model_name,engine,ReplicaId,WorkerId	latency	Histogram of KV cache block lifetime from allocation to eviction. Sampled metrics (controlled by --kv-cache-metrics-sample).	histogram count component; same observation population as the family bucket/quantile, count, and sum components	raw histogram -> incremental -> observations/s; counted/measured object: Histogram of KV cache block lifetime from allocation to eviction. Sampled metrics (controlled by --kv-cache-metrics-sample).	identity=model_name,engine,ReplicaId,WorkerId; remaining=Component,SessionName,Version,le retained as source metadata or intentionally aggregated by this chart; label availability follows exporter configuration; no optional label is used as instance identity unless the chart route requires it	Ray node metrics export carrying vLLM metrics; underlying vLLM feature/connector gate also applies	source-derived synthetic shape/routing proof; does not prove live enablement, values, cadence, or cardinality	chart	vLLM/KV Cache Residency / KV Residency Measurements [measurements; observations/s; incremental]	ray-project/ray @ 03491225d59a1ffde99c3628969ccf456be13efd; src/ray/stats/metric_exporter.cc plus vLLM registration path
ray_vllm_kv_block_lifetime_seconds_sum	ray_vllm_kv_block_lifetime_seconds_sum	ray_vllm_kv_block_lifetime_seconds	histogram	Component,ReplicaId,SessionName,Version,WorkerId,engine,le,model_name	vLLM/KV Cache Residency	model_name,engine,ReplicaId,WorkerId	latency	Histogram of KV cache block lifetime from allocation to eviction. Sampled metrics (controlled by --kv-cache-metrics-sample).	histogram sum component; same observation population as the family bucket/quantile, count, and sum components	raw histogram -> incremental -> seconds/s; counted/measured object: Histogram of KV cache block lifetime from allocation to eviction. Sampled metrics (controlled by --kv-cache-metrics-sample).	identity=model_name,engine,ReplicaId,WorkerId; remaining=Component,SessionName,Version,le retained as source metadata or intentionally aggregated by this chart; label availability follows exporter configuration; no optional label is used as instance identity unless the chart route requires it	Ray node metrics export carrying vLLM metrics; underlying vLLM feature/connector gate also applies	source-derived synthetic shape/routing proof; does not prove live enablement, values, cadence, or cardinality	chart	vLLM/KV Cache Residency / Accumulated KV Residency Time [accumulated_time; seconds/s; incremental]	ray-project/ray @ 03491225d59a1ffde99c3628969ccf456be13efd; src/ray/stats/metric_exporter.cc plus vLLM registration path
ray_vllm_kv_block_reuse_gap_seconds_bucket	ray_vllm_kv_block_reuse_gap_seconds_bucket	ray_vllm_kv_block_reuse_gap_seconds	histogram	Component,ReplicaId,SessionName,Version,WorkerId,engine,le,model_name	vLLM/KV Cache Residency	model_name,engine,ReplicaId,WorkerId	latency	Histogram of time gaps between consecutive KV cache block accesses. Only the most recent accesses are recorded (ring buffer). Sampled metrics (controlled by --kv-cache-metrics-sample).	histogram bucket component; same observation population as the family bucket/quantile, count, and sum components	raw histogram -> incremental -> observations/s; counted/measured object: Histogram of time gaps between consecutive KV cache block accesses. Only the most recent accesses are recorded (ring buffer). Sampled metrics (controlled by --kv-cache-metrics-sample).	identity=model_name,engine,ReplicaId,WorkerId; remaining=Component,SessionName,Version,le retained as source metadata or intentionally aggregated by this chart; label availability follows exporter configuration; no optional label is used as instance identity unless the chart route requires it	Ray node metrics export carrying vLLM metrics; underlying vLLM feature/connector gate also applies	source-derived synthetic shape/routing proof; does not prove live enablement, values, cadence, or cardinality	chart	vLLM/KV Cache Residency / KV Block Reuse Gap [reuse_gap; observations/s; incremental]	ray-project/ray @ 03491225d59a1ffde99c3628969ccf456be13efd; src/ray/stats/metric_exporter.cc plus vLLM registration path
ray_vllm_kv_block_reuse_gap_seconds_count	ray_vllm_kv_block_reuse_gap_seconds_count	ray_vllm_kv_block_reuse_gap_seconds	histogram	Component,ReplicaId,SessionName,Version,WorkerId,engine,le,model_name	vLLM/KV Cache Residency	model_name,engine,ReplicaId,WorkerId	latency	Histogram of time gaps between consecutive KV cache block accesses. Only the most recent accesses are recorded (ring buffer). Sampled metrics (controlled by --kv-cache-metrics-sample).	histogram count component; same observation population as the family bucket/quantile, count, and sum components	raw histogram -> incremental -> observations/s; counted/measured object: Histogram of time gaps between consecutive KV cache block accesses. Only the most recent accesses are recorded (ring buffer). Sampled metrics (controlled by --kv-cache-metrics-sample).	identity=model_name,engine,ReplicaId,WorkerId; remaining=Component,SessionName,Version,le retained as source metadata or intentionally aggregated by this chart; label availability follows exporter configuration; no optional label is used as instance identity unless the chart route requires it	Ray node metrics export carrying vLLM metrics; underlying vLLM feature/connector gate also applies	source-derived synthetic shape/routing proof; does not prove live enablement, values, cadence, or cardinality	chart	vLLM/KV Cache Residency / KV Residency Measurements [measurements; observations/s; incremental]	ray-project/ray @ 03491225d59a1ffde99c3628969ccf456be13efd; src/ray/stats/metric_exporter.cc plus vLLM registration path
ray_vllm_kv_block_reuse_gap_seconds_sum	ray_vllm_kv_block_reuse_gap_seconds_sum	ray_vllm_kv_block_reuse_gap_seconds	histogram	Component,ReplicaId,SessionName,Version,WorkerId,engine,le,model_name	vLLM/KV Cache Residency	model_name,engine,ReplicaId,WorkerId	latency	Histogram of time gaps between consecutive KV cache block accesses. Only the most recent accesses are recorded (ring buffer). Sampled metrics (controlled by --kv-cache-metrics-sample).	histogram sum component; same observation population as the family bucket/quantile, count, and sum components	raw histogram -> incremental -> seconds/s; counted/measured object: Histogram of time gaps between consecutive KV cache block accesses. Only the most recent accesses are recorded (ring buffer). Sampled metrics (controlled by --kv-cache-metrics-sample).	identity=model_name,engine,ReplicaId,WorkerId; remaining=Component,SessionName,Version,le retained as source metadata or intentionally aggregated by this chart; label availability follows exporter configuration; no optional label is used as instance identity unless the chart route requires it	Ray node metrics export carrying vLLM metrics; underlying vLLM feature/connector gate also applies	source-derived synthetic shape/routing proof; does not prove live enablement, values, cadence, or cardinality	chart	vLLM/KV Cache Residency / Accumulated KV Residency Time [accumulated_time; seconds/s; incremental]	ray-project/ray @ 03491225d59a1ffde99c3628969ccf456be13efd; src/ray/stats/metric_exporter.cc plus vLLM registration path
ray_vllm_kv_cache_usage_perc	ray_vllm_kv_cache_usage_perc	ray_vllm_kv_cache_usage_perc	gauge	Component,ReplicaId,SessionName,Version,WorkerId,engine,model_name	vLLM/KV Cache	model_name,engine,ReplicaId,WorkerId	utilization/resource	KV-cache usage. 1 means 100 percent usage.	independent source family unless a source-defined relationship is stated in OPERATOR-MODEL.md	raw gauge -> absolute -> percentage; counted/measured object: KV-cache usage. 1 means 100 percent usage.	identity=model_name,engine,ReplicaId,WorkerId; remaining=Component,SessionName,Version retained as source metadata or intentionally aggregated by this chart; label availability follows exporter configuration; no optional label is used as instance identity unless the chart route requires it	Ray node metrics export carrying vLLM metrics; underlying vLLM feature/connector gate also applies	source-derived synthetic shape/routing proof; does not prove live enablement, values, cadence, or cardinality	chart	vLLM/KV Cache / KV Cache Usage [usage; percentage; absolute]	ray-project/ray @ 03491225d59a1ffde99c3628969ccf456be13efd; src/ray/stats/metric_exporter.cc plus vLLM registration path
ray_vllm_kv_offload_allocation_failure	ray_vllm_kv_offload_allocation_failure	ray_vllm_kv_offload_allocation_failure	gauge	Component,ReplicaId,SessionName,Version,WorkerId,engine,model_name	<excluded>	<none>	error/outcome	Deprecated Ray counter compatibility gauge: Number of KV offload store allocation attempts that failed.	Ray compatibility gauge alias of the canonical counter family; default unless RAY_EXPORT_COUNTER_AS_GAUGE=0	raw gauge; no rendered unit because job-excluded	source labels=Component,ReplicaId,SessionName,Version,WorkerId,engine,model_name; no chart identity/dimension role	Ray node metrics export; compatibility alias enabled by default and disabled with RAY_EXPORT_COUNTER_AS_GAUGE=0	source-derived synthetic shape/routing proof; exclusion reason is runtime-validated	job-excluded	recommended job exclusion; lost question documented in OPERATOR-MODEL.md	ray-project/ray @ 03491225d59a1ffde99c3628969ccf456be13efd; src/ray/stats/metric_exporter.cc plus vLLM registration path
ray_vllm_kv_offload_allocation_failure_total	ray_vllm_kv_offload_allocation_failure_total	ray_vllm_kv_offload_allocation_failure_total	counter	Component,ReplicaId,SessionName,Version,WorkerId,engine,model_name	vLLM/KV Offloading	model_name,engine,ReplicaId,WorkerId	error/outcome	Number of KV offload store allocation attempts that failed.	independent source family unless a source-defined relationship is stated in OPERATOR-MODEL.md	raw counter -> incremental -> events/s; counted/measured object: Number of KV offload store allocation attempts that failed.	identity=model_name,engine,ReplicaId,WorkerId; remaining=Component,SessionName,Version retained as source metadata or intentionally aggregated by this chart; label availability follows exporter configuration; no optional label is used as instance identity unless the chart route requires it	Ray node metrics export carrying vLLM metrics; underlying vLLM feature/connector gate also applies	source-derived synthetic shape/routing proof; does not prove live enablement, values, cadence, or cardinality	chart	vLLM/KV Offloading / KV Offload Admission Outcomes [admission_outcomes; events/s; incremental]	ray-project/ray @ 03491225d59a1ffde99c3628969ccf456be13efd; src/ray/stats/metric_exporter.cc plus vLLM registration path
ray_vllm_kv_offload_cpu_allocation_size_bucket	ray_vllm_kv_offload_cpu_allocation_size_bucket	ray_vllm_kv_offload_cpu_allocation_size	histogram	Component,ReplicaId,SessionName,Version,WorkerId,engine,le,model_name	vLLM/KV Offloading	model_name,engine,ReplicaId,WorkerId	utilization/resource	Histogram of the number of CPU blocks requested by each KV offload prepare_store call.	histogram bucket component; same observation population as the family bucket/quantile, count, and sum components	raw histogram -> incremental -> observations/s; counted/measured object: Histogram of the number of CPU blocks requested by each KV offload prepare_store call.	identity=model_name,engine,ReplicaId,WorkerId; remaining=Component,SessionName,Version,le retained as source metadata or intentionally aggregated by this chart; label availability follows exporter configuration; no optional label is used as instance identity unless the chart route requires it	Ray node metrics export carrying vLLM metrics; underlying vLLM feature/connector gate also applies	source-derived synthetic shape/routing proof; does not prove live enablement, values, cadence, or cardinality	chart	vLLM/KV Offloading / CPU KV Allocation Size [cpu_allocation_size; observations/s; incremental]	ray-project/ray @ 03491225d59a1ffde99c3628969ccf456be13efd; src/ray/stats/metric_exporter.cc plus vLLM registration path
ray_vllm_kv_offload_cpu_allocation_size_count	ray_vllm_kv_offload_cpu_allocation_size_count	ray_vllm_kv_offload_cpu_allocation_size	histogram	Component,ReplicaId,SessionName,Version,WorkerId,engine,le,model_name	vLLM/KV Offloading	model_name,engine,ReplicaId,WorkerId	utilization/resource	Histogram of the number of CPU blocks requested by each KV offload prepare_store call.	histogram count component; same observation population as the family bucket/quantile, count, and sum components	raw histogram -> incremental -> allocations/s; counted/measured object: Histogram of the number of CPU blocks requested by each KV offload prepare_store call.	identity=model_name,engine,ReplicaId,WorkerId; remaining=Component,SessionName,Version,le retained as source metadata or intentionally aggregated by this chart; label availability follows exporter configuration; no optional label is used as instance identity unless the chart route requires it	Ray node metrics export carrying vLLM metrics; underlying vLLM feature/connector gate also applies	source-derived synthetic shape/routing proof; does not prove live enablement, values, cadence, or cardinality	chart	vLLM/KV Offloading / CPU KV Allocation Measurements [cpu_allocation_measurements; allocations/s; incremental]	ray-project/ray @ 03491225d59a1ffde99c3628969ccf456be13efd; src/ray/stats/metric_exporter.cc plus vLLM registration path
ray_vllm_kv_offload_cpu_allocation_size_sum	ray_vllm_kv_offload_cpu_allocation_size_sum	ray_vllm_kv_offload_cpu_allocation_size	histogram	Component,ReplicaId,SessionName,Version,WorkerId,engine,le,model_name	vLLM/KV Offloading	model_name,engine,ReplicaId,WorkerId	utilization/resource	Histogram of the number of CPU blocks requested by each KV offload prepare_store call.	histogram sum component; same observation population as the family bucket/quantile, count, and sum components	raw histogram -> incremental -> blocks/s; counted/measured object: Histogram of the number of CPU blocks requested by each KV offload prepare_store call.	identity=model_name,engine,ReplicaId,WorkerId; remaining=Component,SessionName,Version,le retained as source metadata or intentionally aggregated by this chart; label availability follows exporter configuration; no optional label is used as instance identity unless the chart route requires it	Ray node metrics export carrying vLLM metrics; underlying vLLM feature/connector gate also applies	source-derived synthetic shape/routing proof; does not prove live enablement, values, cadence, or cardinality	chart	vLLM/KV Offloading / CPU KV Allocation Volume [cpu_allocation_volume; blocks/s; incremental]	ray-project/ray @ 03491225d59a1ffde99c3628969ccf456be13efd; src/ray/stats/metric_exporter.cc plus vLLM registration path
ray_vllm_kv_offload_cpu_cache_read_usage_perc	ray_vllm_kv_offload_cpu_cache_read_usage_perc	ray_vllm_kv_offload_cpu_cache_read_usage_perc	gauge	Component,ReplicaId,SessionName,Version,WorkerId,engine,model_name	vLLM/KV Offloading	model_name,engine,ReplicaId,WorkerId	capacity/resource	Fraction of CPU KV-cache space currently pinned by in-flight loads that have not yet completed (0.0 = idle, 1.0 = saturated).	independent source family unless a source-defined relationship is stated in OPERATOR-MODEL.md	raw gauge -> absolute -> percentage; counted/measured object: Fraction of CPU KV-cache space currently pinned by in-flight loads that have not yet completed (0.0 = idle, 1.0 = saturated).	identity=model_name,engine,ReplicaId,WorkerId; remaining=Component,SessionName,Version retained as source metadata or intentionally aggregated by this chart; label availability follows exporter configuration; no optional label is used as instance identity unless the chart route requires it	Ray node metrics export carrying vLLM metrics; underlying vLLM feature/connector gate also applies	source-derived synthetic shape/routing proof; does not prove live enablement, values, cadence, or cardinality	chart	vLLM/KV Offloading / CPU KV Cache Usage [cpu_cache_usage; percentage; absolute]	ray-project/ray @ 03491225d59a1ffde99c3628969ccf456be13efd; src/ray/stats/metric_exporter.cc plus vLLM registration path
ray_vllm_kv_offload_cpu_cache_usage_perc	ray_vllm_kv_offload_cpu_cache_usage_perc	ray_vllm_kv_offload_cpu_cache_usage_perc	gauge	Component,ReplicaId,SessionName,Version,WorkerId,engine,model_name	vLLM/KV Offloading	model_name,engine,ReplicaId,WorkerId	capacity/resource	Fraction of CPU KV-cache space currently pinned by active transfers (0.0 = idle, 1.0 = saturated).	independent source family unless a source-defined relationship is stated in OPERATOR-MODEL.md	raw gauge -> absolute -> percentage; counted/measured object: Fraction of CPU KV-cache space currently pinned by active transfers (0.0 = idle, 1.0 = saturated).	identity=model_name,engine,ReplicaId,WorkerId; remaining=Component,SessionName,Version retained as source metadata or intentionally aggregated by this chart; label availability follows exporter configuration; no optional label is used as instance identity unless the chart route requires it	Ray node metrics export carrying vLLM metrics; underlying vLLM feature/connector gate also applies	source-derived synthetic shape/routing proof; does not prove live enablement, values, cadence, or cardinality	chart	vLLM/KV Offloading / CPU KV Cache Usage [cpu_cache_usage; percentage; absolute]	ray-project/ray @ 03491225d59a1ffde99c3628969ccf456be13efd; src/ray/stats/metric_exporter.cc plus vLLM registration path
ray_vllm_kv_offload_cpu_cache_write_usage_perc	ray_vllm_kv_offload_cpu_cache_write_usage_perc	ray_vllm_kv_offload_cpu_cache_write_usage_perc	gauge	Component,ReplicaId,SessionName,Version,WorkerId,engine,model_name	vLLM/KV Offloading	model_name,engine,ReplicaId,WorkerId	capacity/resource	Fraction of CPU KV-cache space currently pinned by in-flight stores that have not yet completed (0.0 = idle, 1.0 = saturated).	independent source family unless a source-defined relationship is stated in OPERATOR-MODEL.md	raw gauge -> absolute -> percentage; counted/measured object: Fraction of CPU KV-cache space currently pinned by in-flight stores that have not yet completed (0.0 = idle, 1.0 = saturated).	identity=model_name,engine,ReplicaId,WorkerId; remaining=Component,SessionName,Version retained as source metadata or intentionally aggregated by this chart; label availability follows exporter configuration; no optional label is used as instance identity unless the chart route requires it	Ray node metrics export carrying vLLM metrics; underlying vLLM feature/connector gate also applies	source-derived synthetic shape/routing proof; does not prove live enablement, values, cadence, or cardinality	chart	vLLM/KV Offloading / CPU KV Cache Usage [cpu_cache_usage; percentage; absolute]	ray-project/ray @ 03491225d59a1ffde99c3628969ccf456be13efd; src/ray/stats/metric_exporter.cc plus vLLM registration path
ray_vllm_kv_offload_load_bytes	ray_vllm_kv_offload_load_bytes	ray_vllm_kv_offload_load_bytes	gauge	Component,ReplicaId,SessionName,Version,WorkerId,engine,model_name	<excluded>	<none>	capacity/resource	Deprecated Ray counter compatibility gauge: Total bytes loaded from offload storage to GPU.	Ray compatibility gauge alias of the canonical counter family; default unless RAY_EXPORT_COUNTER_AS_GAUGE=0	raw gauge; no rendered unit because job-excluded	source labels=Component,ReplicaId,SessionName,Version,WorkerId,engine,model_name; no chart identity/dimension role	Ray node metrics export; compatibility alias enabled by default and disabled with RAY_EXPORT_COUNTER_AS_GAUGE=0	source-derived synthetic shape/routing proof; exclusion reason is runtime-validated	job-excluded	recommended job exclusion; lost question documented in OPERATOR-MODEL.md	ray-project/ray @ 03491225d59a1ffde99c3628969ccf456be13efd; src/ray/stats/metric_exporter.cc plus vLLM registration path
ray_vllm_kv_offload_load_bytes_total	ray_vllm_kv_offload_load_bytes_total	ray_vllm_kv_offload_load_bytes_total	counter	Component,ReplicaId,SessionName,Version,WorkerId,engine,model_name	vLLM/KV Offloading	model_name,engine,ReplicaId,WorkerId	capacity/resource	Total bytes loaded from offload storage to GPU.	independent source family unless a source-defined relationship is stated in OPERATOR-MODEL.md	raw counter -> incremental -> bytes/s; counted/measured object: Total bytes loaded from offload storage to GPU.	identity=model_name,engine,ReplicaId,WorkerId; remaining=Component,SessionName,Version retained as source metadata or intentionally aggregated by this chart; label availability follows exporter configuration; no optional label is used as instance identity unless the chart route requires it	Ray node metrics export carrying vLLM metrics; underlying vLLM feature/connector gate also applies	source-derived synthetic shape/routing proof; does not prove live enablement, values, cadence, or cardinality	chart	vLLM/KV Offloading / KV Offload Transfer Byte Accounting [transfer_bytes; bytes/s; incremental]	ray-project/ray @ 03491225d59a1ffde99c3628969ccf456be13efd; src/ray/stats/metric_exporter.cc plus vLLM registration path
ray_vllm_kv_offload_load_size_bucket	ray_vllm_kv_offload_load_size_bucket	ray_vllm_kv_offload_load_size	histogram	Component,ReplicaId,SessionName,Version,WorkerId,engine,le,model_name	vLLM/KV Offloading	model_name,engine,ReplicaId,WorkerId	workload/outcome	Histogram of KV offload load operation size, in bytes.	histogram bucket component; same observation population as the family bucket/quantile, count, and sum components	raw histogram -> incremental -> observations/s; counted/measured object: Histogram of KV offload load operation size, in bytes.	identity=model_name,engine,ReplicaId,WorkerId; remaining=Component,SessionName,Version,le retained as source metadata or intentionally aggregated by this chart; label availability follows exporter configuration; no optional label is used as instance identity unless the chart route requires it	Ray node metrics export carrying vLLM metrics; underlying vLLM feature/connector gate also applies	source-derived synthetic shape/routing proof; does not prove live enablement, values, cadence, or cardinality	chart	vLLM/KV Offloading / KV Offload Load Size [load_size; observations/s; incremental]	ray-project/ray @ 03491225d59a1ffde99c3628969ccf456be13efd; src/ray/stats/metric_exporter.cc plus vLLM registration path
ray_vllm_kv_offload_load_size_count	ray_vllm_kv_offload_load_size_count	ray_vllm_kv_offload_load_size	histogram	Component,ReplicaId,SessionName,Version,WorkerId,engine,le,model_name	vLLM/KV Offloading	model_name,engine,ReplicaId,WorkerId	workload/outcome	Histogram of KV offload load operation size, in bytes.	histogram count component; same observation population as the family bucket/quantile, count, and sum components	raw histogram -> incremental -> operations/s; counted/measured object: Histogram of KV offload load operation size, in bytes.	identity=model_name,engine,ReplicaId,WorkerId; remaining=Component,SessionName,Version,le retained as source metadata or intentionally aggregated by this chart; label availability follows exporter configuration; no optional label is used as instance identity unless the chart route requires it	Ray node metrics export carrying vLLM metrics; underlying vLLM feature/connector gate also applies	source-derived synthetic shape/routing proof; does not prove live enablement, values, cadence, or cardinality	chart	vLLM/KV Offloading / KV Offload Transfer Operations [transfer_operations; operations/s; incremental]	ray-project/ray @ 03491225d59a1ffde99c3628969ccf456be13efd; src/ray/stats/metric_exporter.cc plus vLLM registration path
ray_vllm_kv_offload_load_size_sum	ray_vllm_kv_offload_load_size_sum	ray_vllm_kv_offload_load_size	histogram	Component,ReplicaId,SessionName,Version,WorkerId,engine,le,model_name	vLLM/KV Offloading	model_name,engine,ReplicaId,WorkerId	workload/outcome	Histogram of KV offload load operation size, in bytes.	histogram sum component; same observation population as the family bucket/quantile, count, and sum components	raw histogram -> incremental -> bytes/s; counted/measured object: Histogram of KV offload load operation size, in bytes.	identity=model_name,engine,ReplicaId,WorkerId; remaining=Component,SessionName,Version,le retained as source metadata or intentionally aggregated by this chart; label availability follows exporter configuration; no optional label is used as instance identity unless the chart route requires it	Ray node metrics export carrying vLLM metrics; underlying vLLM feature/connector gate also applies	source-derived synthetic shape/routing proof; does not prove live enablement, values, cadence, or cardinality	chart	vLLM/KV Offloading / KV Offload Transfer Byte Accounting [transfer_bytes; bytes/s; incremental]	ray-project/ray @ 03491225d59a1ffde99c3628969ccf456be13efd; src/ray/stats/metric_exporter.cc plus vLLM registration path
ray_vllm_kv_offload_load_time	ray_vllm_kv_offload_load_time	ray_vllm_kv_offload_load_time	gauge	Component,ReplicaId,SessionName,Version,WorkerId,engine,model_name	<excluded>	<none>	latency	Deprecated Ray counter compatibility gauge: Total load time from offload storage to GPU, in seconds.	Ray compatibility gauge alias of the canonical counter family; default unless RAY_EXPORT_COUNTER_AS_GAUGE=0	raw gauge; no rendered unit because job-excluded	source labels=Component,ReplicaId,SessionName,Version,WorkerId,engine,model_name; no chart identity/dimension role	Ray node metrics export; compatibility alias enabled by default and disabled with RAY_EXPORT_COUNTER_AS_GAUGE=0	source-derived synthetic shape/routing proof; exclusion reason is runtime-validated	job-excluded	recommended job exclusion; lost question documented in OPERATOR-MODEL.md	ray-project/ray @ 03491225d59a1ffde99c3628969ccf456be13efd; src/ray/stats/metric_exporter.cc plus vLLM registration path
ray_vllm_kv_offload_load_time_total	ray_vllm_kv_offload_load_time_total	ray_vllm_kv_offload_load_time_total	counter	Component,ReplicaId,SessionName,Version,WorkerId,engine,model_name	vLLM/KV Offloading	model_name,engine,ReplicaId,WorkerId	latency	Total load time from offload storage to GPU, in seconds.	independent source family unless a source-defined relationship is stated in OPERATOR-MODEL.md	raw counter -> incremental -> in-flight; counted/measured object: Total load time from offload storage to GPU, in seconds.	identity=model_name,engine,ReplicaId,WorkerId; remaining=Component,SessionName,Version retained as source metadata or intentionally aggregated by this chart; label availability follows exporter configuration; no optional label is used as instance identity unless the chart route requires it	Ray node metrics export carrying vLLM metrics; underlying vLLM feature/connector gate also applies	source-derived synthetic shape/routing proof; does not prove live enablement, values, cadence, or cardinality	chart	vLLM/KV Offloading / KV Offload Transfer Concurrency [transfer_concurrency; in-flight; incremental]	ray-project/ray @ 03491225d59a1ffde99c3628969ccf456be13efd; src/ray/stats/metric_exporter.cc plus vLLM registration path
ray_vllm_kv_offload_lookup_async_delay_seconds_bucket	ray_vllm_kv_offload_lookup_async_delay_seconds_bucket	ray_vllm_kv_offload_lookup_async_delay_seconds	histogram	Component,ReplicaId,SessionName,Version,WorkerId,engine,le,model_name	vLLM/KV Offloading	model_name,engine,ReplicaId,WorkerId	latency	Histogram of time between a request's offload lookup first deferring and the following lookup resolving, or request finish, in seconds.	histogram bucket component; same observation population as the family bucket/quantile, count, and sum components	raw histogram -> incremental -> observations/s; counted/measured object: Histogram of time between a request's offload lookup first deferring and the following lookup resolving, or request finish, in seconds.	identity=model_name,engine,ReplicaId,WorkerId; remaining=Component,SessionName,Version,le retained as source metadata or intentionally aggregated by this chart; label availability follows exporter configuration; no optional label is used as instance identity unless the chart route requires it	Ray node metrics export carrying vLLM metrics; underlying vLLM feature/connector gate also applies	source-derived synthetic shape/routing proof; does not prove live enablement, values, cadence, or cardinality	chart	vLLM/KV Offloading / KV Offload Asynchronous Lookup Delay [lookup_async_delay; observations/s; incremental]	ray-project/ray @ 03491225d59a1ffde99c3628969ccf456be13efd; src/ray/stats/metric_exporter.cc plus vLLM registration path
ray_vllm_kv_offload_lookup_async_delay_seconds_count	ray_vllm_kv_offload_lookup_async_delay_seconds_count	ray_vllm_kv_offload_lookup_async_delay_seconds	histogram	Component,ReplicaId,SessionName,Version,WorkerId,engine,le,model_name	vLLM/KV Offloading	model_name,engine,ReplicaId,WorkerId	latency	Histogram of time between a request's offload lookup first deferring and the following lookup resolving, or request finish, in seconds.	histogram count component; same observation population as the family bucket/quantile, count, and sum components	raw histogram -> incremental -> lookups/s; counted/measured object: Histogram of time between a request's offload lookup first deferring and the following lookup resolving, or request finish, in seconds.	identity=model_name,engine,ReplicaId,WorkerId; remaining=Component,SessionName,Version,le retained as source metadata or intentionally aggregated by this chart; label availability follows exporter configuration; no optional label is used as instance identity unless the chart route requires it	Ray node metrics export carrying vLLM metrics; underlying vLLM feature/connector gate also applies	source-derived synthetic shape/routing proof; does not prove live enablement, values, cadence, or cardinality	chart	vLLM/KV Offloading / KV Offload Lookup Measurements [lookup_measurements; lookups/s; incremental]	ray-project/ray @ 03491225d59a1ffde99c3628969ccf456be13efd; src/ray/stats/metric_exporter.cc plus vLLM registration path
ray_vllm_kv_offload_lookup_async_delay_seconds_sum	ray_vllm_kv_offload_lookup_async_delay_seconds_sum	ray_vllm_kv_offload_lookup_async_delay_seconds	histogram	Component,ReplicaId,SessionName,Version,WorkerId,engine,le,model_name	vLLM/KV Offloading	model_name,engine,ReplicaId,WorkerId	latency	Histogram of time between a request's offload lookup first deferring and the following lookup resolving, or request finish, in seconds.	histogram sum component; same observation population as the family bucket/quantile, count, and sum components	raw histogram -> incremental -> seconds/s; counted/measured object: Histogram of time between a request's offload lookup first deferring and the following lookup resolving, or request finish, in seconds.	identity=model_name,engine,ReplicaId,WorkerId; remaining=Component,SessionName,Version,le retained as source metadata or intentionally aggregated by this chart; label availability follows exporter configuration; no optional label is used as instance identity unless the chart route requires it	Ray node metrics export carrying vLLM metrics; underlying vLLM feature/connector gate also applies	source-derived synthetic shape/routing proof; does not prove live enablement, values, cadence, or cardinality	chart	vLLM/KV Offloading / KV Offload Lookup Delay Accumulation [lookup_delay_accumulation; seconds/s; incremental]	ray-project/ray @ 03491225d59a1ffde99c3628969ccf456be13efd; src/ray/stats/metric_exporter.cc plus vLLM registration path
ray_vllm_kv_offload_lookup_sync_delay_seconds_bucket	ray_vllm_kv_offload_lookup_sync_delay_seconds_bucket	ray_vllm_kv_offload_lookup_sync_delay_seconds	histogram	Component,ReplicaId,SessionName,Version,WorkerId,engine,le,model_name	vLLM/KV Offloading	model_name,engine,ReplicaId,WorkerId	latency	Histogram of the time spent in a single offload lookup call, in seconds.	histogram bucket component; same observation population as the family bucket/quantile, count, and sum components	raw histogram -> incremental -> observations/s; counted/measured object: Histogram of the time spent in a single offload lookup call, in seconds.	identity=model_name,engine,ReplicaId,WorkerId; remaining=Component,SessionName,Version,le retained as source metadata or intentionally aggregated by this chart; label availability follows exporter configuration; no optional label is used as instance identity unless the chart route requires it	Ray node metrics export carrying vLLM metrics; underlying vLLM feature/connector gate also applies	source-derived synthetic shape/routing proof; does not prove live enablement, values, cadence, or cardinality	chart	vLLM/KV Offloading / KV Offload Synchronous Lookup Delay [lookup_sync_delay; observations/s; incremental]	ray-project/ray @ 03491225d59a1ffde99c3628969ccf456be13efd; src/ray/stats/metric_exporter.cc plus vLLM registration path
ray_vllm_kv_offload_lookup_sync_delay_seconds_count	ray_vllm_kv_offload_lookup_sync_delay_seconds_count	ray_vllm_kv_offload_lookup_sync_delay_seconds	histogram	Component,ReplicaId,SessionName,Version,WorkerId,engine,le,model_name	vLLM/KV Offloading	model_name,engine,ReplicaId,WorkerId	latency	Histogram of the time spent in a single offload lookup call, in seconds.	histogram count component; same observation population as the family bucket/quantile, count, and sum components	raw histogram -> incremental -> lookups/s; counted/measured object: Histogram of the time spent in a single offload lookup call, in seconds.	identity=model_name,engine,ReplicaId,WorkerId; remaining=Component,SessionName,Version,le retained as source metadata or intentionally aggregated by this chart; label availability follows exporter configuration; no optional label is used as instance identity unless the chart route requires it	Ray node metrics export carrying vLLM metrics; underlying vLLM feature/connector gate also applies	source-derived synthetic shape/routing proof; does not prove live enablement, values, cadence, or cardinality	chart	vLLM/KV Offloading / KV Offload Lookup Measurements [lookup_measurements; lookups/s; incremental]	ray-project/ray @ 03491225d59a1ffde99c3628969ccf456be13efd; src/ray/stats/metric_exporter.cc plus vLLM registration path
ray_vllm_kv_offload_lookup_sync_delay_seconds_sum	ray_vllm_kv_offload_lookup_sync_delay_seconds_sum	ray_vllm_kv_offload_lookup_sync_delay_seconds	histogram	Component,ReplicaId,SessionName,Version,WorkerId,engine,le,model_name	vLLM/KV Offloading	model_name,engine,ReplicaId,WorkerId	latency	Histogram of the time spent in a single offload lookup call, in seconds.	histogram sum component; same observation population as the family bucket/quantile, count, and sum components	raw histogram -> incremental -> seconds/s; counted/measured object: Histogram of the time spent in a single offload lookup call, in seconds.	identity=model_name,engine,ReplicaId,WorkerId; remaining=Component,SessionName,Version,le retained as source metadata or intentionally aggregated by this chart; label availability follows exporter configuration; no optional label is used as instance identity unless the chart route requires it	Ray node metrics export carrying vLLM metrics; underlying vLLM feature/connector gate also applies	source-derived synthetic shape/routing proof; does not prove live enablement, values, cadence, or cardinality	chart	vLLM/KV Offloading / KV Offload Lookup Delay Accumulation [lookup_delay_accumulation; seconds/s; incremental]	ray-project/ray @ 03491225d59a1ffde99c3628969ccf456be13efd; src/ray/stats/metric_exporter.cc plus vLLM registration path
ray_vllm_kv_offload_size	ray_vllm_kv_offload_size_bucket,ray_vllm_kv_offload_size_count,ray_vllm_kv_offload_size_sum	ray_vllm_kv_offload_size	histogram	Component,ReplicaId,SessionName,Version,WorkerId,engine,le,model_name,transfer_type	<excluded>	<none>	workload/outcome	Histogram of KV offload transfer size, in bytes.	histogram quantile component; same observation population as the family bucket/quantile, count, and sum components	raw histogram; no rendered unit because job-excluded	source labels=Component,ReplicaId,SessionName,Version,WorkerId,engine,le,model_name,transfer_type; no chart identity/dimension role	Ray node metrics export carrying vLLM metrics; underlying vLLM feature/connector gate also applies	source-derived synthetic shape/routing proof; exclusion reason is runtime-validated	job-excluded	recommended job exclusion; lost question documented in OPERATOR-MODEL.md	ray-project/ray @ 03491225d59a1ffde99c3628969ccf456be13efd; src/ray/stats/metric_exporter.cc plus vLLM registration path
ray_vllm_kv_offload_store_bytes	ray_vllm_kv_offload_store_bytes	ray_vllm_kv_offload_store_bytes	gauge	Component,ReplicaId,SessionName,Version,WorkerId,engine,model_name	<excluded>	<none>	capacity/resource	Deprecated Ray counter compatibility gauge: Total bytes stored from GPU to offload storage.	Ray compatibility gauge alias of the canonical counter family; default unless RAY_EXPORT_COUNTER_AS_GAUGE=0	raw gauge; no rendered unit because job-excluded	source labels=Component,ReplicaId,SessionName,Version,WorkerId,engine,model_name; no chart identity/dimension role	Ray node metrics export; compatibility alias enabled by default and disabled with RAY_EXPORT_COUNTER_AS_GAUGE=0	source-derived synthetic shape/routing proof; exclusion reason is runtime-validated	job-excluded	recommended job exclusion; lost question documented in OPERATOR-MODEL.md	ray-project/ray @ 03491225d59a1ffde99c3628969ccf456be13efd; src/ray/stats/metric_exporter.cc plus vLLM registration path
ray_vllm_kv_offload_store_bytes_total	ray_vllm_kv_offload_store_bytes_total	ray_vllm_kv_offload_store_bytes_total	counter	Component,ReplicaId,SessionName,Version,WorkerId,engine,model_name	vLLM/KV Offloading	model_name,engine,ReplicaId,WorkerId	capacity/resource	Total bytes stored from GPU to offload storage.	independent source family unless a source-defined relationship is stated in OPERATOR-MODEL.md	raw counter -> incremental -> bytes/s; counted/measured object: Total bytes stored from GPU to offload storage.	identity=model_name,engine,ReplicaId,WorkerId; remaining=Component,SessionName,Version retained as source metadata or intentionally aggregated by this chart; label availability follows exporter configuration; no optional label is used as instance identity unless the chart route requires it	Ray node metrics export carrying vLLM metrics; underlying vLLM feature/connector gate also applies	source-derived synthetic shape/routing proof; does not prove live enablement, values, cadence, or cardinality	chart	vLLM/KV Offloading / KV Offload Transfer Byte Accounting [transfer_bytes; bytes/s; incremental]	ray-project/ray @ 03491225d59a1ffde99c3628969ccf456be13efd; src/ray/stats/metric_exporter.cc plus vLLM registration path
ray_vllm_kv_offload_store_size_bucket	ray_vllm_kv_offload_store_size_bucket	ray_vllm_kv_offload_store_size	histogram	Component,ReplicaId,SessionName,Version,WorkerId,engine,le,model_name	vLLM/KV Offloading	model_name,engine,ReplicaId,WorkerId	workload/outcome	Histogram of KV offload store operation size, in bytes.	histogram bucket component; same observation population as the family bucket/quantile, count, and sum components	raw histogram -> incremental -> observations/s; counted/measured object: Histogram of KV offload store operation size, in bytes.	identity=model_name,engine,ReplicaId,WorkerId; remaining=Component,SessionName,Version,le retained as source metadata or intentionally aggregated by this chart; label availability follows exporter configuration; no optional label is used as instance identity unless the chart route requires it	Ray node metrics export carrying vLLM metrics; underlying vLLM feature/connector gate also applies	source-derived synthetic shape/routing proof; does not prove live enablement, values, cadence, or cardinality	chart	vLLM/KV Offloading / KV Offload Store Size [store_size; observations/s; incremental]	ray-project/ray @ 03491225d59a1ffde99c3628969ccf456be13efd; src/ray/stats/metric_exporter.cc plus vLLM registration path
ray_vllm_kv_offload_store_size_count	ray_vllm_kv_offload_store_size_count	ray_vllm_kv_offload_store_size	histogram	Component,ReplicaId,SessionName,Version,WorkerId,engine,le,model_name	vLLM/KV Offloading	model_name,engine,ReplicaId,WorkerId	workload/outcome	Histogram of KV offload store operation size, in bytes.	histogram count component; same observation population as the family bucket/quantile, count, and sum components	raw histogram -> incremental -> operations/s; counted/measured object: Histogram of KV offload store operation size, in bytes.	identity=model_name,engine,ReplicaId,WorkerId; remaining=Component,SessionName,Version,le retained as source metadata or intentionally aggregated by this chart; label availability follows exporter configuration; no optional label is used as instance identity unless the chart route requires it	Ray node metrics export carrying vLLM metrics; underlying vLLM feature/connector gate also applies	source-derived synthetic shape/routing proof; does not prove live enablement, values, cadence, or cardinality	chart	vLLM/KV Offloading / KV Offload Transfer Operations [transfer_operations; operations/s; incremental]	ray-project/ray @ 03491225d59a1ffde99c3628969ccf456be13efd; src/ray/stats/metric_exporter.cc plus vLLM registration path
ray_vllm_kv_offload_store_size_sum	ray_vllm_kv_offload_store_size_sum	ray_vllm_kv_offload_store_size	histogram	Component,ReplicaId,SessionName,Version,WorkerId,engine,le,model_name	vLLM/KV Offloading	model_name,engine,ReplicaId,WorkerId	workload/outcome	Histogram of KV offload store operation size, in bytes.	histogram sum component; same observation population as the family bucket/quantile, count, and sum components	raw histogram -> incremental -> bytes/s; counted/measured object: Histogram of KV offload store operation size, in bytes.	identity=model_name,engine,ReplicaId,WorkerId; remaining=Component,SessionName,Version,le retained as source metadata or intentionally aggregated by this chart; label availability follows exporter configuration; no optional label is used as instance identity unless the chart route requires it	Ray node metrics export carrying vLLM metrics; underlying vLLM feature/connector gate also applies	source-derived synthetic shape/routing proof; does not prove live enablement, values, cadence, or cardinality	chart	vLLM/KV Offloading / KV Offload Transfer Byte Accounting [transfer_bytes; bytes/s; incremental]	ray-project/ray @ 03491225d59a1ffde99c3628969ccf456be13efd; src/ray/stats/metric_exporter.cc plus vLLM registration path
ray_vllm_kv_offload_store_time	ray_vllm_kv_offload_store_time	ray_vllm_kv_offload_store_time	gauge	Component,ReplicaId,SessionName,Version,WorkerId,engine,model_name	<excluded>	<none>	latency	Deprecated Ray counter compatibility gauge: Total store time from GPU to offload storage, in seconds.	Ray compatibility gauge alias of the canonical counter family; default unless RAY_EXPORT_COUNTER_AS_GAUGE=0	raw gauge; no rendered unit because job-excluded	source labels=Component,ReplicaId,SessionName,Version,WorkerId,engine,model_name; no chart identity/dimension role	Ray node metrics export; compatibility alias enabled by default and disabled with RAY_EXPORT_COUNTER_AS_GAUGE=0	source-derived synthetic shape/routing proof; exclusion reason is runtime-validated	job-excluded	recommended job exclusion; lost question documented in OPERATOR-MODEL.md	ray-project/ray @ 03491225d59a1ffde99c3628969ccf456be13efd; src/ray/stats/metric_exporter.cc plus vLLM registration path
ray_vllm_kv_offload_store_time_total	ray_vllm_kv_offload_store_time_total	ray_vllm_kv_offload_store_time_total	counter	Component,ReplicaId,SessionName,Version,WorkerId,engine,model_name	vLLM/KV Offloading	model_name,engine,ReplicaId,WorkerId	latency	Total store time from GPU to offload storage, in seconds.	independent source family unless a source-defined relationship is stated in OPERATOR-MODEL.md	raw counter -> incremental -> in-flight; counted/measured object: Total store time from GPU to offload storage, in seconds.	identity=model_name,engine,ReplicaId,WorkerId; remaining=Component,SessionName,Version retained as source metadata or intentionally aggregated by this chart; label availability follows exporter configuration; no optional label is used as instance identity unless the chart route requires it	Ray node metrics export carrying vLLM metrics; underlying vLLM feature/connector gate also applies	source-derived synthetic shape/routing proof; does not prove live enablement, values, cadence, or cardinality	chart	vLLM/KV Offloading / KV Offload Transfer Concurrency [transfer_concurrency; in-flight; incremental]	ray-project/ray @ 03491225d59a1ffde99c3628969ccf456be13efd; src/ray/stats/metric_exporter.cc plus vLLM registration path
ray_vllm_kv_offload_stores_skipped	ray_vllm_kv_offload_stores_skipped	ray_vllm_kv_offload_stores_skipped	gauge	Component,ReplicaId,SessionName,Version,WorkerId,engine,model_name	<excluded>	<none>	domain signal	Deprecated Ray counter compatibility gauge: Number of KV offload stores skipped because the reuse threshold was not reached.	Ray compatibility gauge alias of the canonical counter family; default unless RAY_EXPORT_COUNTER_AS_GAUGE=0	raw gauge; no rendered unit because job-excluded	source labels=Component,ReplicaId,SessionName,Version,WorkerId,engine,model_name; no chart identity/dimension role	Ray node metrics export; compatibility alias enabled by default and disabled with RAY_EXPORT_COUNTER_AS_GAUGE=0	source-derived synthetic shape/routing proof; exclusion reason is runtime-validated	job-excluded	recommended job exclusion; lost question documented in OPERATOR-MODEL.md	ray-project/ray @ 03491225d59a1ffde99c3628969ccf456be13efd; src/ray/stats/metric_exporter.cc plus vLLM registration path
ray_vllm_kv_offload_stores_skipped_total	ray_vllm_kv_offload_stores_skipped_total	ray_vllm_kv_offload_stores_skipped_total	counter	Component,ReplicaId,SessionName,Version,WorkerId,engine,model_name	vLLM/KV Offloading	model_name,engine,ReplicaId,WorkerId	error/outcome	Number of KV offload stores skipped because the reuse threshold was not reached.	independent source family unless a source-defined relationship is stated in OPERATOR-MODEL.md	raw counter -> incremental -> events/s; counted/measured object: Number of KV offload stores skipped because the reuse threshold was not reached.	identity=model_name,engine,ReplicaId,WorkerId; remaining=Component,SessionName,Version retained as source metadata or intentionally aggregated by this chart; label availability follows exporter configuration; no optional label is used as instance identity unless the chart route requires it	Ray node metrics export carrying vLLM metrics; underlying vLLM feature/connector gate also applies	source-derived synthetic shape/routing proof; does not prove live enablement, values, cadence, or cardinality	chart	vLLM/KV Offloading / KV Offload Admission Outcomes [admission_outcomes; events/s; incremental]	ray-project/ray @ 03491225d59a1ffde99c3628969ccf456be13efd; src/ray/stats/metric_exporter.cc plus vLLM registration path
ray_vllm_kv_offload_tiering_lookup_async_delay_seconds_bucket	ray_vllm_kv_offload_tiering_lookup_async_delay_seconds_bucket	ray_vllm_kv_offload_tiering_lookup_async_delay_seconds	histogram	Component,ReplicaId,SessionName,Version,WorkerId,engine,le,model_name	vLLM/KV Offloading	model_name,engine,ReplicaId,WorkerId	latency	Histogram of wall-clock time from a request's first deferred secondary-tier lookup until the request is allocated or finishes, in seconds.	histogram bucket component; same observation population as the family bucket/quantile, count, and sum components	raw histogram -> incremental -> observations/s; counted/measured object: Histogram of wall-clock time from a request's first deferred secondary-tier lookup until the request is allocated or finishes, in seconds.	identity=model_name,engine,ReplicaId,WorkerId; remaining=Component,SessionName,Version,le retained as source metadata or intentionally aggregated by this chart; label availability follows exporter configuration; no optional label is used as instance identity unless the chart route requires it	Ray node metrics export carrying vLLM metrics; underlying vLLM feature/connector gate also applies	source-derived synthetic shape/routing proof; does not prove live enablement, values, cadence, or cardinality	chart	vLLM/KV Offloading / Tiered KV Offload Asynchronous Lookup Delay [tiering_lookup_async_delay; observations/s; incremental]	ray-project/ray @ 03491225d59a1ffde99c3628969ccf456be13efd; src/ray/stats/metric_exporter.cc plus vLLM registration path
ray_vllm_kv_offload_tiering_lookup_async_delay_seconds_count	ray_vllm_kv_offload_tiering_lookup_async_delay_seconds_count	ray_vllm_kv_offload_tiering_lookup_async_delay_seconds	histogram	Component,ReplicaId,SessionName,Version,WorkerId,engine,le,model_name	vLLM/KV Offloading	model_name,engine,ReplicaId,WorkerId	latency	Histogram of wall-clock time from a request's first deferred secondary-tier lookup until the request is allocated or finishes, in seconds.	histogram count component; same observation population as the family bucket/quantile, count, and sum components	raw histogram -> incremental -> lookups/s; counted/measured object: Histogram of wall-clock time from a request's first deferred secondary-tier lookup until the request is allocated or finishes, in seconds.	identity=model_name,engine,ReplicaId,WorkerId; remaining=Component,SessionName,Version,le retained as source metadata or intentionally aggregated by this chart; label availability follows exporter configuration; no optional label is used as instance identity unless the chart route requires it	Ray node metrics export carrying vLLM metrics; underlying vLLM feature/connector gate also applies	source-derived synthetic shape/routing proof; does not prove live enablement, values, cadence, or cardinality	chart	vLLM/KV Offloading / Tiered KV Offload Lookup Measurements [tiering_lookup_measurements; lookups/s; incremental]	ray-project/ray @ 03491225d59a1ffde99c3628969ccf456be13efd; src/ray/stats/metric_exporter.cc plus vLLM registration path
ray_vllm_kv_offload_tiering_lookup_async_delay_seconds_sum	ray_vllm_kv_offload_tiering_lookup_async_delay_seconds_sum	ray_vllm_kv_offload_tiering_lookup_async_delay_seconds	histogram	Component,ReplicaId,SessionName,Version,WorkerId,engine,le,model_name	vLLM/KV Offloading	model_name,engine,ReplicaId,WorkerId	latency	Histogram of wall-clock time from a request's first deferred secondary-tier lookup until the request is allocated or finishes, in seconds.	histogram sum component; same observation population as the family bucket/quantile, count, and sum components	raw histogram -> incremental -> seconds/s; counted/measured object: Histogram of wall-clock time from a request's first deferred secondary-tier lookup until the request is allocated or finishes, in seconds.	identity=model_name,engine,ReplicaId,WorkerId; remaining=Component,SessionName,Version,le retained as source metadata or intentionally aggregated by this chart; label availability follows exporter configuration; no optional label is used as instance identity unless the chart route requires it	Ray node metrics export carrying vLLM metrics; underlying vLLM feature/connector gate also applies	source-derived synthetic shape/routing proof; does not prove live enablement, values, cadence, or cardinality	chart	vLLM/KV Offloading / Tiered KV Offload Lookup Delay Accumulation [tiering_lookup_delay_accumulation; seconds/s; incremental]	ray-project/ray @ 03491225d59a1ffde99c3628969ccf456be13efd; src/ray/stats/metric_exporter.cc plus vLLM registration path
ray_vllm_kv_offload_tiering_lookup_sync_delay_seconds_bucket	ray_vllm_kv_offload_tiering_lookup_sync_delay_seconds_bucket	ray_vllm_kv_offload_tiering_lookup_sync_delay_seconds	histogram	Component,ReplicaId,SessionName,Version,WorkerId,engine,le,model_name	vLLM/KV Offloading	model_name,engine,ReplicaId,WorkerId	latency	Histogram of total blocking time spent querying secondary tiers for a request, accumulated from first lookup until the request is allocated or finishes, in seconds.	histogram bucket component; same observation population as the family bucket/quantile, count, and sum components	raw histogram -> incremental -> observations/s; counted/measured object: Histogram of total blocking time spent querying secondary tiers for a request, accumulated from first lookup until the request is allocated or finishes, in seconds.	identity=model_name,engine,ReplicaId,WorkerId; remaining=Component,SessionName,Version,le retained as source metadata or intentionally aggregated by this chart; label availability follows exporter configuration; no optional label is used as instance identity unless the chart route requires it	Ray node metrics export carrying vLLM metrics; underlying vLLM feature/connector gate also applies	source-derived synthetic shape/routing proof; does not prove live enablement, values, cadence, or cardinality	chart	vLLM/KV Offloading / Tiered KV Offload Synchronous Lookup Delay [tiering_lookup_sync_delay; observations/s; incremental]	ray-project/ray @ 03491225d59a1ffde99c3628969ccf456be13efd; src/ray/stats/metric_exporter.cc plus vLLM registration path
ray_vllm_kv_offload_tiering_lookup_sync_delay_seconds_count	ray_vllm_kv_offload_tiering_lookup_sync_delay_seconds_count	ray_vllm_kv_offload_tiering_lookup_sync_delay_seconds	histogram	Component,ReplicaId,SessionName,Version,WorkerId,engine,le,model_name	vLLM/KV Offloading	model_name,engine,ReplicaId,WorkerId	latency	Histogram of total blocking time spent querying secondary tiers for a request, accumulated from first lookup until the request is allocated or finishes, in seconds.	histogram count component; same observation population as the family bucket/quantile, count, and sum components	raw histogram -> incremental -> lookups/s; counted/measured object: Histogram of total blocking time spent querying secondary tiers for a request, accumulated from first lookup until the request is allocated or finishes, in seconds.	identity=model_name,engine,ReplicaId,WorkerId; remaining=Component,SessionName,Version,le retained as source metadata or intentionally aggregated by this chart; label availability follows exporter configuration; no optional label is used as instance identity unless the chart route requires it	Ray node metrics export carrying vLLM metrics; underlying vLLM feature/connector gate also applies	source-derived synthetic shape/routing proof; does not prove live enablement, values, cadence, or cardinality	chart	vLLM/KV Offloading / Tiered KV Offload Lookup Measurements [tiering_lookup_measurements; lookups/s; incremental]	ray-project/ray @ 03491225d59a1ffde99c3628969ccf456be13efd; src/ray/stats/metric_exporter.cc plus vLLM registration path
ray_vllm_kv_offload_tiering_lookup_sync_delay_seconds_sum	ray_vllm_kv_offload_tiering_lookup_sync_delay_seconds_sum	ray_vllm_kv_offload_tiering_lookup_sync_delay_seconds	histogram	Component,ReplicaId,SessionName,Version,WorkerId,engine,le,model_name	vLLM/KV Offloading	model_name,engine,ReplicaId,WorkerId	latency	Histogram of total blocking time spent querying secondary tiers for a request, accumulated from first lookup until the request is allocated or finishes, in seconds.	histogram sum component; same observation population as the family bucket/quantile, count, and sum components	raw histogram -> incremental -> seconds/s; counted/measured object: Histogram of total blocking time spent querying secondary tiers for a request, accumulated from first lookup until the request is allocated or finishes, in seconds.	identity=model_name,engine,ReplicaId,WorkerId; remaining=Component,SessionName,Version,le retained as source metadata or intentionally aggregated by this chart; label availability follows exporter configuration; no optional label is used as instance identity unless the chart route requires it	Ray node metrics export carrying vLLM metrics; underlying vLLM feature/connector gate also applies	source-derived synthetic shape/routing proof; does not prove live enablement, values, cadence, or cardinality	chart	vLLM/KV Offloading / Tiered KV Offload Lookup Delay Accumulation [tiering_lookup_delay_accumulation; seconds/s; incremental]	ray-project/ray @ 03491225d59a1ffde99c3628969ccf456be13efd; src/ray/stats/metric_exporter.cc plus vLLM registration path
ray_vllm_kv_offload_total_bytes	ray_vllm_kv_offload_total_bytes	ray_vllm_kv_offload_total_bytes	gauge	Component,ReplicaId,SessionName,Version,WorkerId,engine,model_name,transfer_type	<excluded>	<none>	workload/outcome	Deprecated Ray counter compatibility gauge: Number of bytes offloaded by KV connector	deprecated compatibility alias of the canonical KV-offload load/store family	raw gauge; no rendered unit because job-excluded	source labels=Component,ReplicaId,SessionName,Version,WorkerId,engine,model_name,transfer_type; no chart identity/dimension role	Ray node metrics export; compatibility alias enabled by default and disabled with RAY_EXPORT_COUNTER_AS_GAUGE=0	source-derived synthetic shape/routing proof; exclusion reason is runtime-validated	job-excluded	recommended job exclusion; lost question documented in OPERATOR-MODEL.md	ray-project/ray @ 03491225d59a1ffde99c3628969ccf456be13efd; src/ray/stats/metric_exporter.cc plus vLLM registration path
ray_vllm_kv_offload_total_bytes_total	ray_vllm_kv_offload_total_bytes_total	ray_vllm_kv_offload_total_bytes_total	counter	Component,ReplicaId,SessionName,Version,WorkerId,engine,model_name,transfer_type	<excluded>	<none>	workload/outcome	Number of bytes offloaded by KV connector	deprecated compatibility alias of the canonical KV-offload load/store family	raw counter; no rendered unit because job-excluded	source labels=Component,ReplicaId,SessionName,Version,WorkerId,engine,model_name,transfer_type; no chart identity/dimension role	Ray node metrics export carrying vLLM metrics; underlying vLLM feature/connector gate also applies	source-derived synthetic shape/routing proof; exclusion reason is runtime-validated	job-excluded	recommended job exclusion; lost question documented in OPERATOR-MODEL.md	ray-project/ray @ 03491225d59a1ffde99c3628969ccf456be13efd; src/ray/stats/metric_exporter.cc plus vLLM registration path
ray_vllm_kv_offload_total_time	ray_vllm_kv_offload_total_time	ray_vllm_kv_offload_total_time	gauge	Component,ReplicaId,SessionName,Version,WorkerId,engine,model_name,transfer_type	<excluded>	<none>	workload/outcome	Deprecated Ray counter compatibility gauge: Total time measured by all KV offloading operations	deprecated compatibility alias of the canonical KV-offload load/store family	raw gauge; no rendered unit because job-excluded	source labels=Component,ReplicaId,SessionName,Version,WorkerId,engine,model_name,transfer_type; no chart identity/dimension role	Ray node metrics export; compatibility alias enabled by default and disabled with RAY_EXPORT_COUNTER_AS_GAUGE=0	source-derived synthetic shape/routing proof; exclusion reason is runtime-validated	job-excluded	recommended job exclusion; lost question documented in OPERATOR-MODEL.md	ray-project/ray @ 03491225d59a1ffde99c3628969ccf456be13efd; src/ray/stats/metric_exporter.cc plus vLLM registration path
ray_vllm_kv_offload_total_time_total	ray_vllm_kv_offload_total_time_total	ray_vllm_kv_offload_total_time_total	counter	Component,ReplicaId,SessionName,Version,WorkerId,engine,model_name,transfer_type	<excluded>	<none>	workload/outcome	Total time measured by all KV offloading operations	deprecated compatibility alias of the canonical KV-offload load/store family	raw counter; no rendered unit because job-excluded	source labels=Component,ReplicaId,SessionName,Version,WorkerId,engine,model_name,transfer_type; no chart identity/dimension role	Ray node metrics export carrying vLLM metrics; underlying vLLM feature/connector gate also applies	source-derived synthetic shape/routing proof; exclusion reason is runtime-validated	job-excluded	recommended job exclusion; lost question documented in OPERATOR-MODEL.md	ray-project/ray @ 03491225d59a1ffde99c3628969ccf456be13efd; src/ray/stats/metric_exporter.cc plus vLLM registration path
ray_vllm_lora_requests_info	ray_vllm_lora_requests_info	ray_vllm_lora_requests_info	gauge	Component,ReplicaId,SessionName,Version,WorkerId,max_lora,running_lora_adapters,waiting_lora_adapters	<excluded>	<none>	state/configuration	Running stats on lora requests.	metadata-only information family; writer contract does not retain this shape	raw gauge; no rendered unit because writer-ineligible	source labels=Component,ReplicaId,SessionName,Version,WorkerId,max_lora,running_lora_adapters,waiting_lora_adapters; no chart identity/dimension role	Ray node metrics export carrying vLLM metrics; underlying vLLM feature/connector gate also applies	source-derived synthetic shape/routing proof; exclusion reason is runtime-validated	writer-ineligible	collector writer exclusion; metadata-only or structurally unsupported source shape	ray-project/ray @ 03491225d59a1ffde99c3628969ccf456be13efd; src/ray/stats/metric_exporter.cc plus vLLM registration path
ray_vllm_mm_cache_hits	ray_vllm_mm_cache_hits	ray_vllm_mm_cache_hits	gauge	Component,ReplicaId,SessionName,Version,WorkerId,engine,model_name	<excluded>	<none>	workload/outcome	Deprecated Ray counter compatibility gauge: Multi-modal cache hits, in terms of number of cached items.	Ray compatibility gauge alias of the canonical counter family; default unless RAY_EXPORT_COUNTER_AS_GAUGE=0	raw gauge; no rendered unit because job-excluded	source labels=Component,ReplicaId,SessionName,Version,WorkerId,engine,model_name; no chart identity/dimension role	Ray node metrics export; compatibility alias enabled by default and disabled with RAY_EXPORT_COUNTER_AS_GAUGE=0	source-derived synthetic shape/routing proof; exclusion reason is runtime-validated	job-excluded	recommended job exclusion; lost question documented in OPERATOR-MODEL.md	ray-project/ray @ 03491225d59a1ffde99c3628969ccf456be13efd; src/ray/stats/metric_exporter.cc plus vLLM registration path
ray_vllm_mm_cache_hits_total	ray_vllm_mm_cache_hits_total	ray_vllm_mm_cache_hits_total	counter	Component,ReplicaId,SessionName,Version,WorkerId,engine,model_name	vLLM/KV Cache	model_name,engine,ReplicaId,WorkerId	workload/outcome	Multi-modal cache hits, in terms of number of cached items.	independent source family unless a source-defined relationship is stated in OPERATOR-MODEL.md	raw counter -> incremental -> items/s; counted/measured object: Multi-modal cache hits, in terms of number of cached items.	identity=model_name,engine,ReplicaId,WorkerId; remaining=Component,SessionName,Version retained as source metadata or intentionally aggregated by this chart; label availability follows exporter configuration; no optional label is used as instance identity unless the chart route requires it	Ray node metrics export carrying vLLM metrics; underlying vLLM feature/connector gate also applies	source-derived synthetic shape/routing proof; does not prove live enablement, values, cadence, or cardinality	chart	vLLM/KV Cache / Multimodal Cache [multimodal; items/s; incremental]	ray-project/ray @ 03491225d59a1ffde99c3628969ccf456be13efd; src/ray/stats/metric_exporter.cc plus vLLM registration path
ray_vllm_mm_cache_queries	ray_vllm_mm_cache_queries	ray_vllm_mm_cache_queries	gauge	Component,ReplicaId,SessionName,Version,WorkerId,engine,model_name	<excluded>	<none>	workload/outcome	Deprecated Ray counter compatibility gauge: Multi-modal cache queries, in terms of number of queried items.	Ray compatibility gauge alias of the canonical counter family; default unless RAY_EXPORT_COUNTER_AS_GAUGE=0	raw gauge; no rendered unit because job-excluded	source labels=Component,ReplicaId,SessionName,Version,WorkerId,engine,model_name; no chart identity/dimension role	Ray node metrics export; compatibility alias enabled by default and disabled with RAY_EXPORT_COUNTER_AS_GAUGE=0	source-derived synthetic shape/routing proof; exclusion reason is runtime-validated	job-excluded	recommended job exclusion; lost question documented in OPERATOR-MODEL.md	ray-project/ray @ 03491225d59a1ffde99c3628969ccf456be13efd; src/ray/stats/metric_exporter.cc plus vLLM registration path
ray_vllm_mm_cache_queries_total	ray_vllm_mm_cache_queries_total	ray_vllm_mm_cache_queries_total	counter	Component,ReplicaId,SessionName,Version,WorkerId,engine,model_name	vLLM/KV Cache	model_name,engine,ReplicaId,WorkerId	workload/outcome	Multi-modal cache queries, in terms of number of queried items.	independent source family unless a source-defined relationship is stated in OPERATOR-MODEL.md	raw counter -> incremental -> items/s; counted/measured object: Multi-modal cache queries, in terms of number of queried items.	identity=model_name,engine,ReplicaId,WorkerId; remaining=Component,SessionName,Version retained as source metadata or intentionally aggregated by this chart; label availability follows exporter configuration; no optional label is used as instance identity unless the chart route requires it	Ray node metrics export carrying vLLM metrics; underlying vLLM feature/connector gate also applies	source-derived synthetic shape/routing proof; does not prove live enablement, values, cadence, or cardinality	chart	vLLM/KV Cache / Multimodal Cache [multimodal; items/s; incremental]	ray-project/ray @ 03491225d59a1ffde99c3628969ccf456be13efd; src/ray/stats/metric_exporter.cc plus vLLM registration path
ray_vllm_mooncake_store_operation_bytes_total	ray_vllm_mooncake_store_operation_bytes_total	ray_vllm_mooncake_store_operation_bytes_total	counter	Component,ReplicaId,SessionName,Version,WorkerId,engine,model_name,operation,status	vLLM/Mooncake Connector/Operation Volume	model_name,engine,operation,ReplicaId,WorkerId	workload/outcome	Number of bytes transferred by Mooncake store operations.	independent source family unless a source-defined relationship is stated in OPERATOR-MODEL.md	raw counter -> incremental -> bytes/s; counted/measured object: Number of bytes transferred by Mooncake store operations.	identity=model_name,engine,operation,ReplicaId,WorkerId; dimension=status; remaining=Component,SessionName,Version retained as source metadata or intentionally aggregated by this chart; label availability follows exporter configuration; no optional label is used as instance identity unless the chart route requires it	Ray node metrics export carrying vLLM metrics; underlying vLLM feature/connector gate also applies	source-derived synthetic shape/routing proof; does not prove live enablement, values, cadence, or cardinality	chart	vLLM/Mooncake Connector/Operation Volume / Mooncake Store Byte Throughput [bytes; bytes/s; incremental]	ray-project/ray @ 03491225d59a1ffde99c3628969ccf456be13efd; src/ray/stats/metric_exporter.cc plus vLLM registration path
ray_vllm_mooncake_store_operation_failed_keys_total	ray_vllm_mooncake_store_operation_failed_keys_total	ray_vllm_mooncake_store_operation_failed_keys_total	counter	Component,ReplicaId,SessionName,Version,WorkerId,engine,model_name,operation,status	vLLM/Mooncake Connector/Operation Volume	model_name,engine,operation,ReplicaId,WorkerId	error/outcome	Number of Mooncake store keys that failed in operations.	independent source family unless a source-defined relationship is stated in OPERATOR-MODEL.md	raw counter -> incremental -> keys/s; counted/measured object: Number of Mooncake store keys that failed in operations.	identity=model_name,engine,operation,ReplicaId,WorkerId; dimension=status; remaining=Component,SessionName,Version retained as source metadata or intentionally aggregated by this chart; label availability follows exporter configuration; no optional label is used as instance identity unless the chart route requires it	Ray node metrics export carrying vLLM metrics; underlying vLLM feature/connector gate also applies	source-derived synthetic shape/routing proof; does not prove live enablement, values, cadence, or cardinality	chart	vLLM/Mooncake Connector/Operation Volume / Mooncake Store Failed Keys [failed_keys; keys/s; incremental]	ray-project/ray @ 03491225d59a1ffde99c3628969ccf456be13efd; src/ray/stats/metric_exporter.cc plus vLLM registration path
ray_vllm_mooncake_store_operation_keys_total	ray_vllm_mooncake_store_operation_keys_total	ray_vllm_mooncake_store_operation_keys_total	counter	Component,ReplicaId,SessionName,Version,WorkerId,engine,model_name,operation,status	vLLM/Mooncake Connector/Operation Volume	model_name,engine,operation,ReplicaId,WorkerId	workload/outcome	Number of Mooncake store keys touched by operations.	independent source family unless a source-defined relationship is stated in OPERATOR-MODEL.md	raw counter -> incremental -> keys/s; counted/measured object: Number of Mooncake store keys touched by operations.	identity=model_name,engine,operation,ReplicaId,WorkerId; dimension=status; remaining=Component,SessionName,Version retained as source metadata or intentionally aggregated by this chart; label availability follows exporter configuration; no optional label is used as instance identity unless the chart route requires it	Ray node metrics export carrying vLLM metrics; underlying vLLM feature/connector gate also applies	source-derived synthetic shape/routing proof; does not prove live enablement, values, cadence, or cardinality	chart	vLLM/Mooncake Connector/Operation Volume / Mooncake Store Key Throughput [keys; keys/s; incremental]	ray-project/ray @ 03491225d59a1ffde99c3628969ccf456be13efd; src/ray/stats/metric_exporter.cc plus vLLM registration path
ray_vllm_mooncake_store_operation_time_seconds_bucket	ray_vllm_mooncake_store_operation_time_seconds_bucket	ray_vllm_mooncake_store_operation_time_seconds	histogram	Component,ReplicaId,SessionName,Version,WorkerId,engine,le,model_name,operation,status	vLLM/Mooncake Connector/Operation Timing	model_name,engine,operation,status,ReplicaId,WorkerId	latency	Histogram of Mooncake store communication time.	histogram bucket component; same observation population as the family bucket/quantile, count, and sum components	raw histogram -> incremental -> observations/s; counted/measured object: Histogram of Mooncake store communication time.	identity=model_name,engine,operation,status,ReplicaId,WorkerId; remaining=Component,SessionName,Version,le retained as source metadata or intentionally aggregated by this chart; label availability follows exporter configuration; no optional label is used as instance identity unless the chart route requires it	Ray node metrics export carrying vLLM metrics; underlying vLLM feature/connector gate also applies	source-derived synthetic shape/routing proof; does not prove live enablement, values, cadence, or cardinality	chart	vLLM/Mooncake Connector/Operation Timing / Mooncake Store Operation Time [duration; observations/s; incremental]	ray-project/ray @ 03491225d59a1ffde99c3628969ccf456be13efd; src/ray/stats/metric_exporter.cc plus vLLM registration path
ray_vllm_mooncake_store_operation_time_seconds_count	ray_vllm_mooncake_store_operation_time_seconds_count	ray_vllm_mooncake_store_operation_time_seconds	histogram	Component,ReplicaId,SessionName,Version,WorkerId,engine,le,model_name,operation,status	vLLM/Mooncake Connector/Operation Timing	model_name,engine,operation,status,ReplicaId,WorkerId	latency	Histogram of Mooncake store communication time.	histogram count component; same observation population as the family bucket/quantile, count, and sum components	raw histogram -> incremental -> operations/s; counted/measured object: Histogram of Mooncake store communication time.	identity=model_name,engine,operation,status,ReplicaId,WorkerId; remaining=Component,SessionName,Version,le retained as source metadata or intentionally aggregated by this chart; label availability follows exporter configuration; no optional label is used as instance identity unless the chart route requires it	Ray node metrics export carrying vLLM metrics; underlying vLLM feature/connector gate also applies	source-derived synthetic shape/routing proof; does not prove live enablement, values, cadence, or cardinality	chart	vLLM/Mooncake Connector/Operation Timing / Mooncake Store Operation Measurements [measurements; operations/s; incremental]	ray-project/ray @ 03491225d59a1ffde99c3628969ccf456be13efd; src/ray/stats/metric_exporter.cc plus vLLM registration path
ray_vllm_mooncake_store_operation_time_seconds_sum	ray_vllm_mooncake_store_operation_time_seconds_sum	ray_vllm_mooncake_store_operation_time_seconds	histogram	Component,ReplicaId,SessionName,Version,WorkerId,engine,le,model_name,operation,status	vLLM/Mooncake Connector/Operation Timing	model_name,engine,operation,status,ReplicaId,WorkerId	latency	Histogram of Mooncake store communication time.	histogram sum component; same observation population as the family bucket/quantile, count, and sum components	raw histogram -> incremental -> in-flight; counted/measured object: Histogram of Mooncake store communication time.	identity=model_name,engine,operation,status,ReplicaId,WorkerId; remaining=Component,SessionName,Version,le retained as source metadata or intentionally aggregated by this chart; label availability follows exporter configuration; no optional label is used as instance identity unless the chart route requires it	Ray node metrics export carrying vLLM metrics; underlying vLLM feature/connector gate also applies	source-derived synthetic shape/routing proof; does not prove live enablement, values, cadence, or cardinality	chart	vLLM/Mooncake Connector/Operation Timing / Mooncake Store Operation Concurrency [concurrency; in-flight; incremental]	ray-project/ray @ 03491225d59a1ffde99c3628969ccf456be13efd; src/ray/stats/metric_exporter.cc plus vLLM registration path
ray_vllm_mooncake_store_operation_total	ray_vllm_mooncake_store_operation_total	ray_vllm_mooncake_store_operation_total	counter	Component,ReplicaId,SessionName,Version,WorkerId,engine,model_name,operation,status	vLLM/Mooncake Connector/Operation Timing	model_name,engine,operation,status,ReplicaId,WorkerId	workload/outcome	Number of Mooncake store communication operations.	independent source family unless a source-defined relationship is stated in OPERATOR-MODEL.md	raw counter -> incremental -> operations/s; counted/measured object: Number of Mooncake store communication operations.	identity=model_name,engine,operation,status,ReplicaId,WorkerId; remaining=Component,SessionName,Version retained as source metadata or intentionally aggregated by this chart; label availability follows exporter configuration; no optional label is used as instance identity unless the chart route requires it	Ray node metrics export carrying vLLM metrics; underlying vLLM feature/connector gate also applies	source-derived synthetic shape/routing proof; does not prove live enablement, values, cadence, or cardinality	chart	vLLM/Mooncake Connector/Operation Timing / Mooncake Store Operation Measurements [measurements; operations/s; incremental]	ray-project/ray @ 03491225d59a1ffde99c3628969ccf456be13efd; src/ray/stats/metric_exporter.cc plus vLLM registration path
ray_vllm_nixl_bytes_transferred_bucket	ray_vllm_nixl_bytes_transferred_bucket	ray_vllm_nixl_bytes_transferred	histogram	Component,ReplicaId,SessionName,Version,WorkerId,engine,le,model_name	vLLM/NIXL Connector	model_name,engine,ReplicaId,WorkerId	workload/outcome	Histogram of bytes transferred per NIXL KV Cache transfers.	histogram bucket component; same observation population as the family bucket/quantile, count, and sum components	raw histogram -> incremental -> observations/s; counted/measured object: Histogram of bytes transferred per NIXL KV Cache transfers.	identity=model_name,engine,ReplicaId,WorkerId; remaining=Component,SessionName,Version,le retained as source metadata or intentionally aggregated by this chart; label availability follows exporter configuration; no optional label is used as instance identity unless the chart route requires it	Ray node metrics export carrying vLLM metrics; underlying vLLM feature/connector gate also applies	source-derived synthetic shape/routing proof; does not prove live enablement, values, cadence, or cardinality	chart	vLLM/NIXL Connector / NIXL Transfer Size [transfer_size; observations/s; incremental]	ray-project/ray @ 03491225d59a1ffde99c3628969ccf456be13efd; src/ray/stats/metric_exporter.cc plus vLLM registration path
ray_vllm_nixl_bytes_transferred_count	ray_vllm_nixl_bytes_transferred_count	ray_vllm_nixl_bytes_transferred	histogram	Component,ReplicaId,SessionName,Version,WorkerId,engine,le,model_name	vLLM/NIXL Connector	model_name,engine,ReplicaId,WorkerId	workload/outcome	Histogram of bytes transferred per NIXL KV Cache transfers.	histogram count component; same observation population as the family bucket/quantile, count, and sum components	raw histogram -> incremental -> observations/s; counted/measured object: Histogram of bytes transferred per NIXL KV Cache transfers.	identity=model_name,engine,ReplicaId,WorkerId; remaining=Component,SessionName,Version,le retained as source metadata or intentionally aggregated by this chart; label availability follows exporter configuration; no optional label is used as instance identity unless the chart route requires it	Ray node metrics export carrying vLLM metrics; underlying vLLM feature/connector gate also applies	source-derived synthetic shape/routing proof; does not prove live enablement, values, cadence, or cardinality	chart	vLLM/NIXL Connector / NIXL Transfer Measurements [transfer_measurements; observations/s; incremental]	ray-project/ray @ 03491225d59a1ffde99c3628969ccf456be13efd; src/ray/stats/metric_exporter.cc plus vLLM registration path
ray_vllm_nixl_bytes_transferred_sum	ray_vllm_nixl_bytes_transferred_sum	ray_vllm_nixl_bytes_transferred	histogram	Component,ReplicaId,SessionName,Version,WorkerId,engine,le,model_name	vLLM/NIXL Connector	model_name,engine,ReplicaId,WorkerId	workload/outcome	Histogram of bytes transferred per NIXL KV Cache transfers.	histogram sum component; same observation population as the family bucket/quantile, count, and sum components	raw histogram -> incremental -> bytes/s; counted/measured object: Histogram of bytes transferred per NIXL KV Cache transfers.	identity=model_name,engine,ReplicaId,WorkerId; remaining=Component,SessionName,Version,le retained as source metadata or intentionally aggregated by this chart; label availability follows exporter configuration; no optional label is used as instance identity unless the chart route requires it	Ray node metrics export carrying vLLM metrics; underlying vLLM feature/connector gate also applies	source-derived synthetic shape/routing proof; does not prove live enablement, values, cadence, or cardinality	chart	vLLM/NIXL Connector / NIXL Transfer Throughput [transfer_throughput; bytes/s; incremental]	ray-project/ray @ 03491225d59a1ffde99c3628969ccf456be13efd; src/ray/stats/metric_exporter.cc plus vLLM registration path
ray_vllm_nixl_num_descriptors_bucket	ray_vllm_nixl_num_descriptors_bucket	ray_vllm_nixl_num_descriptors	histogram	Component,ReplicaId,SessionName,Version,WorkerId,engine,le,model_name	vLLM/NIXL Connector	model_name,engine,ReplicaId,WorkerId	domain signal	Histogram of number of descriptors per NIXL KV Cache transfers.	histogram bucket component; same observation population as the family bucket/quantile, count, and sum components	raw histogram -> incremental -> observations/s; counted/measured object: Histogram of number of descriptors per NIXL KV Cache transfers.	identity=model_name,engine,ReplicaId,WorkerId; remaining=Component,SessionName,Version,le retained as source metadata or intentionally aggregated by this chart; label availability follows exporter configuration; no optional label is used as instance identity unless the chart route requires it	Ray node metrics export carrying vLLM metrics; underlying vLLM feature/connector gate also applies	source-derived synthetic shape/routing proof; does not prove live enablement, values, cadence, or cardinality	chart	vLLM/NIXL Connector / NIXL Transfer Descriptors [transfer_descriptors; observations/s; incremental]	ray-project/ray @ 03491225d59a1ffde99c3628969ccf456be13efd; src/ray/stats/metric_exporter.cc plus vLLM registration path
ray_vllm_nixl_num_descriptors_count	ray_vllm_nixl_num_descriptors_count	ray_vllm_nixl_num_descriptors	histogram	Component,ReplicaId,SessionName,Version,WorkerId,engine,le,model_name	vLLM/NIXL Connector	model_name,engine,ReplicaId,WorkerId	domain signal	Histogram of number of descriptors per NIXL KV Cache transfers.	histogram count component; same observation population as the family bucket/quantile, count, and sum components	raw histogram -> incremental -> observations/s; counted/measured object: Histogram of number of descriptors per NIXL KV Cache transfers.	identity=model_name,engine,ReplicaId,WorkerId; remaining=Component,SessionName,Version,le retained as source metadata or intentionally aggregated by this chart; label availability follows exporter configuration; no optional label is used as instance identity unless the chart route requires it	Ray node metrics export carrying vLLM metrics; underlying vLLM feature/connector gate also applies	source-derived synthetic shape/routing proof; does not prove live enablement, values, cadence, or cardinality	chart	vLLM/NIXL Connector / NIXL Transfer Measurements [transfer_measurements; observations/s; incremental]	ray-project/ray @ 03491225d59a1ffde99c3628969ccf456be13efd; src/ray/stats/metric_exporter.cc plus vLLM registration path
ray_vllm_nixl_num_descriptors_sum	ray_vllm_nixl_num_descriptors_sum	ray_vllm_nixl_num_descriptors	histogram	Component,ReplicaId,SessionName,Version,WorkerId,engine,le,model_name	vLLM/NIXL Connector	model_name,engine,ReplicaId,WorkerId	domain signal	Histogram of number of descriptors per NIXL KV Cache transfers.	histogram sum component; same observation population as the family bucket/quantile, count, and sum components	raw histogram -> incremental -> descriptors/s; counted/measured object: Histogram of number of descriptors per NIXL KV Cache transfers.	identity=model_name,engine,ReplicaId,WorkerId; remaining=Component,SessionName,Version,le retained as source metadata or intentionally aggregated by this chart; label availability follows exporter configuration; no optional label is used as instance identity unless the chart route requires it	Ray node metrics export carrying vLLM metrics; underlying vLLM feature/connector gate also applies	source-derived synthetic shape/routing proof; does not prove live enablement, values, cadence, or cardinality	chart	vLLM/NIXL Connector / NIXL Descriptor Throughput [descriptor_throughput; descriptors/s; incremental]	ray-project/ray @ 03491225d59a1ffde99c3628969ccf456be13efd; src/ray/stats/metric_exporter.cc plus vLLM registration path
ray_vllm_nixl_num_failed_notifications	ray_vllm_nixl_num_failed_notifications	ray_vllm_nixl_num_failed_notifications	gauge	Component,ReplicaId,SessionName,Version,WorkerId,engine,model_name	<excluded>	<none>	error/outcome	Deprecated Ray counter compatibility gauge: Number of failed NIXL KV Cache notifications.	Ray compatibility gauge alias of the canonical counter family; default unless RAY_EXPORT_COUNTER_AS_GAUGE=0	raw gauge; no rendered unit because job-excluded	source labels=Component,ReplicaId,SessionName,Version,WorkerId,engine,model_name; no chart identity/dimension role	Ray node metrics export; compatibility alias enabled by default and disabled with RAY_EXPORT_COUNTER_AS_GAUGE=0	source-derived synthetic shape/routing proof; exclusion reason is runtime-validated	job-excluded	recommended job exclusion; lost question documented in OPERATOR-MODEL.md	ray-project/ray @ 03491225d59a1ffde99c3628969ccf456be13efd; src/ray/stats/metric_exporter.cc plus vLLM registration path
ray_vllm_nixl_num_failed_notifications_total	ray_vllm_nixl_num_failed_notifications_total	ray_vllm_nixl_num_failed_notifications_total	counter	Component,ReplicaId,SessionName,Version,WorkerId,engine,model_name	vLLM/NIXL Connector	model_name,engine,ReplicaId,WorkerId	error/outcome	Number of failed NIXL KV Cache notifications.	independent source family unless a source-defined relationship is stated in OPERATOR-MODEL.md	raw counter -> incremental -> failures/s; counted/measured object: Number of failed NIXL KV Cache notifications.	identity=model_name,engine,ReplicaId,WorkerId; remaining=Component,SessionName,Version retained as source metadata or intentionally aggregated by this chart; label availability follows exporter configuration; no optional label is used as instance identity unless the chart route requires it	Ray node metrics export carrying vLLM metrics; underlying vLLM feature/connector gate also applies	source-derived synthetic shape/routing proof; does not prove live enablement, values, cadence, or cardinality	chart	vLLM/NIXL Connector / NIXL Failures [failures; failures/s; incremental]	ray-project/ray @ 03491225d59a1ffde99c3628969ccf456be13efd; src/ray/stats/metric_exporter.cc plus vLLM registration path
ray_vllm_nixl_num_failed_transfers	ray_vllm_nixl_num_failed_transfers	ray_vllm_nixl_num_failed_transfers	gauge	Component,ReplicaId,SessionName,Version,WorkerId,engine,model_name	<excluded>	<none>	error/outcome	Deprecated Ray counter compatibility gauge: Number of failed NIXL KV Cache transfers.	Ray compatibility gauge alias of the canonical counter family; default unless RAY_EXPORT_COUNTER_AS_GAUGE=0	raw gauge; no rendered unit because job-excluded	source labels=Component,ReplicaId,SessionName,Version,WorkerId,engine,model_name; no chart identity/dimension role	Ray node metrics export; compatibility alias enabled by default and disabled with RAY_EXPORT_COUNTER_AS_GAUGE=0	source-derived synthetic shape/routing proof; exclusion reason is runtime-validated	job-excluded	recommended job exclusion; lost question documented in OPERATOR-MODEL.md	ray-project/ray @ 03491225d59a1ffde99c3628969ccf456be13efd; src/ray/stats/metric_exporter.cc plus vLLM registration path
ray_vllm_nixl_num_failed_transfers_total	ray_vllm_nixl_num_failed_transfers_total	ray_vllm_nixl_num_failed_transfers_total	counter	Component,ReplicaId,SessionName,Version,WorkerId,engine,model_name	vLLM/NIXL Connector	model_name,engine,ReplicaId,WorkerId	error/outcome	Number of failed NIXL KV Cache transfers.	independent source family unless a source-defined relationship is stated in OPERATOR-MODEL.md	raw counter -> incremental -> failures/s; counted/measured object: Number of failed NIXL KV Cache transfers.	identity=model_name,engine,ReplicaId,WorkerId; remaining=Component,SessionName,Version retained as source metadata or intentionally aggregated by this chart; label availability follows exporter configuration; no optional label is used as instance identity unless the chart route requires it	Ray node metrics export carrying vLLM metrics; underlying vLLM feature/connector gate also applies	source-derived synthetic shape/routing proof; does not prove live enablement, values, cadence, or cardinality	chart	vLLM/NIXL Connector / NIXL Failures [failures; failures/s; incremental]	ray-project/ray @ 03491225d59a1ffde99c3628969ccf456be13efd; src/ray/stats/metric_exporter.cc plus vLLM registration path
ray_vllm_nixl_num_kv_expired_reqs	ray_vllm_nixl_num_kv_expired_reqs	ray_vllm_nixl_num_kv_expired_reqs	gauge	Component,ReplicaId,SessionName,Version,WorkerId,engine,model_name	<excluded>	<none>	workload/outcome	Deprecated Ray counter compatibility gauge: Number of requests that had their KV expire. NOTE: This metric is tracked on the P instance.	Ray compatibility gauge alias of the canonical counter family; default unless RAY_EXPORT_COUNTER_AS_GAUGE=0	raw gauge; no rendered unit because job-excluded	source labels=Component,ReplicaId,SessionName,Version,WorkerId,engine,model_name; no chart identity/dimension role	Ray node metrics export; compatibility alias enabled by default and disabled with RAY_EXPORT_COUNTER_AS_GAUGE=0	source-derived synthetic shape/routing proof; exclusion reason is runtime-validated	job-excluded	recommended job exclusion; lost question documented in OPERATOR-MODEL.md	ray-project/ray @ 03491225d59a1ffde99c3628969ccf456be13efd; src/ray/stats/metric_exporter.cc plus vLLM registration path
ray_vllm_nixl_num_kv_expired_reqs_total	ray_vllm_nixl_num_kv_expired_reqs_total	ray_vllm_nixl_num_kv_expired_reqs_total	counter	Component,ReplicaId,SessionName,Version,WorkerId,engine,model_name	vLLM/NIXL Connector	model_name,engine,ReplicaId,WorkerId	workload/outcome	Number of requests that had their KV expire. NOTE: This metric is tracked on the P instance.	independent source family unless a source-defined relationship is stated in OPERATOR-MODEL.md	raw counter -> incremental -> requests/s; counted/measured object: Number of requests that had their KV expire. NOTE: This metric is tracked on the P instance.	identity=model_name,engine,ReplicaId,WorkerId; remaining=Component,SessionName,Version retained as source metadata or intentionally aggregated by this chart; label availability follows exporter configuration; no optional label is used as instance identity unless the chart route requires it	Ray node metrics export carrying vLLM metrics; underlying vLLM feature/connector gate also applies	source-derived synthetic shape/routing proof; does not prove live enablement, values, cadence, or cardinality	chart	vLLM/NIXL Connector / NIXL Requests with Expired KV [expired_requests; requests/s; incremental]	ray-project/ray @ 03491225d59a1ffde99c3628969ccf456be13efd; src/ray/stats/metric_exporter.cc plus vLLM registration path
ray_vllm_nixl_post_time_seconds_bucket	ray_vllm_nixl_post_time_seconds_bucket	ray_vllm_nixl_post_time_seconds	histogram	Component,ReplicaId,SessionName,Version,WorkerId,engine,le,model_name	vLLM/NIXL Connector	model_name,engine,ReplicaId,WorkerId	latency	Histogram of transfer post time for NIXL KV Cache transfers.	histogram bucket component; same observation population as the family bucket/quantile, count, and sum components	raw histogram -> incremental -> observations/s; counted/measured object: Histogram of transfer post time for NIXL KV Cache transfers.	identity=model_name,engine,ReplicaId,WorkerId; remaining=Component,SessionName,Version,le retained as source metadata or intentionally aggregated by this chart; label availability follows exporter configuration; no optional label is used as instance identity unless the chart route requires it	Ray node metrics export carrying vLLM metrics; underlying vLLM feature/connector gate also applies	source-derived synthetic shape/routing proof; does not prove live enablement, values, cadence, or cardinality	chart	vLLM/NIXL Connector / NIXL Transfer Post Time [post_time; observations/s; incremental]	ray-project/ray @ 03491225d59a1ffde99c3628969ccf456be13efd; src/ray/stats/metric_exporter.cc plus vLLM registration path
ray_vllm_nixl_post_time_seconds_count	ray_vllm_nixl_post_time_seconds_count	ray_vllm_nixl_post_time_seconds	histogram	Component,ReplicaId,SessionName,Version,WorkerId,engine,le,model_name	vLLM/NIXL Connector	model_name,engine,ReplicaId,WorkerId	latency	Histogram of transfer post time for NIXL KV Cache transfers.	histogram count component; same observation population as the family bucket/quantile, count, and sum components	raw histogram -> incremental -> observations/s; counted/measured object: Histogram of transfer post time for NIXL KV Cache transfers.	identity=model_name,engine,ReplicaId,WorkerId; remaining=Component,SessionName,Version,le retained as source metadata or intentionally aggregated by this chart; label availability follows exporter configuration; no optional label is used as instance identity unless the chart route requires it	Ray node metrics export carrying vLLM metrics; underlying vLLM feature/connector gate also applies	source-derived synthetic shape/routing proof; does not prove live enablement, values, cadence, or cardinality	chart	vLLM/NIXL Connector / NIXL Transfer Measurements [transfer_measurements; observations/s; incremental]	ray-project/ray @ 03491225d59a1ffde99c3628969ccf456be13efd; src/ray/stats/metric_exporter.cc plus vLLM registration path
ray_vllm_nixl_post_time_seconds_sum	ray_vllm_nixl_post_time_seconds_sum	ray_vllm_nixl_post_time_seconds	histogram	Component,ReplicaId,SessionName,Version,WorkerId,engine,le,model_name	vLLM/NIXL Connector	model_name,engine,ReplicaId,WorkerId	latency	Histogram of transfer post time for NIXL KV Cache transfers.	histogram sum component; same observation population as the family bucket/quantile, count, and sum components	raw histogram -> incremental -> in-flight; counted/measured object: Histogram of transfer post time for NIXL KV Cache transfers.	identity=model_name,engine,ReplicaId,WorkerId; remaining=Component,SessionName,Version,le retained as source metadata or intentionally aggregated by this chart; label availability follows exporter configuration; no optional label is used as instance identity unless the chart route requires it	Ray node metrics export carrying vLLM metrics; underlying vLLM feature/connector gate also applies	source-derived synthetic shape/routing proof; does not prove live enablement, values, cadence, or cardinality	chart	vLLM/NIXL Connector / NIXL Transfer Concurrency [transfer_concurrency; in-flight; incremental]	ray-project/ray @ 03491225d59a1ffde99c3628969ccf456be13efd; src/ray/stats/metric_exporter.cc plus vLLM registration path
ray_vllm_nixl_xfer_time_seconds_bucket	ray_vllm_nixl_xfer_time_seconds_bucket	ray_vllm_nixl_xfer_time_seconds	histogram	Component,ReplicaId,SessionName,Version,WorkerId,engine,le,model_name	vLLM/NIXL Connector	model_name,engine,ReplicaId,WorkerId	latency	Histogram of transfer duration for NIXL KV Cache transfers.	histogram bucket component; same observation population as the family bucket/quantile, count, and sum components	raw histogram -> incremental -> observations/s; counted/measured object: Histogram of transfer duration for NIXL KV Cache transfers.	identity=model_name,engine,ReplicaId,WorkerId; remaining=Component,SessionName,Version,le retained as source metadata or intentionally aggregated by this chart; label availability follows exporter configuration; no optional label is used as instance identity unless the chart route requires it	Ray node metrics export carrying vLLM metrics; underlying vLLM feature/connector gate also applies	source-derived synthetic shape/routing proof; does not prove live enablement, values, cadence, or cardinality	chart	vLLM/NIXL Connector / NIXL Transfer Duration [transfer_duration; observations/s; incremental]	ray-project/ray @ 03491225d59a1ffde99c3628969ccf456be13efd; src/ray/stats/metric_exporter.cc plus vLLM registration path
ray_vllm_nixl_xfer_time_seconds_count	ray_vllm_nixl_xfer_time_seconds_count	ray_vllm_nixl_xfer_time_seconds	histogram	Component,ReplicaId,SessionName,Version,WorkerId,engine,le,model_name	vLLM/NIXL Connector	model_name,engine,ReplicaId,WorkerId	latency	Histogram of transfer duration for NIXL KV Cache transfers.	histogram count component; same observation population as the family bucket/quantile, count, and sum components	raw histogram -> incremental -> observations/s; counted/measured object: Histogram of transfer duration for NIXL KV Cache transfers.	identity=model_name,engine,ReplicaId,WorkerId; remaining=Component,SessionName,Version,le retained as source metadata or intentionally aggregated by this chart; label availability follows exporter configuration; no optional label is used as instance identity unless the chart route requires it	Ray node metrics export carrying vLLM metrics; underlying vLLM feature/connector gate also applies	source-derived synthetic shape/routing proof; does not prove live enablement, values, cadence, or cardinality	chart	vLLM/NIXL Connector / NIXL Transfer Measurements [transfer_measurements; observations/s; incremental]	ray-project/ray @ 03491225d59a1ffde99c3628969ccf456be13efd; src/ray/stats/metric_exporter.cc plus vLLM registration path
ray_vllm_nixl_xfer_time_seconds_sum	ray_vllm_nixl_xfer_time_seconds_sum	ray_vllm_nixl_xfer_time_seconds	histogram	Component,ReplicaId,SessionName,Version,WorkerId,engine,le,model_name	vLLM/NIXL Connector	model_name,engine,ReplicaId,WorkerId	latency	Histogram of transfer duration for NIXL KV Cache transfers.	histogram sum component; same observation population as the family bucket/quantile, count, and sum components	raw histogram -> incremental -> in-flight; counted/measured object: Histogram of transfer duration for NIXL KV Cache transfers.	identity=model_name,engine,ReplicaId,WorkerId; remaining=Component,SessionName,Version,le retained as source metadata or intentionally aggregated by this chart; label availability follows exporter configuration; no optional label is used as instance identity unless the chart route requires it	Ray node metrics export carrying vLLM metrics; underlying vLLM feature/connector gate also applies	source-derived synthetic shape/routing proof; does not prove live enablement, values, cadence, or cardinality	chart	vLLM/NIXL Connector / NIXL Transfer Concurrency [transfer_concurrency; in-flight; incremental]	ray-project/ray @ 03491225d59a1ffde99c3628969ccf456be13efd; src/ray/stats/metric_exporter.cc plus vLLM registration path
ray_vllm_num_preemptions	ray_vllm_num_preemptions	ray_vllm_num_preemptions	gauge	Component,ReplicaId,SessionName,Version,WorkerId,engine,model_name	<excluded>	<none>	domain signal	Deprecated Ray counter compatibility gauge: Cumulative number of preemption from the engine.	Ray compatibility gauge alias of the canonical counter family; default unless RAY_EXPORT_COUNTER_AS_GAUGE=0	raw gauge; no rendered unit because job-excluded	source labels=Component,ReplicaId,SessionName,Version,WorkerId,engine,model_name; no chart identity/dimension role	Ray node metrics export; compatibility alias enabled by default and disabled with RAY_EXPORT_COUNTER_AS_GAUGE=0	source-derived synthetic shape/routing proof; exclusion reason is runtime-validated	job-excluded	recommended job exclusion; lost question documented in OPERATOR-MODEL.md	ray-project/ray @ 03491225d59a1ffde99c3628969ccf456be13efd; src/ray/stats/metric_exporter.cc plus vLLM registration path
ray_vllm_num_preemptions_total	ray_vllm_num_preemptions_total	ray_vllm_num_preemptions_total	counter	Component,ReplicaId,SessionName,Version,WorkerId,engine,model_name	vLLM/Scheduler	model_name,engine,ReplicaId,WorkerId	workload/outcome	Cumulative number of preemption from the engine.	independent source family unless a source-defined relationship is stated in OPERATOR-MODEL.md	raw counter -> incremental -> preemptions/s; counted/measured object: Cumulative number of preemption from the engine.	identity=model_name,engine,ReplicaId,WorkerId; remaining=Component,SessionName,Version retained as source metadata or intentionally aggregated by this chart; label availability follows exporter configuration; no optional label is used as instance identity unless the chart route requires it	Ray node metrics export carrying vLLM metrics; underlying vLLM feature/connector gate also applies	source-derived synthetic shape/routing proof; does not prove live enablement, values, cadence, or cardinality	chart	vLLM/Scheduler / Request Preemptions [preemptions; preemptions/s; incremental]	ray-project/ray @ 03491225d59a1ffde99c3628969ccf456be13efd; src/ray/stats/metric_exporter.cc plus vLLM registration path
ray_vllm_num_requests_running	ray_vllm_num_requests_running	ray_vllm_num_requests_running	gauge	Component,ReplicaId,SessionName,Version,WorkerId,engine,model_name	vLLM/Scheduler	model_name,engine,ReplicaId,WorkerId	state/configuration	Number of requests in model execution batches.	independent source family unless a source-defined relationship is stated in OPERATOR-MODEL.md	raw gauge -> absolute -> requests; counted/measured object: Number of requests in model execution batches.	identity=model_name,engine,ReplicaId,WorkerId; remaining=Component,SessionName,Version retained as source metadata or intentionally aggregated by this chart; label availability follows exporter configuration; no optional label is used as instance identity unless the chart route requires it	Ray node metrics export carrying vLLM metrics; underlying vLLM feature/connector gate also applies	source-derived synthetic shape/routing proof; does not prove live enablement, values, cadence, or cardinality	chart	vLLM/Scheduler / Request State [request_state; requests; absolute]	ray-project/ray @ 03491225d59a1ffde99c3628969ccf456be13efd; src/ray/stats/metric_exporter.cc plus vLLM registration path
ray_vllm_num_requests_waiting	ray_vllm_num_requests_waiting	ray_vllm_num_requests_waiting	gauge	Component,ReplicaId,SessionName,Version,WorkerId,engine,model_name	vLLM/Scheduler	model_name,engine,ReplicaId,WorkerId	saturation/state	Number of requests waiting to be processed.	independent source family unless a source-defined relationship is stated in OPERATOR-MODEL.md	raw gauge -> absolute -> requests; counted/measured object: Number of requests waiting to be processed.	identity=model_name,engine,ReplicaId,WorkerId; remaining=Component,SessionName,Version retained as source metadata or intentionally aggregated by this chart; label availability follows exporter configuration; no optional label is used as instance identity unless the chart route requires it	Ray node metrics export carrying vLLM metrics; underlying vLLM feature/connector gate also applies	source-derived synthetic shape/routing proof; does not prove live enablement, values, cadence, or cardinality	chart	vLLM/Scheduler / Request State [request_state; requests; absolute]	ray-project/ray @ 03491225d59a1ffde99c3628969ccf456be13efd; src/ray/stats/metric_exporter.cc plus vLLM registration path
ray_vllm_num_requests_waiting_by_reason	ray_vllm_num_requests_waiting_by_reason	ray_vllm_num_requests_waiting_by_reason	gauge	Component,ReplicaId,SessionName,Version,WorkerId,engine,model_name,reason	vLLM/Scheduler	model_name,engine,ReplicaId,WorkerId	saturation/state	Number of waiting requests by reason. Reason labels: 'capacity' = waiting for scheduling capacity; 'deferred' = deferred by transient constraints (LoRA budget, KV transfer, blocked status). Sum of all reasons equals vllm:num_requests_waiting.	independent source family unless a source-defined relationship is stated in OPERATOR-MODEL.md	raw gauge -> absolute -> requests; counted/measured object: Number of waiting requests by reason. Reason labels: 'capacity' = waiting for scheduling capacity; 'deferred' = deferred by transient constraints (LoRA budget, KV transfer, blocked status). Sum of all reasons equals vllm:num_requests_waiting.	identity=model_name,engine,ReplicaId,WorkerId; dimension=reason; remaining=Component,SessionName,Version retained as source metadata or intentionally aggregated by this chart; label availability follows exporter configuration; no optional label is used as instance identity unless the chart route requires it	Ray node metrics export carrying vLLM metrics; underlying vLLM feature/connector gate also applies	source-derived synthetic shape/routing proof; does not prove live enablement, values, cadence, or cardinality	chart	vLLM/Scheduler / Waiting Requests by Reason [waiting_by_reason; requests; absolute]	ray-project/ray @ 03491225d59a1ffde99c3628969ccf456be13efd; src/ray/stats/metric_exporter.cc plus vLLM registration path
ray_vllm_prefix_cache_hits	ray_vllm_prefix_cache_hits	ray_vllm_prefix_cache_hits	gauge	Component,ReplicaId,SessionName,Version,WorkerId,engine,model_name	<excluded>	<none>	workload/outcome	Deprecated Ray counter compatibility gauge: Prefix cache hits, in terms of number of cached tokens.	Ray compatibility gauge alias of the canonical counter family; default unless RAY_EXPORT_COUNTER_AS_GAUGE=0	raw gauge; no rendered unit because job-excluded	source labels=Component,ReplicaId,SessionName,Version,WorkerId,engine,model_name; no chart identity/dimension role	Ray node metrics export; compatibility alias enabled by default and disabled with RAY_EXPORT_COUNTER_AS_GAUGE=0	source-derived synthetic shape/routing proof; exclusion reason is runtime-validated	job-excluded	recommended job exclusion; lost question documented in OPERATOR-MODEL.md	ray-project/ray @ 03491225d59a1ffde99c3628969ccf456be13efd; src/ray/stats/metric_exporter.cc plus vLLM registration path
ray_vllm_prefix_cache_hits_total	ray_vllm_prefix_cache_hits_total	ray_vllm_prefix_cache_hits_total	counter	Component,ReplicaId,SessionName,Version,WorkerId,engine,model_name	vLLM/KV Cache	model_name,engine,ReplicaId,WorkerId	workload/outcome	Prefix cache hits, in terms of number of cached tokens.	independent source family unless a source-defined relationship is stated in OPERATOR-MODEL.md	raw counter -> incremental -> tokens/s; counted/measured object: Prefix cache hits, in terms of number of cached tokens.	identity=model_name,engine,ReplicaId,WorkerId; remaining=Component,SessionName,Version retained as source metadata or intentionally aggregated by this chart; label availability follows exporter configuration; no optional label is used as instance identity unless the chart route requires it	Ray node metrics export carrying vLLM metrics; underlying vLLM feature/connector gate also applies	source-derived synthetic shape/routing proof; does not prove live enablement, values, cadence, or cardinality	chart	vLLM/KV Cache / Local Prefix Cache [local_prefix; tokens/s; incremental]	ray-project/ray @ 03491225d59a1ffde99c3628969ccf456be13efd; src/ray/stats/metric_exporter.cc plus vLLM registration path
ray_vllm_prefix_cache_queries	ray_vllm_prefix_cache_queries	ray_vllm_prefix_cache_queries	gauge	Component,ReplicaId,SessionName,Version,WorkerId,engine,model_name	<excluded>	<none>	workload/outcome	Deprecated Ray counter compatibility gauge: Prefix cache queries, in terms of number of queried tokens.	Ray compatibility gauge alias of the canonical counter family; default unless RAY_EXPORT_COUNTER_AS_GAUGE=0	raw gauge; no rendered unit because job-excluded	source labels=Component,ReplicaId,SessionName,Version,WorkerId,engine,model_name; no chart identity/dimension role	Ray node metrics export; compatibility alias enabled by default and disabled with RAY_EXPORT_COUNTER_AS_GAUGE=0	source-derived synthetic shape/routing proof; exclusion reason is runtime-validated	job-excluded	recommended job exclusion; lost question documented in OPERATOR-MODEL.md	ray-project/ray @ 03491225d59a1ffde99c3628969ccf456be13efd; src/ray/stats/metric_exporter.cc plus vLLM registration path
ray_vllm_prefix_cache_queries_total	ray_vllm_prefix_cache_queries_total	ray_vllm_prefix_cache_queries_total	counter	Component,ReplicaId,SessionName,Version,WorkerId,engine,model_name	vLLM/KV Cache	model_name,engine,ReplicaId,WorkerId	workload/outcome	Prefix cache queries, in terms of number of queried tokens.	independent source family unless a source-defined relationship is stated in OPERATOR-MODEL.md	raw counter -> incremental -> tokens/s; counted/measured object: Prefix cache queries, in terms of number of queried tokens.	identity=model_name,engine,ReplicaId,WorkerId; remaining=Component,SessionName,Version retained as source metadata or intentionally aggregated by this chart; label availability follows exporter configuration; no optional label is used as instance identity unless the chart route requires it	Ray node metrics export carrying vLLM metrics; underlying vLLM feature/connector gate also applies	source-derived synthetic shape/routing proof; does not prove live enablement, values, cadence, or cardinality	chart	vLLM/KV Cache / Local Prefix Cache [local_prefix; tokens/s; incremental]	ray-project/ray @ 03491225d59a1ffde99c3628969ccf456be13efd; src/ray/stats/metric_exporter.cc plus vLLM registration path
ray_vllm_prompt_tokens	ray_vllm_prompt_tokens	ray_vllm_prompt_tokens	gauge	Component,ReplicaId,SessionName,Version,WorkerId,engine,model_name	<excluded>	<none>	workload/outcome	Deprecated Ray counter compatibility gauge: Number of prefill tokens processed.	Ray compatibility gauge alias of the canonical counter family; default unless RAY_EXPORT_COUNTER_AS_GAUGE=0	raw gauge; no rendered unit because job-excluded	source labels=Component,ReplicaId,SessionName,Version,WorkerId,engine,model_name; no chart identity/dimension role	Ray node metrics export; compatibility alias enabled by default and disabled with RAY_EXPORT_COUNTER_AS_GAUGE=0	source-derived synthetic shape/routing proof; exclusion reason is runtime-validated	job-excluded	recommended job exclusion; lost question documented in OPERATOR-MODEL.md	ray-project/ray @ 03491225d59a1ffde99c3628969ccf456be13efd; src/ray/stats/metric_exporter.cc plus vLLM registration path
ray_vllm_prompt_tokens_by_source	ray_vllm_prompt_tokens_by_source	ray_vllm_prompt_tokens_by_source	gauge	Component,ReplicaId,SessionName,Version,WorkerId,engine,model_name,source	<excluded>	<none>	workload/outcome	Deprecated Ray counter compatibility gauge: Number of prompt tokens by source.	Ray compatibility gauge alias of the canonical counter family; default unless RAY_EXPORT_COUNTER_AS_GAUGE=0	raw gauge; no rendered unit because job-excluded	source labels=Component,ReplicaId,SessionName,Version,WorkerId,engine,model_name,source; no chart identity/dimension role	Ray node metrics export; compatibility alias enabled by default and disabled with RAY_EXPORT_COUNTER_AS_GAUGE=0	source-derived synthetic shape/routing proof; exclusion reason is runtime-validated	job-excluded	recommended job exclusion; lost question documented in OPERATOR-MODEL.md	ray-project/ray @ 03491225d59a1ffde99c3628969ccf456be13efd; src/ray/stats/metric_exporter.cc plus vLLM registration path
ray_vllm_prompt_tokens_by_source_total	ray_vllm_prompt_tokens_by_source_total	ray_vllm_prompt_tokens_by_source_total	counter	Component,ReplicaId,SessionName,Version,WorkerId,engine,model_name,source	vLLM/Prefill	model_name,engine,ReplicaId,WorkerId	workload/outcome	Number of prompt tokens by source.	independent source family unless a source-defined relationship is stated in OPERATOR-MODEL.md	raw counter -> incremental -> tokens/s; counted/measured object: Number of prompt tokens by source.	identity=model_name,engine,ReplicaId,WorkerId; dimension=source; remaining=Component,SessionName,Version retained as source metadata or intentionally aggregated by this chart; label availability follows exporter configuration; no optional label is used as instance identity unless the chart route requires it	Ray node metrics export carrying vLLM metrics; underlying vLLM feature/connector gate also applies	source-derived synthetic shape/routing proof; does not prove live enablement, values, cadence, or cardinality	chart	vLLM/Prefill / Prompt Tokens by Source [prompt_tokens_by_source; tokens/s; incremental]	ray-project/ray @ 03491225d59a1ffde99c3628969ccf456be13efd; src/ray/stats/metric_exporter.cc plus vLLM registration path
ray_vllm_prompt_tokens_cached	ray_vllm_prompt_tokens_cached	ray_vllm_prompt_tokens_cached	gauge	Component,ReplicaId,SessionName,Version,WorkerId,engine,model_name	<excluded>	<none>	workload/outcome	Deprecated Ray counter compatibility gauge: Number of cached prompt tokens (local + external).	Ray compatibility gauge alias of the canonical counter family; default unless RAY_EXPORT_COUNTER_AS_GAUGE=0	raw gauge; no rendered unit because job-excluded	source labels=Component,ReplicaId,SessionName,Version,WorkerId,engine,model_name; no chart identity/dimension role	Ray node metrics export; compatibility alias enabled by default and disabled with RAY_EXPORT_COUNTER_AS_GAUGE=0	source-derived synthetic shape/routing proof; exclusion reason is runtime-validated	job-excluded	recommended job exclusion; lost question documented in OPERATOR-MODEL.md	ray-project/ray @ 03491225d59a1ffde99c3628969ccf456be13efd; src/ray/stats/metric_exporter.cc plus vLLM registration path
ray_vllm_prompt_tokens_cached_total	ray_vllm_prompt_tokens_cached_total	ray_vllm_prompt_tokens_cached_total	counter	Component,ReplicaId,SessionName,Version,WorkerId,engine,model_name	vLLM/Prefill	model_name,engine,ReplicaId,WorkerId	workload/outcome	Number of cached prompt tokens (local + external).	independent source family unless a source-defined relationship is stated in OPERATOR-MODEL.md	raw counter -> incremental -> tokens/s; counted/measured object: Number of cached prompt tokens (local + external).	identity=model_name,engine,ReplicaId,WorkerId; remaining=Component,SessionName,Version retained as source metadata or intentionally aggregated by this chart; label availability follows exporter configuration; no optional label is used as instance identity unless the chart route requires it	Ray node metrics export carrying vLLM metrics; underlying vLLM feature/connector gate also applies	source-derived synthetic shape/routing proof; does not prove live enablement, values, cadence, or cardinality	chart	vLLM/Prefill / Cached Prompt Tokens [cached_prompt_throughput; tokens/s; incremental]	ray-project/ray @ 03491225d59a1ffde99c3628969ccf456be13efd; src/ray/stats/metric_exporter.cc plus vLLM registration path
ray_vllm_prompt_tokens_total	ray_vllm_prompt_tokens_total	ray_vllm_prompt_tokens_total	counter	Component,ReplicaId,SessionName,Version,WorkerId,engine,model_name	vLLM/Prefill	model_name,engine,ReplicaId,WorkerId	workload/outcome	Number of prefill tokens processed.	independent source family unless a source-defined relationship is stated in OPERATOR-MODEL.md	raw counter -> incremental -> tokens/s; counted/measured object: Number of prefill tokens processed.	identity=model_name,engine,ReplicaId,WorkerId; remaining=Component,SessionName,Version retained as source metadata or intentionally aggregated by this chart; label availability follows exporter configuration; no optional label is used as instance identity unless the chart route requires it	Ray node metrics export carrying vLLM metrics; underlying vLLM feature/connector gate also applies	source-derived synthetic shape/routing proof; does not prove live enablement, values, cadence, or cardinality	chart	vLLM/Prefill / Processed Prompt Tokens [prompt_throughput; tokens/s; incremental]	ray-project/ray @ 03491225d59a1ffde99c3628969ccf456be13efd; src/ray/stats/metric_exporter.cc plus vLLM registration path
ray_vllm_request_decode_time_seconds_bucket	ray_vllm_request_decode_time_seconds_bucket	ray_vllm_request_decode_time_seconds	histogram	Component,ReplicaId,SessionName,Version,WorkerId,engine,le,model_name	vLLM/Decode	model_name,engine,ReplicaId,WorkerId	latency	Histogram of time spent in DECODE phase for request.	histogram bucket component; same observation population as the family bucket/quantile, count, and sum components	raw histogram -> incremental -> observations/s; counted/measured object: Histogram of time spent in DECODE phase for request.	identity=model_name,engine,ReplicaId,WorkerId; remaining=Component,SessionName,Version,le retained as source metadata or intentionally aggregated by this chart; label availability follows exporter configuration; no optional label is used as instance identity unless the chart route requires it	Ray node metrics export carrying vLLM metrics; underlying vLLM feature/connector gate also applies	source-derived synthetic shape/routing proof; does not prove live enablement, values, cadence, or cardinality	chart	vLLM/Decode / Decode Time [decode_time; observations/s; incremental]	ray-project/ray @ 03491225d59a1ffde99c3628969ccf456be13efd; src/ray/stats/metric_exporter.cc plus vLLM registration path
ray_vllm_request_decode_time_seconds_count	ray_vllm_request_decode_time_seconds_count	ray_vllm_request_decode_time_seconds	histogram	Component,ReplicaId,SessionName,Version,WorkerId,engine,le,model_name	vLLM/Decode	model_name,engine,ReplicaId,WorkerId	latency	Histogram of time spent in DECODE phase for request.	histogram count component; same observation population as the family bucket/quantile, count, and sum components	raw histogram -> incremental -> requests/s; counted/measured object: Histogram of time spent in DECODE phase for request.	identity=model_name,engine,ReplicaId,WorkerId; remaining=Component,SessionName,Version,le retained as source metadata or intentionally aggregated by this chart; label availability follows exporter configuration; no optional label is used as instance identity unless the chart route requires it	Ray node metrics export carrying vLLM metrics; underlying vLLM feature/connector gate also applies	source-derived synthetic shape/routing proof; does not prove live enablement, values, cadence, or cardinality	chart	vLLM/Decode / Decode Request Measurements [request_measurements; requests/s; incremental]	ray-project/ray @ 03491225d59a1ffde99c3628969ccf456be13efd; src/ray/stats/metric_exporter.cc plus vLLM registration path
ray_vllm_request_decode_time_seconds_sum	ray_vllm_request_decode_time_seconds_sum	ray_vllm_request_decode_time_seconds	histogram	Component,ReplicaId,SessionName,Version,WorkerId,engine,le,model_name	vLLM/Decode	model_name,engine,ReplicaId,WorkerId	latency	Histogram of time spent in DECODE phase for request.	histogram sum component; same observation population as the family bucket/quantile, count, and sum components	raw histogram -> incremental -> in-flight; counted/measured object: Histogram of time spent in DECODE phase for request.	identity=model_name,engine,ReplicaId,WorkerId; remaining=Component,SessionName,Version,le retained as source metadata or intentionally aggregated by this chart; label availability follows exporter configuration; no optional label is used as instance identity unless the chart route requires it	Ray node metrics export carrying vLLM metrics; underlying vLLM feature/connector gate also applies	source-derived synthetic shape/routing proof; does not prove live enablement, values, cadence, or cardinality	chart	vLLM/Decode / Decode Concurrency [concurrency; in-flight; incremental]	ray-project/ray @ 03491225d59a1ffde99c3628969ccf456be13efd; src/ray/stats/metric_exporter.cc plus vLLM registration path
ray_vllm_request_generation_tokens_bucket	ray_vllm_request_generation_tokens_bucket	ray_vllm_request_generation_tokens	histogram	Component,ReplicaId,SessionName,Version,WorkerId,engine,le,model_name	vLLM/Decode	model_name,engine,ReplicaId,WorkerId	workload/outcome	Number of generation tokens processed.	histogram bucket component; same observation population as the family bucket/quantile, count, and sum components	raw histogram -> incremental -> observations/s; counted/measured object: Number of generation tokens processed.	identity=model_name,engine,ReplicaId,WorkerId; remaining=Component,SessionName,Version,le retained as source metadata or intentionally aggregated by this chart; label availability follows exporter configuration; no optional label is used as instance identity unless the chart route requires it	Ray node metrics export carrying vLLM metrics; underlying vLLM feature/connector gate also applies	source-derived synthetic shape/routing proof; does not prove live enablement, values, cadence, or cardinality	chart	vLLM/Decode / Output Size [output_size; observations/s; incremental]	ray-project/ray @ 03491225d59a1ffde99c3628969ccf456be13efd; src/ray/stats/metric_exporter.cc plus vLLM registration path
ray_vllm_request_generation_tokens_count	ray_vllm_request_generation_tokens_count	ray_vllm_request_generation_tokens	histogram	Component,ReplicaId,SessionName,Version,WorkerId,engine,le,model_name	vLLM/Decode	model_name,engine,ReplicaId,WorkerId	workload/outcome	Number of generation tokens processed.	histogram count component; same observation population as the family bucket/quantile, count, and sum components	raw histogram -> incremental -> requests/s; counted/measured object: Number of generation tokens processed.	identity=model_name,engine,ReplicaId,WorkerId; remaining=Component,SessionName,Version,le retained as source metadata or intentionally aggregated by this chart; label availability follows exporter configuration; no optional label is used as instance identity unless the chart route requires it	Ray node metrics export carrying vLLM metrics; underlying vLLM feature/connector gate also applies	source-derived synthetic shape/routing proof; does not prove live enablement, values, cadence, or cardinality	chart	vLLM/Decode / Decode Request Measurements [request_measurements; requests/s; incremental]	ray-project/ray @ 03491225d59a1ffde99c3628969ccf456be13efd; src/ray/stats/metric_exporter.cc plus vLLM registration path
ray_vllm_request_generation_tokens_sum	ray_vllm_request_generation_tokens_sum	ray_vllm_request_generation_tokens	histogram	Component,ReplicaId,SessionName,Version,WorkerId,engine,le,model_name	vLLM/Decode	model_name,engine,ReplicaId,WorkerId	workload/outcome	Number of generation tokens processed.	histogram sum component; same observation population as the family bucket/quantile, count, and sum components	raw histogram -> incremental -> tokens/s; counted/measured object: Number of generation tokens processed.	identity=model_name,engine,ReplicaId,WorkerId; remaining=Component,SessionName,Version,le retained as source metadata or intentionally aggregated by this chart; label availability follows exporter configuration; no optional label is used as instance identity unless the chart route requires it	Ray node metrics export carrying vLLM metrics; underlying vLLM feature/connector gate also applies	source-derived synthetic shape/routing proof; does not prove live enablement, values, cadence, or cardinality	chart	vLLM/Decode / Output Token Volume [output_token_volume; tokens/s; incremental]	ray-project/ray @ 03491225d59a1ffde99c3628969ccf456be13efd; src/ray/stats/metric_exporter.cc plus vLLM registration path
ray_vllm_request_inference_time_seconds_bucket	ray_vllm_request_inference_time_seconds_bucket	ray_vllm_request_inference_time_seconds	histogram	Component,ReplicaId,SessionName,Version,WorkerId,engine,le,model_name	vLLM/Engine Execution	model_name,engine,ReplicaId,WorkerId	latency	Histogram of time spent in RUNNING phase for request.	histogram bucket component; same observation population as the family bucket/quantile, count, and sum components	raw histogram -> incremental -> observations/s; counted/measured object: Histogram of time spent in RUNNING phase for request.	identity=model_name,engine,ReplicaId,WorkerId; remaining=Component,SessionName,Version,le retained as source metadata or intentionally aggregated by this chart; label availability follows exporter configuration; no optional label is used as instance identity unless the chart route requires it	Ray node metrics export carrying vLLM metrics; underlying vLLM feature/connector gate also applies	source-derived synthetic shape/routing proof; does not prove live enablement, values, cadence, or cardinality	chart	vLLM/Engine Execution / Inference Time [inference_time; observations/s; incremental]	ray-project/ray @ 03491225d59a1ffde99c3628969ccf456be13efd; src/ray/stats/metric_exporter.cc plus vLLM registration path
ray_vllm_request_inference_time_seconds_count	ray_vllm_request_inference_time_seconds_count	ray_vllm_request_inference_time_seconds	histogram	Component,ReplicaId,SessionName,Version,WorkerId,engine,le,model_name	vLLM/Engine Execution	model_name,engine,ReplicaId,WorkerId	latency	Histogram of time spent in RUNNING phase for request.	histogram count component; same observation population as the family bucket/quantile, count, and sum components	raw histogram -> incremental -> requests/s; counted/measured object: Histogram of time spent in RUNNING phase for request.	identity=model_name,engine,ReplicaId,WorkerId; remaining=Component,SessionName,Version,le retained as source metadata or intentionally aggregated by this chart; label availability follows exporter configuration; no optional label is used as instance identity unless the chart route requires it	Ray node metrics export carrying vLLM metrics; underlying vLLM feature/connector gate also applies	source-derived synthetic shape/routing proof; does not prove live enablement, values, cadence, or cardinality	chart	vLLM/Engine Execution / Inference Request Measurements [request_measurements; requests/s; incremental]	ray-project/ray @ 03491225d59a1ffde99c3628969ccf456be13efd; src/ray/stats/metric_exporter.cc plus vLLM registration path
ray_vllm_request_inference_time_seconds_sum	ray_vllm_request_inference_time_seconds_sum	ray_vllm_request_inference_time_seconds	histogram	Component,ReplicaId,SessionName,Version,WorkerId,engine,le,model_name	vLLM/Engine Execution	model_name,engine,ReplicaId,WorkerId	latency	Histogram of time spent in RUNNING phase for request.	histogram sum component; same observation population as the family bucket/quantile, count, and sum components	raw histogram -> incremental -> in-flight; counted/measured object: Histogram of time spent in RUNNING phase for request.	identity=model_name,engine,ReplicaId,WorkerId; remaining=Component,SessionName,Version,le retained as source metadata or intentionally aggregated by this chart; label availability follows exporter configuration; no optional label is used as instance identity unless the chart route requires it	Ray node metrics export carrying vLLM metrics; underlying vLLM feature/connector gate also applies	source-derived synthetic shape/routing proof; does not prove live enablement, values, cadence, or cardinality	chart	vLLM/Engine Execution / Inference Concurrency [concurrency; in-flight; incremental]	ray-project/ray @ 03491225d59a1ffde99c3628969ccf456be13efd; src/ray/stats/metric_exporter.cc plus vLLM registration path
ray_vllm_request_max_num_generation_tokens_bucket	ray_vllm_request_max_num_generation_tokens_bucket	ray_vllm_request_max_num_generation_tokens	histogram	Component,ReplicaId,SessionName,Version,WorkerId,engine,le,model_name	vLLM/Request Lifecycle	model_name,engine,ReplicaId,WorkerId	capacity/resource	Histogram of maximum number of requested generation tokens.	histogram bucket component; same observation population as the family bucket/quantile, count, and sum components	raw histogram -> incremental -> observations/s; counted/measured object: Histogram of maximum number of requested generation tokens.	identity=model_name,engine,ReplicaId,WorkerId; remaining=Component,SessionName,Version,le retained as source metadata or intentionally aggregated by this chart; label availability follows exporter configuration; no optional label is used as instance identity unless the chart route requires it	Ray node metrics export carrying vLLM metrics; underlying vLLM feature/connector gate also applies	source-derived synthetic shape/routing proof; does not prove live enablement, values, cadence, or cardinality	chart	vLLM/Request Lifecycle / Maximum Generated Tokens [maximum_generated_tokens; observations/s; incremental]	ray-project/ray @ 03491225d59a1ffde99c3628969ccf456be13efd; src/ray/stats/metric_exporter.cc plus vLLM registration path
ray_vllm_request_max_num_generation_tokens_sum	ray_vllm_request_max_num_generation_tokens_sum	ray_vllm_request_max_num_generation_tokens	histogram	Component,ReplicaId,SessionName,Version,WorkerId,engine,le,model_name	vLLM/Request Lifecycle	model_name,engine,ReplicaId,WorkerId	capacity/resource	Histogram of maximum number of requested generation tokens.	histogram sum component; same observation population as the family bucket/quantile, count, and sum components	raw histogram -> incremental -> tokens/s; counted/measured object: Histogram of maximum number of requested generation tokens.	identity=model_name,engine,ReplicaId,WorkerId; remaining=Component,SessionName,Version,le retained as source metadata or intentionally aggregated by this chart; label availability follows exporter configuration; no optional label is used as instance identity unless the chart route requires it	Ray node metrics export carrying vLLM metrics; underlying vLLM feature/connector gate also applies	source-derived synthetic shape/routing proof; does not prove live enablement, values, cadence, or cardinality	chart	vLLM/Request Lifecycle / Maximum Generated Tokens Sum [maximum_generated_tokens_sum; tokens/s; incremental]	ray-project/ray @ 03491225d59a1ffde99c3628969ccf456be13efd; src/ray/stats/metric_exporter.cc plus vLLM registration path
ray_vllm_request_max_num_generation_tokens_count	ray_vllm_request_max_num_generation_tokens_count	ray_vllm_request_max_num_generation_tokens	histogram	Component,ReplicaId,SessionName,Version,WorkerId,engine,le,model_name	vLLM/Request Lifecycle	model_name,engine,ReplicaId,WorkerId	capacity/resource	Histogram of maximum number of requested generation tokens.	histogram count component; same observation population as the family bucket/quantile, count, and sum components	raw histogram -> incremental -> requests/s; counted/measured object: Histogram of maximum number of requested generation tokens.	identity=model_name,engine,ReplicaId,WorkerId; remaining=Component,SessionName,Version,le retained as source metadata or intentionally aggregated by this chart; label availability follows exporter configuration; no optional label is used as instance identity unless the chart route requires it	Ray node metrics export carrying vLLM metrics; underlying vLLM feature/connector gate also applies	source-derived synthetic shape/routing proof; does not prove live enablement, values, cadence, or cardinality	chart	vLLM/Request Lifecycle / Parent Request Measurements [parent_request_measurements; requests/s; incremental]	ray-project/ray @ 03491225d59a1ffde99c3628969ccf456be13efd; src/ray/stats/metric_exporter.cc plus vLLM registration path
ray_vllm_request_params_max_tokens_bucket	ray_vllm_request_params_max_tokens_bucket	ray_vllm_request_params_max_tokens	histogram	Component,ReplicaId,SessionName,Version,WorkerId,engine,le,model_name	vLLM/Request Lifecycle	model_name,engine,ReplicaId,WorkerId	capacity/resource	Histogram of the max_tokens request parameter.	histogram bucket component; same observation population as the family bucket/quantile, count, and sum components	raw histogram -> incremental -> observations/s; counted/measured object: Histogram of the max_tokens request parameter.	identity=model_name,engine,ReplicaId,WorkerId; remaining=Component,SessionName,Version,le retained as source metadata or intentionally aggregated by this chart; label availability follows exporter configuration; no optional label is used as instance identity unless the chart route requires it	Ray node metrics export carrying vLLM metrics; underlying vLLM feature/connector gate also applies	source-derived synthetic shape/routing proof; does not prove live enablement, values, cadence, or cardinality	chart	vLLM/Request Lifecycle / Requested Token Limit [requested_token_limit; observations/s; incremental]	ray-project/ray @ 03491225d59a1ffde99c3628969ccf456be13efd; src/ray/stats/metric_exporter.cc plus vLLM registration path
ray_vllm_request_params_max_tokens_sum	ray_vllm_request_params_max_tokens_sum	ray_vllm_request_params_max_tokens	histogram	Component,ReplicaId,SessionName,Version,WorkerId,engine,le,model_name	vLLM/Request Lifecycle	model_name,engine,ReplicaId,WorkerId	capacity/resource	Histogram of the max_tokens request parameter.	histogram sum component; same observation population as the family bucket/quantile, count, and sum components	raw histogram -> incremental -> tokens/s; counted/measured object: Histogram of the max_tokens request parameter.	identity=model_name,engine,ReplicaId,WorkerId; remaining=Component,SessionName,Version,le retained as source metadata or intentionally aggregated by this chart; label availability follows exporter configuration; no optional label is used as instance identity unless the chart route requires it	Ray node metrics export carrying vLLM metrics; underlying vLLM feature/connector gate also applies	source-derived synthetic shape/routing proof; does not prove live enablement, values, cadence, or cardinality	chart	vLLM/Request Lifecycle / Requested Token Limits Sum [requested_token_limits_sum; tokens/s; incremental]	ray-project/ray @ 03491225d59a1ffde99c3628969ccf456be13efd; src/ray/stats/metric_exporter.cc plus vLLM registration path
ray_vllm_request_params_max_tokens_count	ray_vllm_request_params_max_tokens_count	ray_vllm_request_params_max_tokens	histogram	Component,ReplicaId,SessionName,Version,WorkerId,engine,le,model_name	vLLM/Request Lifecycle	model_name,engine,ReplicaId,WorkerId	capacity/resource	Histogram of the max_tokens request parameter.	histogram count component; same observation population as the family bucket/quantile, count, and sum components	raw histogram -> incremental -> requests/s; counted/measured object: Histogram of the max_tokens request parameter.	identity=model_name,engine,ReplicaId,WorkerId; remaining=Component,SessionName,Version,le retained as source metadata or intentionally aggregated by this chart; label availability follows exporter configuration; no optional label is used as instance identity unless the chart route requires it	Ray node metrics export carrying vLLM metrics; underlying vLLM feature/connector gate also applies	source-derived synthetic shape/routing proof; does not prove live enablement, values, cadence, or cardinality	chart	vLLM/Request Lifecycle / Parent Request Measurements [parent_request_measurements; requests/s; incremental]	ray-project/ray @ 03491225d59a1ffde99c3628969ccf456be13efd; src/ray/stats/metric_exporter.cc plus vLLM registration path
ray_vllm_request_params_n_bucket	ray_vllm_request_params_n_bucket	ray_vllm_request_params_n	histogram	Component,ReplicaId,SessionName,Version,WorkerId,engine,le,model_name	vLLM/Request Lifecycle	model_name,engine,ReplicaId,WorkerId	workload/outcome	Histogram of the n request parameter.	histogram bucket component; same observation population as the family bucket/quantile, count, and sum components	raw histogram -> incremental -> observations/s; counted/measured object: Histogram of the n request parameter.	identity=model_name,engine,ReplicaId,WorkerId; remaining=Component,SessionName,Version,le retained as source metadata or intentionally aggregated by this chart; label availability follows exporter configuration; no optional label is used as instance identity unless the chart route requires it	Ray node metrics export carrying vLLM metrics; underlying vLLM feature/connector gate also applies	source-derived synthetic shape/routing proof; does not prove live enablement, values, cadence, or cardinality	chart	vLLM/Request Lifecycle / Requested Sequences [requested_sequences; observations/s; incremental]	ray-project/ray @ 03491225d59a1ffde99c3628969ccf456be13efd; src/ray/stats/metric_exporter.cc plus vLLM registration path
ray_vllm_request_params_n_sum	ray_vllm_request_params_n_sum	ray_vllm_request_params_n	histogram	Component,ReplicaId,SessionName,Version,WorkerId,engine,le,model_name	vLLM/Request Lifecycle	model_name,engine,ReplicaId,WorkerId	workload/outcome	Histogram of the n request parameter.	histogram sum component; same observation population as the family bucket/quantile, count, and sum components	raw histogram -> incremental -> sequences/s; counted/measured object: Histogram of the n request parameter.	identity=model_name,engine,ReplicaId,WorkerId; remaining=Component,SessionName,Version,le retained as source metadata or intentionally aggregated by this chart; label availability follows exporter configuration; no optional label is used as instance identity unless the chart route requires it	Ray node metrics export carrying vLLM metrics; underlying vLLM feature/connector gate also applies	source-derived synthetic shape/routing proof; does not prove live enablement, values, cadence, or cardinality	chart	vLLM/Request Lifecycle / Requested Sequence Volume [requested_sequence_volume; sequences/s; incremental]	ray-project/ray @ 03491225d59a1ffde99c3628969ccf456be13efd; src/ray/stats/metric_exporter.cc plus vLLM registration path
ray_vllm_request_params_n_count	ray_vllm_request_params_n_count	ray_vllm_request_params_n	histogram	Component,ReplicaId,SessionName,Version,WorkerId,engine,le,model_name	vLLM/Request Lifecycle	model_name,engine,ReplicaId,WorkerId	workload/outcome	Histogram of the n request parameter.	histogram count component; same observation population as the family bucket/quantile, count, and sum components	raw histogram -> incremental -> requests/s; counted/measured object: Histogram of the n request parameter.	identity=model_name,engine,ReplicaId,WorkerId; remaining=Component,SessionName,Version,le retained as source metadata or intentionally aggregated by this chart; label availability follows exporter configuration; no optional label is used as instance identity unless the chart route requires it	Ray node metrics export carrying vLLM metrics; underlying vLLM feature/connector gate also applies	source-derived synthetic shape/routing proof; does not prove live enablement, values, cadence, or cardinality	chart	vLLM/Request Lifecycle / Parent Request Measurements [parent_request_measurements; requests/s; incremental]	ray-project/ray @ 03491225d59a1ffde99c3628969ccf456be13efd; src/ray/stats/metric_exporter.cc plus vLLM registration path
ray_vllm_request_prefill_kv_computed_tokens_bucket	ray_vllm_request_prefill_kv_computed_tokens_bucket	ray_vllm_request_prefill_kv_computed_tokens	histogram	Component,ReplicaId,SessionName,Version,WorkerId,engine,le,model_name	vLLM/Prefill	model_name,engine,ReplicaId,WorkerId	workload/outcome	Histogram of new KV tokens computed during prefill (excluding cached tokens).	histogram bucket component; same observation population as the family bucket/quantile, count, and sum components	raw histogram -> incremental -> observations/s; counted/measured object: Histogram of new KV tokens computed during prefill (excluding cached tokens).	identity=model_name,engine,ReplicaId,WorkerId; remaining=Component,SessionName,Version,le retained as source metadata or intentionally aggregated by this chart; label availability follows exporter configuration; no optional label is used as instance identity unless the chart route requires it	Ray node metrics export carrying vLLM metrics; underlying vLLM feature/connector gate also applies	source-derived synthetic shape/routing proof; does not prove live enablement, values, cadence, or cardinality	chart	vLLM/Prefill / Computed KV Tokens [computed_kv_tokens; observations/s; incremental]	ray-project/ray @ 03491225d59a1ffde99c3628969ccf456be13efd; src/ray/stats/metric_exporter.cc plus vLLM registration path
ray_vllm_request_prefill_kv_computed_tokens_count	ray_vllm_request_prefill_kv_computed_tokens_count	ray_vllm_request_prefill_kv_computed_tokens	histogram	Component,ReplicaId,SessionName,Version,WorkerId,engine,le,model_name	vLLM/Prefill	model_name,engine,ReplicaId,WorkerId	workload/outcome	Histogram of new KV tokens computed during prefill (excluding cached tokens).	histogram count component; same observation population as the family bucket/quantile, count, and sum components	raw histogram -> incremental -> requests/s; counted/measured object: Histogram of new KV tokens computed during prefill (excluding cached tokens).	identity=model_name,engine,ReplicaId,WorkerId; remaining=Component,SessionName,Version,le retained as source metadata or intentionally aggregated by this chart; label availability follows exporter configuration; no optional label is used as instance identity unless the chart route requires it	Ray node metrics export carrying vLLM metrics; underlying vLLM feature/connector gate also applies	source-derived synthetic shape/routing proof; does not prove live enablement, values, cadence, or cardinality	chart	vLLM/Prefill / Prefill Request Measurements [request_measurements; requests/s; incremental]	ray-project/ray @ 03491225d59a1ffde99c3628969ccf456be13efd; src/ray/stats/metric_exporter.cc plus vLLM registration path
ray_vllm_request_prefill_kv_computed_tokens_sum	ray_vllm_request_prefill_kv_computed_tokens_sum	ray_vllm_request_prefill_kv_computed_tokens	histogram	Component,ReplicaId,SessionName,Version,WorkerId,engine,le,model_name	vLLM/Prefill	model_name,engine,ReplicaId,WorkerId	workload/outcome	Histogram of new KV tokens computed during prefill (excluding cached tokens).	histogram sum component; same observation population as the family bucket/quantile, count, and sum components	raw histogram -> incremental -> tokens/s; counted/measured object: Histogram of new KV tokens computed during prefill (excluding cached tokens).	identity=model_name,engine,ReplicaId,WorkerId; remaining=Component,SessionName,Version,le retained as source metadata or intentionally aggregated by this chart; label availability follows exporter configuration; no optional label is used as instance identity unless the chart route requires it	Ray node metrics export carrying vLLM metrics; underlying vLLM feature/connector gate also applies	source-derived synthetic shape/routing proof; does not prove live enablement, values, cadence, or cardinality	chart	vLLM/Prefill / Computed KV Token Volume [computed_kv_token_volume; tokens/s; incremental]	ray-project/ray @ 03491225d59a1ffde99c3628969ccf456be13efd; src/ray/stats/metric_exporter.cc plus vLLM registration path
ray_vllm_request_prefill_time_seconds_bucket	ray_vllm_request_prefill_time_seconds_bucket	ray_vllm_request_prefill_time_seconds	histogram	Component,ReplicaId,SessionName,Version,WorkerId,engine,le,model_name	vLLM/Prefill	model_name,engine,ReplicaId,WorkerId	latency	Histogram of time spent in PREFILL phase for request.	histogram bucket component; same observation population as the family bucket/quantile, count, and sum components	raw histogram -> incremental -> observations/s; counted/measured object: Histogram of time spent in PREFILL phase for request.	identity=model_name,engine,ReplicaId,WorkerId; remaining=Component,SessionName,Version,le retained as source metadata or intentionally aggregated by this chart; label availability follows exporter configuration; no optional label is used as instance identity unless the chart route requires it	Ray node metrics export carrying vLLM metrics; underlying vLLM feature/connector gate also applies	source-derived synthetic shape/routing proof; does not prove live enablement, values, cadence, or cardinality	chart	vLLM/Prefill / Prefill Time [prefill_time; observations/s; incremental]	ray-project/ray @ 03491225d59a1ffde99c3628969ccf456be13efd; src/ray/stats/metric_exporter.cc plus vLLM registration path
ray_vllm_request_prefill_time_seconds_count	ray_vllm_request_prefill_time_seconds_count	ray_vllm_request_prefill_time_seconds	histogram	Component,ReplicaId,SessionName,Version,WorkerId,engine,le,model_name	vLLM/Prefill	model_name,engine,ReplicaId,WorkerId	latency	Histogram of time spent in PREFILL phase for request.	histogram count component; same observation population as the family bucket/quantile, count, and sum components	raw histogram -> incremental -> requests/s; counted/measured object: Histogram of time spent in PREFILL phase for request.	identity=model_name,engine,ReplicaId,WorkerId; remaining=Component,SessionName,Version,le retained as source metadata or intentionally aggregated by this chart; label availability follows exporter configuration; no optional label is used as instance identity unless the chart route requires it	Ray node metrics export carrying vLLM metrics; underlying vLLM feature/connector gate also applies	source-derived synthetic shape/routing proof; does not prove live enablement, values, cadence, or cardinality	chart	vLLM/Prefill / Prefill Request Measurements [request_measurements; requests/s; incremental]	ray-project/ray @ 03491225d59a1ffde99c3628969ccf456be13efd; src/ray/stats/metric_exporter.cc plus vLLM registration path
ray_vllm_request_prefill_time_seconds_sum	ray_vllm_request_prefill_time_seconds_sum	ray_vllm_request_prefill_time_seconds	histogram	Component,ReplicaId,SessionName,Version,WorkerId,engine,le,model_name	vLLM/Prefill	model_name,engine,ReplicaId,WorkerId	latency	Histogram of time spent in PREFILL phase for request.	histogram sum component; same observation population as the family bucket/quantile, count, and sum components	raw histogram -> incremental -> in-flight; counted/measured object: Histogram of time spent in PREFILL phase for request.	identity=model_name,engine,ReplicaId,WorkerId; remaining=Component,SessionName,Version,le retained as source metadata or intentionally aggregated by this chart; label availability follows exporter configuration; no optional label is used as instance identity unless the chart route requires it	Ray node metrics export carrying vLLM metrics; underlying vLLM feature/connector gate also applies	source-derived synthetic shape/routing proof; does not prove live enablement, values, cadence, or cardinality	chart	vLLM/Prefill / Prefill Concurrency [concurrency; in-flight; incremental]	ray-project/ray @ 03491225d59a1ffde99c3628969ccf456be13efd; src/ray/stats/metric_exporter.cc plus vLLM registration path
ray_vllm_request_prompt_tokens_bucket	ray_vllm_request_prompt_tokens_bucket	ray_vllm_request_prompt_tokens	histogram	Component,ReplicaId,SessionName,Version,WorkerId,engine,le,model_name	vLLM/Prefill	model_name,engine,ReplicaId,WorkerId	workload/outcome	Number of prefill tokens processed.	histogram bucket component; same observation population as the family bucket/quantile, count, and sum components	raw histogram -> incremental -> observations/s; counted/measured object: Number of prefill tokens processed.	identity=model_name,engine,ReplicaId,WorkerId; remaining=Component,SessionName,Version,le retained as source metadata or intentionally aggregated by this chart; label availability follows exporter configuration; no optional label is used as instance identity unless the chart route requires it	Ray node metrics export carrying vLLM metrics; underlying vLLM feature/connector gate also applies	source-derived synthetic shape/routing proof; does not prove live enablement, values, cadence, or cardinality	chart	vLLM/Prefill / Prompt Size [prompt_size; observations/s; incremental]	ray-project/ray @ 03491225d59a1ffde99c3628969ccf456be13efd; src/ray/stats/metric_exporter.cc plus vLLM registration path
ray_vllm_request_prompt_tokens_count	ray_vllm_request_prompt_tokens_count	ray_vllm_request_prompt_tokens	histogram	Component,ReplicaId,SessionName,Version,WorkerId,engine,le,model_name	vLLM/Prefill	model_name,engine,ReplicaId,WorkerId	workload/outcome	Number of prefill tokens processed.	histogram count component; same observation population as the family bucket/quantile, count, and sum components	raw histogram -> incremental -> requests/s; counted/measured object: Number of prefill tokens processed.	identity=model_name,engine,ReplicaId,WorkerId; remaining=Component,SessionName,Version,le retained as source metadata or intentionally aggregated by this chart; label availability follows exporter configuration; no optional label is used as instance identity unless the chart route requires it	Ray node metrics export carrying vLLM metrics; underlying vLLM feature/connector gate also applies	source-derived synthetic shape/routing proof; does not prove live enablement, values, cadence, or cardinality	chart	vLLM/Prefill / Prefill Request Measurements [request_measurements; requests/s; incremental]	ray-project/ray @ 03491225d59a1ffde99c3628969ccf456be13efd; src/ray/stats/metric_exporter.cc plus vLLM registration path
ray_vllm_request_prompt_tokens_sum	ray_vllm_request_prompt_tokens_sum	ray_vllm_request_prompt_tokens	histogram	Component,ReplicaId,SessionName,Version,WorkerId,engine,le,model_name	vLLM/Prefill	model_name,engine,ReplicaId,WorkerId	workload/outcome	Number of prefill tokens processed.	histogram sum component; same observation population as the family bucket/quantile, count, and sum components	raw histogram -> incremental -> tokens/s; counted/measured object: Number of prefill tokens processed.	identity=model_name,engine,ReplicaId,WorkerId; remaining=Component,SessionName,Version,le retained as source metadata or intentionally aggregated by this chart; label availability follows exporter configuration; no optional label is used as instance identity unless the chart route requires it	Ray node metrics export carrying vLLM metrics; underlying vLLM feature/connector gate also applies	source-derived synthetic shape/routing proof; does not prove live enablement, values, cadence, or cardinality	chart	vLLM/Prefill / Completed Request Prompt Volume [completed_request_prompt_volume; tokens/s; incremental]	ray-project/ray @ 03491225d59a1ffde99c3628969ccf456be13efd; src/ray/stats/metric_exporter.cc plus vLLM registration path
ray_vllm_request_queue_time_seconds_bucket	ray_vllm_request_queue_time_seconds_bucket	ray_vllm_request_queue_time_seconds	histogram	Component,ReplicaId,SessionName,Version,WorkerId,engine,le,model_name	vLLM/Scheduler	model_name,engine,ReplicaId,WorkerId	latency	Histogram of time spent in WAITING phase for request.	histogram bucket component; same observation population as the family bucket/quantile, count, and sum components	raw histogram -> incremental -> observations/s; counted/measured object: Histogram of time spent in WAITING phase for request.	identity=model_name,engine,ReplicaId,WorkerId; remaining=Component,SessionName,Version,le retained as source metadata or intentionally aggregated by this chart; label availability follows exporter configuration; no optional label is used as instance identity unless the chart route requires it	Ray node metrics export carrying vLLM metrics; underlying vLLM feature/connector gate also applies	source-derived synthetic shape/routing proof; does not prove live enablement, values, cadence, or cardinality	chart	vLLM/Scheduler / Request Queue Time [queue_time; observations/s; incremental]	ray-project/ray @ 03491225d59a1ffde99c3628969ccf456be13efd; src/ray/stats/metric_exporter.cc plus vLLM registration path
ray_vllm_request_queue_time_seconds_count	ray_vllm_request_queue_time_seconds_count	ray_vllm_request_queue_time_seconds	histogram	Component,ReplicaId,SessionName,Version,WorkerId,engine,le,model_name	vLLM/Scheduler	model_name,engine,ReplicaId,WorkerId	latency	Histogram of time spent in WAITING phase for request.	histogram count component; same observation population as the family bucket/quantile, count, and sum components	raw histogram -> incremental -> requests/s; counted/measured object: Histogram of time spent in WAITING phase for request.	identity=model_name,engine,ReplicaId,WorkerId; remaining=Component,SessionName,Version,le retained as source metadata or intentionally aggregated by this chart; label availability follows exporter configuration; no optional label is used as instance identity unless the chart route requires it	Ray node metrics export carrying vLLM metrics; underlying vLLM feature/connector gate also applies	source-derived synthetic shape/routing proof; does not prove live enablement, values, cadence, or cardinality	chart	vLLM/Scheduler / Queued Request Measurements [queued_request_measurements; requests/s; incremental]	ray-project/ray @ 03491225d59a1ffde99c3628969ccf456be13efd; src/ray/stats/metric_exporter.cc plus vLLM registration path
ray_vllm_request_queue_time_seconds_sum	ray_vllm_request_queue_time_seconds_sum	ray_vllm_request_queue_time_seconds	histogram	Component,ReplicaId,SessionName,Version,WorkerId,engine,le,model_name	vLLM/Scheduler	model_name,engine,ReplicaId,WorkerId	latency	Histogram of time spent in WAITING phase for request.	histogram sum component; same observation population as the family bucket/quantile, count, and sum components	raw histogram -> incremental -> in-flight; counted/measured object: Histogram of time spent in WAITING phase for request.	identity=model_name,engine,ReplicaId,WorkerId; remaining=Component,SessionName,Version,le retained as source metadata or intentionally aggregated by this chart; label availability follows exporter configuration; no optional label is used as instance identity unless the chart route requires it	Ray node metrics export carrying vLLM metrics; underlying vLLM feature/connector gate also applies	source-derived synthetic shape/routing proof; does not prove live enablement, values, cadence, or cardinality	chart	vLLM/Scheduler / Queue Concurrency [queue_concurrency; in-flight; incremental]	ray-project/ray @ 03491225d59a1ffde99c3628969ccf456be13efd; src/ray/stats/metric_exporter.cc plus vLLM registration path
ray_vllm_request_success	ray_vllm_request_success	ray_vllm_request_success	gauge	Component,ReplicaId,SessionName,Version,WorkerId,engine,finished_reason,model_name	<excluded>	<none>	workload/outcome	Deprecated Ray counter compatibility gauge: Count of successfully processed requests.	Ray compatibility gauge alias of the canonical counter family; default unless RAY_EXPORT_COUNTER_AS_GAUGE=0	raw gauge; no rendered unit because job-excluded	source labels=Component,ReplicaId,SessionName,Version,WorkerId,engine,finished_reason,model_name; no chart identity/dimension role	Ray node metrics export; compatibility alias enabled by default and disabled with RAY_EXPORT_COUNTER_AS_GAUGE=0	source-derived synthetic shape/routing proof; exclusion reason is runtime-validated	job-excluded	recommended job exclusion; lost question documented in OPERATOR-MODEL.md	ray-project/ray @ 03491225d59a1ffde99c3628969ccf456be13efd; src/ray/stats/metric_exporter.cc plus vLLM registration path
ray_vllm_request_success_total	ray_vllm_request_success_total	ray_vllm_request_success_total	counter	Component,ReplicaId,SessionName,Version,WorkerId,engine,finished_reason,model_name	vLLM/Request Lifecycle	model_name,engine,ReplicaId,WorkerId	workload/outcome	Count of successfully processed requests.	independent source family unless a source-defined relationship is stated in OPERATOR-MODEL.md	raw counter -> incremental -> requests/s; counted/measured object: Count of successfully processed requests.	identity=model_name,engine,ReplicaId,WorkerId; dimension=finished_reason; remaining=Component,SessionName,Version retained as source metadata or intentionally aggregated by this chart; label availability follows exporter configuration; no optional label is used as instance identity unless the chart route requires it	Ray node metrics export carrying vLLM metrics; underlying vLLM feature/connector gate also applies	source-derived synthetic shape/routing proof; does not prove live enablement, values, cadence, or cardinality	chart	vLLM/Request Lifecycle / Request Outcomes [outcomes; requests/s; incremental]	ray-project/ray @ 03491225d59a1ffde99c3628969ccf456be13efd; src/ray/stats/metric_exporter.cc plus vLLM registration path
ray_vllm_request_time_per_output_token_seconds_bucket	ray_vllm_request_time_per_output_token_seconds_bucket	ray_vllm_request_time_per_output_token_seconds	histogram	Component,ReplicaId,SessionName,Version,WorkerId,engine,le,model_name	vLLM/Decode	model_name,engine,ReplicaId,WorkerId	latency	Histogram of time_per_output_token_seconds per request.	histogram bucket component; same observation population as the family bucket/quantile, count, and sum components	raw histogram -> incremental -> observations/s; counted/measured object: Histogram of time_per_output_token_seconds per request.	identity=model_name,engine,ReplicaId,WorkerId; remaining=Component,SessionName,Version,le retained as source metadata or intentionally aggregated by this chart; label availability follows exporter configuration; no optional label is used as instance identity unless the chart route requires it	Ray node metrics export carrying vLLM metrics; underlying vLLM feature/connector gate also applies	source-derived synthetic shape/routing proof; does not prove live enablement, values, cadence, or cardinality	chart	vLLM/Decode / Mean Output-Token Time [mean_output_token_time; observations/s; incremental]	ray-project/ray @ 03491225d59a1ffde99c3628969ccf456be13efd; src/ray/stats/metric_exporter.cc plus vLLM registration path
ray_vllm_request_time_per_output_token_seconds_count	ray_vllm_request_time_per_output_token_seconds_count	ray_vllm_request_time_per_output_token_seconds	histogram	Component,ReplicaId,SessionName,Version,WorkerId,engine,le,model_name	vLLM/Decode	model_name,engine,ReplicaId,WorkerId	latency	Histogram of time_per_output_token_seconds per request.	histogram count component; same observation population as the family bucket/quantile, count, and sum components	raw histogram -> incremental -> requests/s; counted/measured object: Histogram of time_per_output_token_seconds per request.	identity=model_name,engine,ReplicaId,WorkerId; remaining=Component,SessionName,Version,le retained as source metadata or intentionally aggregated by this chart; label availability follows exporter configuration; no optional label is used as instance identity unless the chart route requires it	Ray node metrics export carrying vLLM metrics; underlying vLLM feature/connector gate also applies	source-derived synthetic shape/routing proof; does not prove live enablement, values, cadence, or cardinality	chart	vLLM/Decode / Decode Request Measurements [request_measurements; requests/s; incremental]	ray-project/ray @ 03491225d59a1ffde99c3628969ccf456be13efd; src/ray/stats/metric_exporter.cc plus vLLM registration path
ray_vllm_request_time_per_output_token_seconds_sum	ray_vllm_request_time_per_output_token_seconds_sum	ray_vllm_request_time_per_output_token_seconds	histogram	Component,ReplicaId,SessionName,Version,WorkerId,engine,le,model_name	vLLM/Decode	model_name,engine,ReplicaId,WorkerId	latency	Histogram of time_per_output_token_seconds per request.	histogram sum component; same observation population as the family bucket/quantile, count, and sum components	raw histogram -> incremental -> seconds/s; counted/measured object: Histogram of time_per_output_token_seconds per request.	identity=model_name,engine,ReplicaId,WorkerId; remaining=Component,SessionName,Version,le retained as source metadata or intentionally aggregated by this chart; label availability follows exporter configuration; no optional label is used as instance identity unless the chart route requires it	Ray node metrics export carrying vLLM metrics; underlying vLLM feature/connector gate also applies	source-derived synthetic shape/routing proof; does not prove live enablement, values, cadence, or cardinality	chart	vLLM/Decode / Accumulated Mean Output-Token Time [accumulated_mean_output_token_time; seconds/s; incremental]	ray-project/ray @ 03491225d59a1ffde99c3628969ccf456be13efd; src/ray/stats/metric_exporter.cc plus vLLM registration path
ray_vllm_spec_decode_num_accepted_tokens	ray_vllm_spec_decode_num_accepted_tokens	ray_vllm_spec_decode_num_accepted_tokens	gauge	Component,ReplicaId,SessionName,Version,WorkerId,engine,model_name	<excluded>	<none>	workload/outcome	Deprecated Ray counter compatibility gauge: Number of accepted tokens.	Ray compatibility gauge alias of the canonical counter family; default unless RAY_EXPORT_COUNTER_AS_GAUGE=0	raw gauge; no rendered unit because job-excluded	source labels=Component,ReplicaId,SessionName,Version,WorkerId,engine,model_name; no chart identity/dimension role	Ray node metrics export; compatibility alias enabled by default and disabled with RAY_EXPORT_COUNTER_AS_GAUGE=0	source-derived synthetic shape/routing proof; exclusion reason is runtime-validated	job-excluded	recommended job exclusion; lost question documented in OPERATOR-MODEL.md	ray-project/ray @ 03491225d59a1ffde99c3628969ccf456be13efd; src/ray/stats/metric_exporter.cc plus vLLM registration path
ray_vllm_spec_decode_num_accepted_tokens_per_pos	ray_vllm_spec_decode_num_accepted_tokens_per_pos	ray_vllm_spec_decode_num_accepted_tokens_per_pos	gauge	Component,ReplicaId,SessionName,Version,WorkerId,engine,model_name,position	<excluded>	<none>	workload/outcome	Deprecated Ray counter compatibility gauge: Accepted tokens per draft position.	Ray compatibility gauge alias of the canonical counter family; default unless RAY_EXPORT_COUNTER_AS_GAUGE=0	raw gauge; no rendered unit because job-excluded	source labels=Component,ReplicaId,SessionName,Version,WorkerId,engine,model_name,position; no chart identity/dimension role	Ray node metrics export; compatibility alias enabled by default and disabled with RAY_EXPORT_COUNTER_AS_GAUGE=0	source-derived synthetic shape/routing proof; exclusion reason is runtime-validated	job-excluded	recommended job exclusion; lost question documented in OPERATOR-MODEL.md	ray-project/ray @ 03491225d59a1ffde99c3628969ccf456be13efd; src/ray/stats/metric_exporter.cc plus vLLM registration path
ray_vllm_spec_decode_num_accepted_tokens_per_pos_total	ray_vllm_spec_decode_num_accepted_tokens_per_pos_total	ray_vllm_spec_decode_num_accepted_tokens_per_pos_total	counter	Component,ReplicaId,SessionName,Version,WorkerId,engine,model_name,position	vLLM/Speculative Decoding	model_name,engine,ReplicaId,WorkerId	workload/outcome	Accepted tokens per draft position.	independent source family unless a source-defined relationship is stated in OPERATOR-MODEL.md	raw counter -> incremental -> tokens/s; counted/measured object: Accepted tokens per draft position.	identity=model_name,engine,ReplicaId,WorkerId; dimension=position; remaining=Component,SessionName,Version retained as source metadata or intentionally aggregated by this chart; label availability follows exporter configuration; no optional label is used as instance identity unless the chart route requires it	Ray node metrics export carrying vLLM metrics; underlying vLLM feature/connector gate also applies	source-derived synthetic shape/routing proof; does not prove live enablement, values, cadence, or cardinality	chart	vLLM/Speculative Decoding / Accepted Tokens by Position [accepted_by_position; tokens/s; incremental]	ray-project/ray @ 03491225d59a1ffde99c3628969ccf456be13efd; src/ray/stats/metric_exporter.cc plus vLLM registration path
ray_vllm_spec_decode_num_accepted_tokens_total	ray_vllm_spec_decode_num_accepted_tokens_total	ray_vllm_spec_decode_num_accepted_tokens_total	counter	Component,ReplicaId,SessionName,Version,WorkerId,engine,model_name	vLLM/Speculative Decoding	model_name,engine,ReplicaId,WorkerId	workload/outcome	Number of accepted tokens.	independent source family unless a source-defined relationship is stated in OPERATOR-MODEL.md	raw counter -> incremental -> tokens/s; counted/measured object: Number of accepted tokens.	identity=model_name,engine,ReplicaId,WorkerId; remaining=Component,SessionName,Version retained as source metadata or intentionally aggregated by this chart; label availability follows exporter configuration; no optional label is used as instance identity unless the chart route requires it	Ray node metrics export carrying vLLM metrics; underlying vLLM feature/connector gate also applies	source-derived synthetic shape/routing proof; does not prove live enablement, values, cadence, or cardinality	chart	vLLM/Speculative Decoding / Draft Token Outcomes [token_outcomes; tokens/s; incremental]	ray-project/ray @ 03491225d59a1ffde99c3628969ccf456be13efd; src/ray/stats/metric_exporter.cc plus vLLM registration path
ray_vllm_spec_decode_num_draft_tokens	ray_vllm_spec_decode_num_draft_tokens	ray_vllm_spec_decode_num_draft_tokens	gauge	Component,ReplicaId,SessionName,Version,WorkerId,engine,model_name	<excluded>	<none>	workload/outcome	Deprecated Ray counter compatibility gauge: Number of draft tokens.	Ray compatibility gauge alias of the canonical counter family; default unless RAY_EXPORT_COUNTER_AS_GAUGE=0	raw gauge; no rendered unit because job-excluded	source labels=Component,ReplicaId,SessionName,Version,WorkerId,engine,model_name; no chart identity/dimension role	Ray node metrics export; compatibility alias enabled by default and disabled with RAY_EXPORT_COUNTER_AS_GAUGE=0	source-derived synthetic shape/routing proof; exclusion reason is runtime-validated	job-excluded	recommended job exclusion; lost question documented in OPERATOR-MODEL.md	ray-project/ray @ 03491225d59a1ffde99c3628969ccf456be13efd; src/ray/stats/metric_exporter.cc plus vLLM registration path
ray_vllm_spec_decode_num_draft_tokens_total	ray_vllm_spec_decode_num_draft_tokens_total	ray_vllm_spec_decode_num_draft_tokens_total	counter	Component,ReplicaId,SessionName,Version,WorkerId,engine,model_name	vLLM/Speculative Decoding	model_name,engine,ReplicaId,WorkerId	workload/outcome	Number of draft tokens.	independent source family unless a source-defined relationship is stated in OPERATOR-MODEL.md	raw counter -> incremental -> tokens/s; counted/measured object: Number of draft tokens.	identity=model_name,engine,ReplicaId,WorkerId; remaining=Component,SessionName,Version retained as source metadata or intentionally aggregated by this chart; label availability follows exporter configuration; no optional label is used as instance identity unless the chart route requires it	Ray node metrics export carrying vLLM metrics; underlying vLLM feature/connector gate also applies	source-derived synthetic shape/routing proof; does not prove live enablement, values, cadence, or cardinality	chart	vLLM/Speculative Decoding / Draft Token Outcomes [token_outcomes; tokens/s; incremental]	ray-project/ray @ 03491225d59a1ffde99c3628969ccf456be13efd; src/ray/stats/metric_exporter.cc plus vLLM registration path
ray_vllm_spec_decode_num_drafts	ray_vllm_spec_decode_num_drafts	ray_vllm_spec_decode_num_drafts	gauge	Component,ReplicaId,SessionName,Version,WorkerId,engine,model_name	<excluded>	<none>	domain signal	Deprecated Ray counter compatibility gauge: Number of spec decoding drafts.	Ray compatibility gauge alias of the canonical counter family; default unless RAY_EXPORT_COUNTER_AS_GAUGE=0	raw gauge; no rendered unit because job-excluded	source labels=Component,ReplicaId,SessionName,Version,WorkerId,engine,model_name; no chart identity/dimension role	Ray node metrics export; compatibility alias enabled by default and disabled with RAY_EXPORT_COUNTER_AS_GAUGE=0	source-derived synthetic shape/routing proof; exclusion reason is runtime-validated	job-excluded	recommended job exclusion; lost question documented in OPERATOR-MODEL.md	ray-project/ray @ 03491225d59a1ffde99c3628969ccf456be13efd; src/ray/stats/metric_exporter.cc plus vLLM registration path
ray_vllm_spec_decode_num_drafts_total	ray_vllm_spec_decode_num_drafts_total	ray_vllm_spec_decode_num_drafts_total	counter	Component,ReplicaId,SessionName,Version,WorkerId,engine,model_name	vLLM/Speculative Decoding	model_name,engine,ReplicaId,WorkerId	domain signal	Number of spec decoding drafts.	independent source family unless a source-defined relationship is stated in OPERATOR-MODEL.md	raw counter -> incremental -> drafts/s; counted/measured object: Number of spec decoding drafts.	identity=model_name,engine,ReplicaId,WorkerId; remaining=Component,SessionName,Version retained as source metadata or intentionally aggregated by this chart; label availability follows exporter configuration; no optional label is used as instance identity unless the chart route requires it	Ray node metrics export carrying vLLM metrics; underlying vLLM feature/connector gate also applies	source-derived synthetic shape/routing proof; does not prove live enablement, values, cadence, or cardinality	chart	vLLM/Speculative Decoding / Drafts [drafts; drafts/s; incremental]	ray-project/ray @ 03491225d59a1ffde99c3628969ccf456be13efd; src/ray/stats/metric_exporter.cc plus vLLM registration path
ray_vllm_time_to_first_token_seconds_bucket	ray_vllm_time_to_first_token_seconds_bucket	ray_vllm_time_to_first_token_seconds	histogram	Component,ReplicaId,SessionName,Version,WorkerId,engine,le,model_name	vLLM/Request Lifecycle	model_name,engine,ReplicaId,WorkerId	latency	Histogram of time to first token in seconds.	histogram bucket component; same observation population as the family bucket/quantile, count, and sum components	raw histogram -> incremental -> observations/s; counted/measured object: Histogram of time to first token in seconds.	identity=model_name,engine,ReplicaId,WorkerId; remaining=Component,SessionName,Version,le retained as source metadata or intentionally aggregated by this chart; label availability follows exporter configuration; no optional label is used as instance identity unless the chart route requires it	Ray node metrics export carrying vLLM metrics; underlying vLLM feature/connector gate also applies	source-derived synthetic shape/routing proof; does not prove live enablement, values, cadence, or cardinality	chart	vLLM/Request Lifecycle / Time to First Token [time_to_first_token; observations/s; incremental]	ray-project/ray @ 03491225d59a1ffde99c3628969ccf456be13efd; src/ray/stats/metric_exporter.cc plus vLLM registration path
ray_vllm_time_to_first_token_seconds_count	ray_vllm_time_to_first_token_seconds_count	ray_vllm_time_to_first_token_seconds	histogram	Component,ReplicaId,SessionName,Version,WorkerId,engine,le,model_name	vLLM/Request Lifecycle	model_name,engine,ReplicaId,WorkerId	latency	Histogram of time to first token in seconds.	histogram count component; same observation population as the family bucket/quantile, count, and sum components	raw histogram -> incremental -> requests/s; counted/measured object: Histogram of time to first token in seconds.	identity=model_name,engine,ReplicaId,WorkerId; remaining=Component,SessionName,Version,le retained as source metadata or intentionally aggregated by this chart; label availability follows exporter configuration; no optional label is used as instance identity unless the chart route requires it	Ray node metrics export carrying vLLM metrics; underlying vLLM feature/connector gate also applies	source-derived synthetic shape/routing proof; does not prove live enablement, values, cadence, or cardinality	chart	vLLM/Request Lifecycle / Lifecycle Request Measurements [request_measurements; requests/s; incremental]	ray-project/ray @ 03491225d59a1ffde99c3628969ccf456be13efd; src/ray/stats/metric_exporter.cc plus vLLM registration path
ray_vllm_time_to_first_token_seconds_sum	ray_vllm_time_to_first_token_seconds_sum	ray_vllm_time_to_first_token_seconds	histogram	Component,ReplicaId,SessionName,Version,WorkerId,engine,le,model_name	vLLM/Request Lifecycle	model_name,engine,ReplicaId,WorkerId	latency	Histogram of time to first token in seconds.	histogram sum component; same observation population as the family bucket/quantile, count, and sum components	raw histogram -> incremental -> in-flight; counted/measured object: Histogram of time to first token in seconds.	identity=model_name,engine,ReplicaId,WorkerId; remaining=Component,SessionName,Version,le retained as source metadata or intentionally aggregated by this chart; label availability follows exporter configuration; no optional label is used as instance identity unless the chart route requires it	Ray node metrics export carrying vLLM metrics; underlying vLLM feature/connector gate also applies	source-derived synthetic shape/routing proof; does not prove live enablement, values, cadence, or cardinality	chart	vLLM/Request Lifecycle / Pre-Response Concurrency [pre_response_concurrency; in-flight; incremental]	ray-project/ray @ 03491225d59a1ffde99c3628969ccf456be13efd; src/ray/stats/metric_exporter.cc plus vLLM registration path
